sym,t,dirn,day
AAVE,1784937600000,-1,07-25
SEI,1784937600000,-1,07-25
HBAR,1784939400000,-1,07-25
ETHFI,1784939400000,-1,07-25
ALGO,1784940300000,1,07-25
CC,1784940300000,-1,07-25
PENDLE,1784940300000,-1,07-25
LIT,1784943000000,-1,07-25
MON,1784943900000,-1,07-25
ENS,1784944800000,-1,07-25
ONDO,1784945700000,-1,07-25
XMR,1784947500000,1,07-25
ENS,1784947500000,-1,07-25
UNI,1784950200000,-1,07-25
MON,1784951100000,-1,07-25
UNI,1784951100000,-1,07-25
FARTCOIN,1784951100000,-1,07-25
WIF,1784952000000,1,07-25
CC,1784952000000,-1,07-25
UNI,1784955600000,-1,07-25
BLUR,1784956500000,-1,07-25
FARTCOIN,1784957400000,-1,07-25
PUMP,1784957400000,-1,07-25
MINA,1784957400000,-1,07-25
ADA,1784960100000,-1,07-25
APT,1784960100000,-1,07-25
MORPHO,1784961000000,-1,07-25
kPEPE,1784961000000,-1,07-25
ADA,1784961000000,-1,07-25
UNI,1784961000000,-1,07-25
NEAR,1784964600000,-1,07-25
MORPHO,1784964600000,1,07-25
SUI,1784964600000,-1,07-25
RENDER,1784965500000,-1,07-25
MEGA,1784965500000,-1,07-25
VVV,1784965500000,1,07-25
MINA,1784966400000,-1,07-25
FARTCOIN,1784966400000,-1,07-25
PUMP,1784966400000,-1,07-25
SUI,1784966400000,-1,07-25
PYTH,1784966400000,-1,07-25
BLUR,1784968200000,-1,07-25
LTC,1784969100000,-1,07-25
RENDER,1784969100000,-1,07-25
PYTH,1784969100000,-1,07-25
LTC,1784970000000,-1,07-25
UNI,1784970000000,-1,07-25
DOT,1784970900000,1,07-25
DOT,1784971800000,1,07-25
kSHIB,1784973600000,1,07-25
RUNE,1784973600000,1,07-25
WLFI,1784978100000,-1,07-25
SUSHI,1784979000000,-1,07-25
SKY,1784979900000,1,07-25
CC,1784984400000,1,07-25
kSHIB,1784986200000,1,07-25
AVAX,1784986200000,1,07-25
VVV,1784986200000,1,07-25
AVAX,1784987100000,1,07-25
kSHIB,1784987100000,1,07-25
kSHIB,1784988000000,1,07-25
AVAX,1784988000000,1,07-25
kSHIB,1784988900000,1,07-25
kSHIB,1784989800000,1,07-25
BERA,1784990700000,1,07-25
kSHIB,1784990700000,1,07-25
kSHIB,1784991600000,1,07-25
BERA,1784991600000,1,07-25
XRP,1784991600000,1,07-25
MON,1784991600000,-1,07-25
IMX,1784992500000,1,07-25
kSHIB,1784992500000,1,07-25
MOODENG,1784992500000,1,07-25
MOODENG,1784993400000,1,07-25
PEOPLE,1784993400000,1,07-25
kFLOKI,1784993400000,1,07-25
kSHIB,1784993400000,1,07-25
kBONK,1784993400000,1,07-25
DOGE,1784993400000,1,07-25
PEOPLE,1784994300000,1,07-25
PNUT,1784994300000,1,07-25
kSHIB,1784994300000,1,07-25
kBONK,1784995200000,1,07-25
DOGE,1784995200000,1,07-25
AVAX,1784995200000,1,07-25
AR,1784995200000,1,07-25
PEOPLE,1784995200000,1,07-25
kNEIRO,1784995200000,1,07-25
kSHIB,1784995200000,1,07-25
PENGU,1784995200000,1,07-25
WIF,1784995200000,1,07-25
kFLOKI,1784995200000,1,07-25
FET,1784995200000,1,07-25
POPCAT,1784995200000,1,07-25
BERA,1784996100000,1,07-25
AERO,1784996100000,-1,07-25
INJ,1784996100000,-1,07-25
BOME,1784996100000,1,07-25
kBONK,1784996100000,1,07-25
PEOPLE,1784997000000,1,07-25
kLUNC,1784997000000,1,07-25
DOGE,1784997000000,1,07-25
BERA,1784997000000,1,07-25
AVAX,1784997000000,1,07-25
XRP,1784997900000,1,07-25
kLUNC,1784997900000,1,07-25
kPEPE,1784997900000,1,07-25
DOGE,1784997900000,1,07-25
kPEPE,1784998800000,1,07-25
PENGU,1784998800000,1,07-25
DOGE,1784998800000,1,07-25
TRX,1784998800000,1,07-25
DOGE,1784999700000,1,07-25
TRX,1784999700000,1,07-25
WIF,1784999700000,1,07-25
PENGU,1784999700000,1,07-25
GRAM,1784999700000,1,07-25
ETH,1785000600000,1,07-25
DOGE,1785000600000,1,07-25
kSHIB,1785000600000,1,07-25
JUP,1785000600000,1,07-25
BERA,1785000600000,1,07-25
GRAM,1785000600000,1,07-25
kFLOKI,1785000600000,1,07-25
kNEIRO,1785001500000,1,07-25
BOME,1785001500000,1,07-25
WIF,1785002400000,1,07-25
PEOPLE,1785002400000,1,07-25
VVV,1785002400000,1,07-25
PENGU,1785002400000,1,07-25
GRAM,1785002400000,1,07-25
POPCAT,1785002400000,1,07-25
BOME,1785002400000,1,07-25
PEOPLE,1785003300000,1,07-25
WIF,1785003300000,1,07-25
GRAM,1785003300000,1,07-25
PAXG,1785004200000,1,07-25
FET,1785005100000,1,07-25
PNUT,1785006000000,1,07-25
PEOPLE,1785006000000,1,07-25
PEOPLE,1785007800000,1,07-25
LTC,1785007800000,1,07-25
WIF,1785008700000,1,07-25
BIO,1785011400000,-1,07-25
AVAX,1785013200000,1,07-25
FET,1785015900000,1,07-25
FIL,1785015900000,1,07-25
FIL,1785016800000,1,07-25
SEI,1785016800000,1,07-25
AVAX,1785017700000,1,07-25
PURR,1785020400000,-1,07-25
DASH,1785020400000,1,07-25
PURR,1785021300000,-1,07-25
PURR,1785022200000,-1,07-25
JTO,1785022200000,-1,07-25
JTO,1785023100000,-1,07-25
ETHFI,1785024000000,-1,07-26
CC,1785024000000,1,07-26
ETC,1785024000000,1,07-26
ETHFI,1785025800000,-1,07-26
BOME,1785025800000,1,07-26
BOME,1785026700000,1,07-26
FARTCOIN,1785026700000,1,07-26
BOME,1785028500000,1,07-26
BOME,1785029400000,1,07-26
ICP,1785029400000,1,07-26
ORDI,1785030300000,1,07-26
kSHIB,1785030300000,1,07-26
BOME,1785030300000,1,07-26
POPCAT,1785030300000,1,07-26
ETC,1785031200000,1,07-26
ORDI,1785031200000,1,07-26
WLD,1785031200000,-1,07-26
MOODENG,1785031200000,1,07-26
ORDI,1785032100000,1,07-26
kPEPE,1785032100000,1,07-26
kPEPE,1785033000000,1,07-26
BRETT,1785033000000,1,07-26
ORDI,1785033000000,1,07-26
kFLOKI,1785033000000,1,07-26
FARTCOIN,1785033900000,1,07-26
SOL,1785034800000,1,07-26
PUMP,1785034800000,1,07-26
LTC,1785034800000,1,07-26
ORDI,1785034800000,1,07-26
ZORA,1785034800000,1,07-26
BRETT,1785034800000,1,07-26
ETC,1785034800000,1,07-26
ORDI,1785035700000,1,07-26
kSHIB,1785036600000,1,07-26
BOME,1785036600000,1,07-26
FARTCOIN,1785036600000,1,07-26
MET,1785036600000,1,07-26
kPEPE,1785037500000,1,07-26
ICP,1785037500000,1,07-26
ORDI,1785039300000,1,07-26
VVV,1785039300000,1,07-26
MELANIA,1785039300000,1,07-26
MELANIA,1785040200000,1,07-26
VVV,1785040200000,1,07-26
ETH,1785040200000,1,07-26
SUI,1785040200000,1,07-26
BIO,1785040200000,-1,07-26
LINK,1785040200000,1,07-26
kPEPE,1785042000000,1,07-26
BIO,1785042000000,-1,07-26
kSHIB,1785042000000,1,07-26
PEOPLE,1785042000000,1,07-26
BOME,1785042000000,1,07-26
JTO,1785042000000,-1,07-26
POPCAT,1785042000000,1,07-26
TRUMP,1785042900000,1,07-26
ORDI,1785042900000,1,07-26
CASHCAT,1785042900000,-1,07-26
BOME,1785043800000,1,07-26
MOODENG,1785043800000,1,07-26
PEOPLE,1785043800000,1,07-26
kPEPE,1785043800000,1,07-26
POPCAT,1785043800000,1,07-26
LTC,1785043800000,1,07-26
CASHCAT,1785043800000,-1,07-26
BOME,1785044700000,1,07-26
VVV,1785044700000,1,07-26
TAO,1785044700000,1,07-26
PEOPLE,1785044700000,1,07-26
BRETT,1785045600000,1,07-26
INJ,1785045600000,-1,07-26
PAXG,1785045600000,1,07-26
INJ,1785046500000,-1,07-26
VVV,1785046500000,1,07-26
AAVE,1785047400000,1,07-26
VVV,1785047400000,1,07-26
BNB,1785048300000,1,07-26
kPEPE,1785048300000,1,07-26
MOODENG,1785048300000,1,07-26
BOME,1785049200000,1,07-26
STRK,1785049200000,1,07-26
LINEA,1785049200000,1,07-26
LTC,1785049200000,1,07-26
SPX,1785049200000,1,07-26
EIGEN,1785050100000,1,07-26
LTC,1785051900000,1,07-26
CAKE,1785052800000,1,07-26
LTC,1785052800000,1,07-26
FIL,1785055500000,1,07-26
CAKE,1785055500000,1,07-26
WLFI,1785055500000,-1,07-26
NIL,1785056400000,1,07-26
LTC,1785056400000,1,07-26
ENA,1785059100000,-1,07-26
AAVE,1785060000000,1,07-26
IMX,1785060000000,1,07-26
PAXG,1785060000000,1,07-26
AAVE,1785060900000,1,07-26
KAITO,1785060900000,1,07-26
OP,1785061800000,1,07-26
PAXG,1785061800000,1,07-26
UNI,1785061800000,1,07-26
RENDER,1785061800000,1,07-26
OP,1785062700000,1,07-26
UNI,1785063600000,1,07-26
APT,1785063600000,1,07-26
KAITO,1785063600000,1,07-26
ETHFI,1785064500000,1,07-26
KAITO,1785064500000,1,07-26
ETHFI,1785065400000,1,07-26
UNI,1785066300000,1,07-26
CC,1785066300000,1,07-26
MINA,1785066300000,1,07-26
KAITO,1785067200000,1,07-26
ETH,1785067200000,1,07-26
BTC,1785067200000,1,07-26
NIL,1785067200000,1,07-26
UNI,1785067200000,1,07-26
UNI,1785068100000,1,07-26
LINK,1785068100000,1,07-26
APT,1785068100000,1,07-26
KAITO,1785070800000,1,07-26
PENDLE,1785071700000,1,07-26
AAVE,1785072600000,1,07-26
APE,1785073500000,-1,07-26
BTC,1785074400000,1,07-26
ETH,1785074400000,1,07-26
MINA,1785075300000,1,07-26
AAVE,1785076200000,1,07-26
ETH,1785077100000,1,07-26
BNB,1785077100000,1,07-26
LDO,1785077100000,1,07-26
PURR,1785078000000,1,07-26
ETH,1785078900000,1,07-26
AAVE,1785078900000,1,07-26
PURR,1785078900000,1,07-26
LINK,1785078900000,1,07-26
ETH,1785079800000,1,07-26
LTC,1785079800000,1,07-26
LINK,1785079800000,1,07-26
UNI,1785079800000,1,07-26
SOL,1785079800000,1,07-26
PAXG,1785079800000,1,07-26
LINK,1785080700000,1,07-26
SOL,1785080700000,1,07-26
UNI,1785080700000,1,07-26
LTC,1785080700000,1,07-26
XLM,1785080700000,1,07-26
ONDO,1785080700000,1,07-26
PENDLE,1785081600000,1,07-26
ONDO,1785081600000,1,07-26
PAXG,1785081600000,1,07-26
PURR,1785082500000,1,07-26
ONDO,1785082500000,1,07-26
JUP,1785082500000,1,07-26
LINK,1785082500000,1,07-26
ETH,1785082500000,1,07-26
SUSHI,1785082500000,1,07-26
HYPE,1785082500000,1,07-26
LTC,1785083400000,1,07-26
PAXG,1785083400000,1,07-26
PUMP,1785083400000,1,07-26
BTC,1785083400000,1,07-26
PURR,1785083400000,1,07-26
ENS,1785083400000,1,07-26
HEMI,1785084300000,-1,07-26
ETC,1785084300000,1,07-26
ENS,1785085200000,1,07-26
NIL,1785085200000,1,07-26
XMR,1785086100000,-1,07-26
ONDO,1785087000000,1,07-26
BLUR,1785087000000,1,07-26
NIL,1785087900000,1,07-26
BCH,1785089700000,1,07-26
XMR,1785090600000,-1,07-26
BCH,1785091500000,1,07-26
WLD,1785094200000,1,07-26
STX,1785095100000,1,07-26
PUMP,1785096900000,1,07-26
LIT,1785097800000,1,07-26
HBAR,1785099600000,-1,07-26
PAXG,1785099600000,1,07-26
WIF,1785100500000,-1,07-26
PUMP,1785100500000,1,07-26
NIL,1785101400000,1,07-26
CRV,1785101400000,1,07-26
PUMP,1785101400000,1,07-26
ENS,1785102300000,1,07-26
WIF,1785102300000,-1,07-26
PAXG,1785102300000,1,07-26
XRP,1785103200000,1,07-26
LINK,1785103200000,1,07-26
BTC,1785103200000,1,07-26
VIRTUAL,1785103200000,1,07-26
JUP,1785103200000,1,07-26
DASH,1785103200000,1,07-26
PAXG,1785103200000,1,07-26
BNB,1785103200000,1,07-26
XLM,1785103200000,1,07-26
PENDLE,1785103200000,1,07-26
ENA,1785103200000,1,07-26
AAVE,1785103200000,1,07-26
SOL,1785103200000,1,07-26
ZEC,1785103200000,1,07-26
ETH,1785103200000,1,07-26
PUMP,1785103200000,1,07-26
DASH,1785104100000,1,07-26
MET,1785104100000,1,07-26
LTC,1785104100000,1,07-26
SOL,1785104100000,1,07-26
ENA,1785104100000,1,07-26
AAVE,1785104100000,1,07-26
XLM,1785105000000,1,07-26
JUP,1785105000000,1,07-26
SAND,1785105000000,1,07-26
PEOPLE,1785105000000,1,07-26
TIA,1785105000000,1,07-26
PUMP,1785105000000,1,07-26
BTC,1785105000000,1,07-26
ETH,1785105000000,1,07-26
SPX,1785105000000,1,07-26
XPL,1785105000000,1,07-26
LINK,1785105000000,1,07-26
AAVE,1785105000000,1,07-26
PENDLE,1785105000000,1,07-26
NEAR,1785105000000,1,07-26
SOL,1785105000000,1,07-26
ZEC,1785105900000,1,07-26
LINK,1785105900000,1,07-26
NEAR,1785105900000,1,07-26
ETH,1785105900000,1,07-26
LIT,1785105900000,1,07-26
SPX,1785105900000,1,07-26
PUMP,1785105900000,1,07-26
LIT,1785106800000,1,07-26
WLD,1785106800000,1,07-26
ETH,1785106800000,1,07-26
RUNE,1785106800000,1,07-26
GRASS,1785106800000,1,07-26
SAND,1785106800000,1,07-26
OP,1785106800000,1,07-26
ENA,1785108600000,1,07-26
ZEC,1785108600000,1,07-26
NEAR,1785108600000,1,07-26
AAVE,1785109500000,1,07-26
POL,1785109500000,1,07-26
RUNE,1785109500000,1,07-26
PAXG,1785110400000,1,07-27
XMR,1785110400000,-1,07-27
POL,1785110400000,1,07-27
PEOPLE,1785111300000,1,07-27
NIL,1785112200000,1,07-27
JTO,1785113100000,1,07-27
NIL,1785113100000,1,07-27
JTO,1785114000000,1,07-27
LIT,1785114900000,1,07-27
kLUNC,1785114900000,-1,07-27
MORPHO,1785114900000,1,07-27
LIT,1785115800000,1,07-27
NIL,1785115800000,1,07-27
JTO,1785115800000,1,07-27
JTO,1785116700000,1,07-27
PEOPLE,1785116700000,1,07-27
NIL,1785116700000,1,07-27
LIT,1785116700000,1,07-27
BOME,1785116700000,1,07-27
ONDO,1785116700000,1,07-27
JTO,1785117600000,1,07-27
NIL,1785118500000,1,07-27
TAO,1785119400000,1,07-27
SKY,1785119400000,-1,07-27
MEGA,1785120300000,1,07-27
LIT,1785122100000,1,07-27
ZRO,1785122100000,1,07-27
APE,1785123000000,1,07-27
NEAR,1785123900000,1,07-27
LIT,1785123900000,1,07-27
AERO,1785123900000,1,07-27
SEI,1785124800000,1,07-27
PURR,1785124800000,1,07-27
APE,1785127500000,1,07-27
ORDI,1785128400000,-1,07-27
APE,1785129300000,1,07-27
LINK,1785131100000,1,07-27
JTO,1785131100000,1,07-27
ZRO,1785131100000,1,07-27
APE,1785132000000,1,07-27
BTC,1785132000000,1,07-27
JUP,1785132000000,1,07-27
ADA,1785132000000,1,07-27
LDO,1785132000000,1,07-27
PENDLE,1785132000000,1,07-27
WLFI,1785132900000,-1,07-27
HEMI,1785132900000,-1,07-27
JTO,1785133800000,1,07-27
LDO,1785134700000,1,07-27
JTO,1785134700000,1,07-27
JTO,1785135600000,1,07-27
AAVE,1785135600000,1,07-27
JTO,1785136500000,1,07-27
ONDO,1785137400000,1,07-27
LDO,1785138300000,1,07-27
ZRO,1785138300000,1,07-27
DOT,1785139200000,-1,07-27
ATOM,1785139200000,-1,07-27
NIL,1785139200000,1,07-27
MOVE,1785140100000,-1,07-27
JTO,1785140100000,1,07-27
MOVE,1785141000000,-1,07-27
MINA,1785141000000,-1,07-27
HEMI,1785141000000,-1,07-27
ZRO,1785141000000,1,07-27
JTO,1785141000000,1,07-27
AVAX,1785141900000,-1,07-27
MOVE,1785141900000,-1,07-27
PYTH,1785142800000,1,07-27
kFLOKI,1785142800000,-1,07-27
ARB,1785142800000,-1,07-27
DOGE,1785142800000,-1,07-27
GALA,1785142800000,-1,07-27
MOVE,1785142800000,-1,07-27
CAKE,1785142800000,-1,07-27
AXS,1785142800000,-1,07-27
CHIP,1785143700000,-1,07-27
PENGU,1785144600000,1,07-27
FET,1785146400000,-1,07-27
HBAR,1785146400000,-1,07-27
ALGO,1785146400000,-1,07-27
NIL,1785147300000,1,07-27
TRX,1785148200000,-1,07-27
PUMP,1785148200000,1,07-27
MELANIA,1785148200000,1,07-27
CASHCAT,1785148200000,-1,07-27
CASHCAT,1785149100000,-1,07-27
ZRO,1785149100000,1,07-27
PNUT,1785150000000,-1,07-27
ATOM,1785150000000,-1,07-27
MELANIA,1785151800000,1,07-27
ALGO,1785154500000,-1,07-27
MON,1785154500000,-1,07-27
GALA,1785154500000,-1,07-27
GRASS,1785155400000,1,07-27
AERO,1785156300000,1,07-27
MEGA,1785158100000,-1,07-27
SOL,1785159000000,1,07-27
ZRO,1785159000000,1,07-27
FARTCOIN,1785159000000,1,07-27
AERO,1785159000000,1,07-27
AERO,1785159900000,1,07-27
FET,1785160800000,-1,07-27
PYTH,1785160800000,1,07-27
FET,1785161700000,-1,07-27
ORDI,1785161700000,-1,07-27
BERA,1785161700000,-1,07-27
WIF,1785161700000,-1,07-27
MOODENG,1785161700000,-1,07-27
CAKE,1785161700000,-1,07-27
IMX,1785161700000,-1,07-27
ATOM,1785161700000,-1,07-27
kLUNC,1785161700000,-1,07-27
ADA,1785161700000,-1,07-27
kFLOKI,1785161700000,-1,07-27
VVV,1785161700000,-1,07-27
PNUT,1785161700000,-1,07-27
CHIP,1785161700000,-1,07-27
SUI,1785161700000,-1,07-27
TIA,1785161700000,-1,07-27
POPCAT,1785161700000,-1,07-27
AXS,1785161700000,-1,07-27
GRAM,1785161700000,-1,07-27
TRB,1785161700000,-1,07-27
DOT,1785161700000,-1,07-27
HYPE,1785161700000,-1,07-27
RENDER,1785161700000,-1,07-27
ARB,1785161700000,-1,07-27
SAND,1785161700000,-1,07-27
ZEN,1785162600000,-1,07-27
FIL,1785162600000,-1,07-27
ARB,1785162600000,-1,07-27
FET,1785162600000,-1,07-27
kBONK,1785162600000,-1,07-27
TRB,1785162600000,-1,07-27
DOGE,1785162600000,-1,07-27
HYPE,1785162600000,-1,07-27
AVNT,1785162600000,-1,07-27
TIA,1785162600000,-1,07-27
POPCAT,1785162600000,-1,07-27
AXS,1785162600000,-1,07-27
DOT,1785162600000,-1,07-27
AVAX,1785162600000,-1,07-27
GRAM,1785162600000,-1,07-27
LINEA,1785162600000,-1,07-27
BTC,1785162600000,-1,07-27
RENDER,1785162600000,-1,07-27
SUSHI,1785162600000,-1,07-27
BNB,1785162600000,-1,07-27
LTC,1785162600000,-1,07-27
PENGU,1785162600000,-1,07-27
APT,1785162600000,-1,07-27
ZEC,1785162600000,-1,07-27
MOVE,1785162600000,-1,07-27
TAO,1785162600000,-1,07-27
TRX,1785162600000,-1,07-27
UNI,1785162600000,-1,07-27
ETC,1785162600000,-1,07-27
STRK,1785162600000,-1,07-27
JUP,1785162600000,-1,07-27
SAND,1785162600000,-1,07-27
CHIP,1785162600000,-1,07-27
POL,1785162600000,-1,07-27
MINA,1785162600000,-1,07-27
SUI,1785162600000,-1,07-27
AR,1785162600000,-1,07-27
HEMI,1785162600000,-1,07-27
MNT,1785162600000,-1,07-27
kFLOKI,1785162600000,-1,07-27
ASTER,1785162600000,-1,07-27
CAKE,1785162600000,-1,07-27
MON,1785162600000,-1,07-27
MOODENG,1785162600000,-1,07-27
kLUNC,1785162600000,-1,07-27
HBAR,1785162600000,-1,07-27
RUNE,1785162600000,-1,07-27
WIF,1785162600000,-1,07-27
DASH,1785162600000,-1,07-27
TRUMP,1785162600000,-1,07-27
ATOM,1785162600000,-1,07-27
ADA,1785162600000,-1,07-27
ALGO,1785162600000,-1,07-27
XRP,1785162600000,-1,07-27
NEAR,1785162600000,-1,07-27
IMX,1785162600000,-1,07-27
OP,1785162600000,-1,07-27
SEI,1785162600000,-1,07-27
ETHFI,1785162600000,-1,07-27
GALA,1785162600000,-1,07-27
BIO,1785162600000,-1,07-27
FARTCOIN,1785162600000,-1,07-27
XLM,1785162600000,-1,07-27
BERA,1785162600000,-1,07-27
XMR,1785162600000,-1,07-27
CC,1785163500000,-1,07-27
CHIP,1785165300000,-1,07-27
FET,1785165300000,-1,07-27
MON,1785165300000,-1,07-27
SKY,1785166200000,-1,07-27
INJ,1785166200000,-1,07-27
HBAR,1785166200000,-1,07-27
MET,1785166200000,-1,07-27
CHIP,1785166200000,-1,07-27
ZEC,1785166200000,-1,07-27
HYPE,1785167100000,-1,07-27
PENGU,1785168000000,-1,07-27
MELANIA,1785168900000,1,07-27
MELANIA,1785169800000,1,07-27
LINEA,1785173400000,1,07-27
EIGEN,1785173400000,-1,07-27
HYPE,1785175200000,-1,07-27
PURR,1785176100000,-1,07-27
NEAR,1785176100000,-1,07-27
HYPE,1785176100000,-1,07-27
TRX,1785176100000,-1,07-27
NEAR,1785177000000,-1,07-27
POL,1785177000000,-1,07-27
HYPE,1785177000000,-1,07-27
PURR,1785177000000,-1,07-27
EIGEN,1785177000000,-1,07-27
RENDER,1785177000000,-1,07-27
kFLOKI,1785177900000,-1,07-27
PURR,1785178800000,-1,07-27
FIL,1785179700000,-1,07-27
KAITO,1785182400000,1,07-27
KAITO,1785186000000,1,07-27
UNI,1785186900000,-1,07-27
ATOM,1785186900000,-1,07-27
RUNE,1785187800000,1,07-27
FIL,1785188700000,-1,07-27
FIL,1785189600000,-1,07-27
DOT,1785189600000,-1,07-27
TIA,1785189600000,-1,07-27
FET,1785189600000,-1,07-27
OP,1785189600000,-1,07-27
NEAR,1785189600000,-1,07-27
kFLOKI,1785190500000,-1,07-27
VIRTUAL,1785190500000,-1,07-27
STRK,1785191400000,-1,07-27
EIGEN,1785191400000,-1,07-27
RENDER,1785191400000,-1,07-27
AXS,1785191400000,-1,07-27
GRAM,1785191400000,-1,07-27
SKY,1785191400000,-1,07-27
POPCAT,1785191400000,-1,07-27
TIA,1785191400000,-1,07-27
VIRTUAL,1785191400000,-1,07-27
kBONK,1785191400000,-1,07-27
AVNT,1785191400000,-1,07-27
SUSHI,1785191400000,-1,07-27
kLUNC,1785191400000,-1,07-27
OP,1785191400000,-1,07-27
JUP,1785191400000,-1,07-27
ICP,1785191400000,-1,07-27
ETH,1785191400000,-1,07-27
UNI,1785191400000,-1,07-27
SUI,1785191400000,-1,07-27
FET,1785191400000,-1,07-27
ALGO,1785191400000,-1,07-27
FARTCOIN,1785191400000,-1,07-27
XRP,1785191400000,-1,07-27
kFLOKI,1785191400000,-1,07-27
DASH,1785191400000,-1,07-27
BTC,1785191400000,-1,07-27
XLM,1785191400000,-1,07-27
SEI,1785191400000,-1,07-27
BERA,1785191400000,-1,07-27
IMX,1785191400000,-1,07-27
kPEPE,1785191400000,-1,07-27
FIL,1785192300000,-1,07-27
CHIP,1785192300000,-1,07-27
EIGEN,1785192300000,-1,07-27
SUI,1785192300000,-1,07-27
ATOM,1785192300000,-1,07-27
MNT,1785192300000,-1,07-27
kBONK,1785192300000,-1,07-27
DOT,1785192300000,-1,07-27
OP,1785192300000,-1,07-27
SAND,1785192300000,-1,07-27
GRAM,1785192300000,-1,07-27
AVAX,1785192300000,-1,07-27
SOL,1785192300000,-1,07-27
BTC,1785192300000,-1,07-27
AXS,1785192300000,-1,07-27
MET,1785192300000,-1,07-27
BCH,1785192300000,-1,07-27
MEGA,1785192300000,-1,07-27
SEI,1785192300000,-1,07-27
ICP,1785192300000,-1,07-27
VIRTUAL,1785192300000,-1,07-27
TIA,1785192300000,-1,07-27
AVNT,1785192300000,-1,07-27
DOGE,1785192300000,-1,07-27
LINK,1785192300000,-1,07-27
HYPE,1785192300000,-1,07-27
ALGO,1785192300000,-1,07-27
SPX,1785192300000,-1,07-27
kLUNC,1785192300000,-1,07-27
JUP,1785192300000,-1,07-27
RENDER,1785192300000,-1,07-27
ETH,1785192300000,-1,07-27
CRV,1785192300000,-1,07-27
XPL,1785192300000,-1,07-27
TAO,1785192300000,-1,07-27
STRK,1785192300000,-1,07-27
TRX,1785192300000,-1,07-27
BRETT,1785192300000,-1,07-27
kPEPE,1785192300000,-1,07-27
BERA,1785192300000,-1,07-27
IMX,1785192300000,-1,07-27
SKY,1785192300000,-1,07-27
FARTCOIN,1785192300000,-1,07-27
ADA,1785192300000,-1,07-27
ORDI,1785192300000,-1,07-27
NEAR,1785192300000,-1,07-27
WLD,1785192300000,-1,07-27
POPCAT,1785192300000,-1,07-27
TRUMP,1785192300000,-1,07-27
DASH,1785192300000,-1,07-27
PNUT,1785192300000,-1,07-27
XLM,1785192300000,-1,07-27
WIF,1785192300000,-1,07-27
AR,1785192300000,-1,07-27
ENA,1785192300000,-1,07-27
PENDLE,1785192300000,-1,07-27
XRP,1785192300000,-1,07-27
SYRUP,1785192300000,-1,07-27
STX,1785192300000,-1,07-27
HEMI,1785192300000,-1,07-27
FET,1785192300000,-1,07-27
ASTER,1785192300000,-1,07-27
ZEN,1785193200000,-1,07-27
XLM,1785193200000,-1,07-27
BIO,1785193200000,-1,07-27
DASH,1785193200000,-1,07-27
XPL,1785193200000,-1,07-27
SUSHI,1785193200000,-1,07-27
POL,1785193200000,-1,07-27
ETH,1785193200000,-1,07-27
LTC,1785193200000,-1,07-27
MNT,1785193200000,-1,07-27
kFLOKI,1785193200000,-1,07-27
PENGU,1785193200000,-1,07-27
STRK,1785193200000,-1,07-27
TRX,1785193200000,-1,07-27
SEI,1785193200000,-1,07-27
AVAX,1785193200000,-1,07-27
GRASS,1785193200000,-1,07-27
STRK,1785194100000,-1,07-27
STRK,1785195000000,-1,07-27
TRX,1785195000000,-1,07-27
AVAX,1785195000000,-1,07-27
ENS,1785195900000,-1,07-27
kSHIB,1785196800000,-1,07-28
XMR,1785196800000,-1,07-28
TRX,1785196800000,-1,07-28
ZEN,1785196800000,-1,07-28
RENDER,1785196800000,-1,07-28
POL,1785196800000,-1,07-28
MEGA,1785196800000,-1,07-28
CAKE,1785196800000,-1,07-28
GRASS,1785196800000,-1,07-28
ORDI,1785197700000,-1,07-28
PAXG,1785197700000,-1,07-28
ENS,1785197700000,-1,07-28
RENDER,1785198600000,-1,07-28
MEGA,1785199500000,-1,07-28
DASH,1785199500000,-1,07-28
XRP,1785199500000,-1,07-28
RENDER,1785199500000,-1,07-28
VIRTUAL,1785200400000,-1,07-28
XMR,1785200400000,-1,07-28
RENDER,1785200400000,-1,07-28
BTC,1785200400000,-1,07-28
SOL,1785200400000,-1,07-28
VVV,1785200400000,-1,07-28
AVNT,1785200400000,-1,07-28
HBAR,1785200400000,-1,07-28
LINEA,1785200400000,-1,07-28
BRETT,1785200400000,-1,07-28
DOGE,1785200400000,-1,07-28
TAO,1785200400000,-1,07-28
PNUT,1785200400000,-1,07-28
ALGO,1785200400000,-1,07-28
SAND,1785200400000,-1,07-28
DASH,1785200400000,-1,07-28
LINK,1785200400000,-1,07-28
IMX,1785200400000,-1,07-28
NEAR,1785200400000,-1,07-28
ZEN,1785200400000,-1,07-28
BERA,1785200400000,-1,07-28
BIO,1785200400000,-1,07-28
kSHIB,1785200400000,-1,07-28
BNB,1785200400000,-1,07-28
FET,1785200400000,-1,07-28
PAXG,1785201300000,-1,07-28
MEGA,1785201300000,-1,07-28
VVV,1785202200000,-1,07-28
TRX,1785202200000,-1,07-28
ALGO,1785202200000,-1,07-28
GRASS,1785203100000,-1,07-28
LINEA,1785203100000,-1,07-28
DASH,1785203100000,-1,07-28
MOVE,1785204000000,-1,07-28
PYTH,1785213000000,-1,07-28
ZEC,1785216600000,-1,07-28
HYPE,1785218400000,-1,07-28
TRUMP,1785218400000,-1,07-28
ZORA,1785218400000,-1,07-28
BOME,1785222000000,1,07-28
INJ,1785224700000,-1,07-28
PENDLE,1785226500000,-1,07-28
kSHIB,1785226500000,-1,07-28
PURR,1785235500000,-1,07-28
PURR,1785236400000,-1,07-28
ZEC,1785236400000,-1,07-28
APT,1785236400000,-1,07-28
XMR,1785238200000,-1,07-28
JTO,1785239100000,-1,07-28
KAITO,1785240900000,-1,07-28
PURR,1785243600000,-1,07-28
FET,1785244500000,-1,07-28
ORDI,1785245400000,-1,07-28
XLM,1785245400000,-1,07-28
NEAR,1785245400000,-1,07-28
BERA,1785245400000,-1,07-28
IMX,1785245400000,-1,07-28
FET,1785245400000,-1,07-28
AR,1785245400000,-1,07-28
ASTER,1785245400000,-1,07-28
XMR,1785245400000,-1,07-28
PNUT,1785245400000,-1,07-28
PENGU,1785245400000,-1,07-28
kSHIB,1785245400000,-1,07-28
STRK,1785245400000,-1,07-28
GRAM,1785245400000,-1,07-28
ZRO,1785245400000,-1,07-28
TRB,1785245400000,-1,07-28
ETC,1785245400000,-1,07-28
ZEC,1785245400000,-1,07-28
SOL,1785245400000,-1,07-28
BTC,1785245400000,-1,07-28
APT,1785245400000,-1,07-28
HBAR,1785245400000,-1,07-28
MOODENG,1785245400000,-1,07-28
MNT,1785245400000,-1,07-28
EIGEN,1785245400000,-1,07-28
WLD,1785245400000,-1,07-28
PENDLE,1785245400000,-1,07-28
VIRTUAL,1785245400000,-1,07-28
LINK,1785245400000,-1,07-28
ENS,1785245400000,-1,07-28
SAND,1785245400000,-1,07-28
CC,1785246300000,-1,07-28
BCH,1785246300000,-1,07-28
NEAR,1785246300000,-1,07-28
LDO,1785250800000,-1,07-28
JUP,1785250800000,1,07-28
XPL,1785251700000,1,07-28
JUP,1785251700000,1,07-28
VVV,1785252600000,1,07-28
MORPHO,1785253500000,1,07-28
LIT,1785253500000,1,07-28
AAVE,1785254400000,1,07-28
LIT,1785254400000,1,07-28
kBONK,1785254400000,1,07-28
LIT,1785255300000,1,07-28
SPX,1785255300000,1,07-28
XPL,1785255300000,1,07-28
AAVE,1785256200000,1,07-28
CRV,1785257100000,1,07-28
LIT,1785257100000,1,07-28
MORPHO,1785257100000,1,07-28
INJ,1785259800000,-1,07-28
POL,1785261600000,-1,07-28
TAO,1785268800000,1,07-28
CASHCAT,1785277800000,1,07-28
JTO,1785278700000,-1,07-28
ORDI,1785278700000,-1,07-28
HMSTR,1785278700000,-1,07-28
WLD,1785278700000,-1,07-28
ZRO,1785279600000,-1,07-28
BIO,1785279600000,-1,07-28
CASHCAT,1785280500000,1,07-28
CASHCAT,1785281400000,1,07-28
FIL,1785283200000,1,07-29
XLM,1785283200000,1,07-29
LINK,1785283200000,1,07-29
PYTH,1785283200000,-1,07-29
ZORA,1785284100000,-1,07-29
TAO,1785285900000,1,07-29
SKY,1785286800000,1,07-29
WLD,1785286800000,-1,07-29
CAKE,1785286800000,1,07-29
POL,1785287700000,-1,07-29
POL,1785288600000,-1,07-29
ATOM,1785289500000,-1,07-29
EIGEN,1785289500000,-1,07-29
STRK,1785289500000,-1,07-29
PURR,1785289500000,-1,07-29
ADA,1785292200000,1,07-29
BRETT,1785294900000,-1,07-29
SAND,1785294900000,-1,07-29
TIA,1785294900000,-1,07-29
WLD,1785294900000,-1,07-29
IMX,1785295800000,-1,07-29
LTC,1785295800000,-1,07-29
MINA,1785295800000,-1,07-29
APT,1785295800000,-1,07-29
ENA,1785295800000,-1,07-29
ZRO,1785295800000,-1,07-29
LDO,1785295800000,-1,07-29
AR,1785295800000,-1,07-29
PNUT,1785295800000,-1,07-29
kPEPE,1785295800000,-1,07-29
ETHFI,1785295800000,-1,07-29
NEAR,1785295800000,-1,07-29
WLD,1785295800000,-1,07-29
GRAM,1785295800000,-1,07-29
WIF,1785295800000,-1,07-29
FET,1785295800000,-1,07-29
LINEA,1785295800000,-1,07-29
STRK,1785295800000,-1,07-29
BRETT,1785295800000,-1,07-29
TIA,1785295800000,-1,07-29
NEAR,1785296700000,-1,07-29
TRUMP,1785296700000,-1,07-29
WLFI,1785296700000,-1,07-29
kPEPE,1785296700000,-1,07-29
ENA,1785296700000,-1,07-29
AR,1785296700000,-1,07-29
MELANIA,1785296700000,-1,07-29
LTC,1785296700000,-1,07-29
RENDER,1785296700000,-1,07-29
PNUT,1785296700000,-1,07-29
WLD,1785296700000,-1,07-29
IMX,1785296700000,-1,07-29
TRB,1785296700000,-1,07-29
GRASS,1785296700000,-1,07-29
TIA,1785296700000,-1,07-29
BERA,1785296700000,-1,07-29
ENA,1785297600000,-1,07-29
AVAX,1785297600000,-1,07-29
NEAR,1785297600000,-1,07-29
LINEA,1785297600000,-1,07-29
PURR,1785297600000,-1,07-29
AERO,1785297600000,-1,07-29
XMR,1785297600000,1,07-29
PUMP,1785297600000,-1,07-29
FIL,1785297600000,-1,07-29
GRAM,1785297600000,-1,07-29
AXS,1785297600000,-1,07-29
TRB,1785297600000,-1,07-29
SYRUP,1785297600000,-1,07-29
APT,1785297600000,-1,07-29
AR,1785297600000,-1,07-29
WIF,1785297600000,-1,07-29
ATOM,1785297600000,-1,07-29
ASTER,1785297600000,-1,07-29
MOVE,1785297600000,-1,07-29
STRK,1785297600000,-1,07-29
ENS,1785297600000,-1,07-29
FARTCOIN,1785297600000,-1,07-29
IMX,1785297600000,-1,07-29
kFLOKI,1785297600000,-1,07-29
ALGO,1785297600000,-1,07-29
ZRO,1785297600000,-1,07-29
GRAM,1785298500000,-1,07-29
INJ,1785298500000,-1,07-29
MEGA,1785298500000,-1,07-29
BRETT,1785299400000,-1,07-29
DASH,1785300300000,-1,07-29
XMR,1785308400000,1,07-29
HEMI,1785309300000,1,07-29
CHIP,1785310200000,1,07-29
FET,1785312000000,-1,07-29
NEAR,1785312900000,-1,07-29
SKY,1785312900000,1,07-29
JUP,1785316500000,1,07-29
CC,1785316500000,1,07-29
UNI,1785316500000,1,07-29
TRB,1785318300000,1,07-29
JUP,1785319200000,1,07-29
UNI,1785320100000,1,07-29
PEOPLE,1785321900000,-1,07-29
EIGEN,1785322800000,-1,07-29
UNI,1785323700000,1,07-29
UNI,1785324600000,1,07-29
EIGEN,1785324600000,-1,07-29
kSHIB,1785326400000,1,07-29
MOVE,1785327300000,-1,07-29
UNI,1785331800000,1,07-29
IMX,1785332700000,-1,07-29
APT,1785333600000,-1,07-29
XMR,1785333600000,1,07-29
PEOPLE,1785335400000,-1,07-29
WLFI,1785335400000,1,07-29
OP,1785335400000,-1,07-29
ZORA,1785338100000,-1,07-29
MNT,1785338100000,-1,07-29
ICP,1785339900000,-1,07-29
STRK,1785340800000,-1,07-29
ENA,1785340800000,-1,07-29
BERA,1785340800000,-1,07-29
IMX,1785340800000,-1,07-29
KAITO,1785340800000,1,07-29
XPL,1785340800000,-1,07-29
KAITO,1785341700000,1,07-29
ALGO,1785342600000,-1,07-29
FIL,1785342600000,-1,07-29
ENA,1785342600000,-1,07-29
FIL,1785343500000,-1,07-29
KAITO,1785343500000,1,07-29
ALGO,1785344400000,-1,07-29
MORPHO,1785348000000,-1,07-29
PAXG,1785348000000,1,07-29
DOT,1785348000000,1,07-29
PAXG,1785350700000,1,07-29
HMSTR,1785351600000,-1,07-29
HYPE,1785352500000,-1,07-29
VVV,1785352500000,-1,07-29
BRETT,1785352500000,-1,07-29
PENGU,1785353400000,-1,07-29
XLM,1785353400000,-1,07-29
BRETT,1785353400000,-1,07-29
LDO,1785353400000,-1,07-29
HYPE,1785353400000,-1,07-29
BCH,1785353400000,-1,07-29
ALGO,1785353400000,-1,07-29
ENA,1785354300000,-1,07-29
BRETT,1785354300000,-1,07-29
WIF,1785354300000,-1,07-29
RUNE,1785354300000,-1,07-29
MORPHO,1785354300000,-1,07-29
PENDLE,1785354300000,-1,07-29
DOGE,1785354300000,-1,07-29
BCH,1785354300000,-1,07-29
PENGU,1785354300000,-1,07-29
TIA,1785354300000,-1,07-29
CRV,1785354300000,-1,07-29
HEMI,1785355200000,-1,07-29
MINA,1785355200000,-1,07-29
FIL,1785355200000,-1,07-29
ZEN,1785355200000,-1,07-29
XLM,1785355200000,-1,07-29
STRK,1785355200000,-1,07-29
HMSTR,1785355200000,-1,07-29
CRV,1785355200000,-1,07-29
BCH,1785355200000,-1,07-29
PYTH,1785355200000,-1,07-29
AVNT,1785355200000,-1,07-29
IMX,1785355200000,-1,07-29
LINK,1785355200000,-1,07-29
TRB,1785356100000,-1,07-29
BRETT,1785356100000,-1,07-29
SKY,1785356100000,-1,07-29
EIGEN,1785356100000,-1,07-29
PENDLE,1785356100000,-1,07-29
MINA,1785356100000,-1,07-29
ENA,1785356100000,-1,07-29
kLUNC,1785356100000,-1,07-29
CRV,1785356100000,-1,07-29
RENDER,1785356100000,-1,07-29
MOODENG,1785356100000,-1,07-29
STRK,1785356100000,-1,07-29
kPEPE,1785356100000,-1,07-29
AXS,1785356100000,-1,07-29
AR,1785356100000,-1,07-29
SAND,1785356100000,-1,07-29
DOGE,1785356100000,-1,07-29
GRASS,1785356100000,-1,07-29
PUMP,1785356100000,-1,07-29
kNEIRO,1785356100000,-1,07-29
ICP,1785356100000,-1,07-29
STRK,1785357900000,-1,07-29
GRASS,1785357900000,-1,07-29
LIT,1785357900000,-1,07-29
LINEA,1785357900000,-1,07-29
POPCAT,1785357900000,-1,07-29
SKY,1785357900000,-1,07-29
VVV,1785358800000,-1,07-29
DASH,1785360600000,-1,07-29
WLFI,1785369600000,1,07-30
STRK,1785371400000,-1,07-30
STRK,1785372300000,-1,07-30
ARB,1785375000000,1,07-30
CAKE,1785376800000,1,07-30
RUNE,1785381300000,1,07-30
SYRUP,1785384000000,-1,07-30
INJ,1785389400000,1,07-30
JTO,1785391200000,-1,07-30
STRK,1785391200000,-1,07-30
AERO,1785397500000,1,07-30
FET,1785399300000,1,07-30
ETC,1785401100000,1,07-30
ETC,1785405600000,1,07-30
BNB,1785405600000,1,07-30
BNB,1785407400000,1,07-30
JTO,1785407400000,-1,07-30
CAKE,1785407400000,1,07-30
CAKE,1785408300000,1,07-30
BNB,1785409200000,1,07-30
UNI,1785410100000,1,07-30
KAITO,1785410100000,-1,07-30
BOME,1785410100000,1,07-30
HYPE,1785411000000,-1,07-30
VIRTUAL,1785411900000,1,07-30
LINK,1785412800000,1,07-30
SUSHI,1785412800000,1,07-30
STRK,1785413700000,-1,07-30
JTO,1785414600000,-1,07-30
UNI,1785415500000,1,07-30
LDO,1785416400000,1,07-30
UNI,1785416400000,1,07-30
BOME,1785416400000,1,07-30
LINK,1785419100000,1,07-30
ENA,1785419100000,1,07-30
BCH,1785419100000,1,07-30
MOODENG,1785419100000,1,07-30
BOME,1785419100000,1,07-30
UNI,1785419100000,1,07-30
ADA,1785421800000,1,07-30
CAKE,1785421800000,1,07-30
ADA,1785422700000,1,07-30
ADA,1785423600000,1,07-30
MET,1785423600000,-1,07-30
HEMI,1785424500000,1,07-30
SUI,1785425400000,1,07-30
FIL,1785426300000,1,07-30
CAKE,1785427200000,1,07-30
STRK,1785427200000,-1,07-30
LDO,1785427200000,1,07-30
ACE,1785427200000,-1,07-30
SEI,1785427200000,1,07-30
UNI,1785427200000,1,07-30
BNB,1785427200000,1,07-30
UNI,1785428100000,1,07-30
CAKE,1785429900000,1,07-30
UNI,1785429900000,1,07-30
APE,1785431700000,-1,07-30
FIL,1785431700000,1,07-30
TIA,1785432600000,1,07-30
SUI,1785433500000,1,07-30
CRV,1785435300000,1,07-30
STX,1785437100000,1,07-30
TIA,1785438000000,1,07-30
TIA,1785438900000,1,07-30
EIGEN,1785438900000,1,07-30
PENGU,1785438900000,1,07-30
PURR,1785439800000,1,07-30
ACE,1785439800000,-1,07-30
PENGU,1785439800000,1,07-30
PENGU,1785440700000,1,07-30
PENGU,1785441600000,1,07-30
ZEN,1785441600000,1,07-30
APE,1785444300000,-1,07-30
PENGU,1785444300000,1,07-30
POPCAT,1785447000000,1,07-30
PURR,1785447000000,1,07-30
INJ,1785447900000,1,07-30
kFLOKI,1785448800000,1,07-30
PURR,1785449700000,1,07-30
INJ,1785449700000,1,07-30
INJ,1785450600000,1,07-30
HBAR,1785451500000,1,07-30
HBAR,1785452400000,1,07-30
INJ,1785453300000,1,07-30
POPCAT,1785456000000,1,07-31
STX,1785456000000,1,07-31
PURR,1785456000000,1,07-31
ALGO,1785456000000,1,07-31
LIT,1785456000000,1,07-31
INJ,1785456000000,1,07-31
INJ,1785456900000,1,07-31
kSHIB,1785457800000,1,07-31
INJ,1785457800000,1,07-31
kSHIB,1785458700000,1,07-31
kPEPE,1785459600000,1,07-31
SOL,1785459600000,1,07-31
TAO,1785459600000,1,07-31
BTC,1785459600000,1,07-31
MOODENG,1785459600000,1,07-31
AR,1785459600000,1,07-31
AAVE,1785460500000,1,07-31
PURR,1785460500000,1,07-31
VVV,1785460500000,1,07-31
SKY,1785461400000,1,07-31
ZRO,1785462300000,-1,07-31
ETC,1785463200000,-1,07-31
ZEC,1785464100000,-1,07-31
ETC,1785465000000,-1,07-31
SKY,1785465000000,1,07-31
ZEC,1785465000000,-1,07-31
APE,1785465000000,-1,07-31
AVAX,1785465900000,-1,07-31
MOVE,1785465900000,-1,07-31
APE,1785465900000,-1,07-31
ZRO,1785465900000,-1,07-31
ETC,1785466800000,-1,07-31
APE,1785466800000,-1,07-31
APE,1785467700000,-1,07-31
ATOM,1785468600000,-1,07-31
ATOM,1785470400000,-1,07-31
OP,1785472200000,-1,07-31
kBONK,1785473100000,-1,07-31
HEMI,1785478500000,1,07-31
ZRO,1785479400000,-1,07-31
ZRO,1785480300000,-1,07-31
ARB,1785480300000,-1,07-31
kLUNC,1785481200000,-1,07-31
SAND,1785481200000,1,07-31
ZRO,1785481200000,-1,07-31
APT,1785481200000,-1,07-31
kBONK,1785481200000,-1,07-31
WIF,1785481200000,-1,07-31
MNT,1785482100000,-1,07-31
LINK,1785482100000,-1,07-31
SPX,1785482100000,-1,07-31
SAND,1785482100000,1,07-31
XLM,1785482100000,-1,07-31
AXS,1785483000000,1,07-31
SAND,1785483000000,1,07-31
LIT,1785484800000,-1,07-31
WLFI,1785484800000,-1,07-31
kNEIRO,1785484800000,1,07-31
kNEIRO,1785485700000,1,07-31
MINA,1785488400000,-1,07-31
SEI,1785488400000,-1,07-31
ZRO,1785489300000,-1,07-31
BLUR,1785489300000,-1,07-31
BCH,1785489300000,-1,07-31
RENDER,1785489300000,-1,07-31
DOGE,1785490200000,-1,07-31
OP,1785491100000,-1,07-31
TRX,1785491100000,-1,07-31
kLUNC,1785492000000,-1,07-31
TRX,1785492000000,-1,07-31
IMX,1785492000000,-1,07-31
SYRUP,1785493800000,1,07-31
NIL,1785494700000,-1,07-31
NIL,1785495600000,-1,07-31
NIL,1785496500000,-1,07-31
VVV,1785496500000,-1,07-31
OP,1785497400000,-1,07-31
OP,1785499200000,-1,07-31
AAVE,1785499200000,-1,07-31
XLM,1785499200000,-1,07-31
FARTCOIN,1785499200000,-1,07-31
RUNE,1785500100000,-1,07-31
VVV,1785501900000,-1,07-31
BTC,1785504600000,-1,07-31
XRP,1785504600000,-1,07-31
MELANIA,1785505500000,-1,07-31
BTC,1785505500000,-1,07-31
kLUNC,1785505500000,-1,07-31
TAO,1785505500000,-1,07-31
AERO,1785505500000,-1,07-31
ASTER,1785505500000,-1,07-31
AVAX,1785505500000,-1,07-31
LINK,1785505500000,-1,07-31
XRP,1785505500000,-1,07-31
ETH,1785505500000,-1,07-31
LINK,1785506400000,-1,07-31
MNT,1785506400000,-1,07-31
DOT,1785506400000,-1,07-31
LDO,1785506400000,-1,07-31
RENDER,1785506400000,-1,07-31
kLUNC,1785506400000,-1,07-31
BTC,1785506400000,-1,07-31
SKY,1785506400000,-1,07-31
LIT,1785506400000,-1,07-31
ORDI,1785506400000,1,07-31
ORDI,1785507300000,1,07-31
ORDI,1785508200000,1,07-31
PUMP,1785509100000,1,07-31
ACE,1785510000000,1,07-31
ENA,1785510000000,-1,07-31
MINA,1785511800000,-1,07-31
CHIP,1785512700000,1,07-31
HMSTR,1785512700000,1,07-31
LDO,1785512700000,-1,07-31
PEOPLE,1785513600000,1,07-31
POPCAT,1785513600000,1,07-31
LDO,1785513600000,-1,07-31
PURR,1785514500000,-1,07-31
PURR,1785515400000,-1,07-31
PUMP,1785515400000,1,07-31
HYPE,1785515400000,-1,07-31
PURR,1785516300000,-1,07-31
HYPE,1785516300000,-1,07-31
MET,1785516300000,1,07-31
CC,1785516300000,-1,07-31
HEMI,1785516300000,1,07-31
ORDI,1785518100000,1,07-31
NEAR,1785518100000,1,07-31
ETHFI,1785518100000,1,07-31
CHIP,1785518100000,1,07-31
MOODENG,1785519000000,1,07-31
ETHFI,1785519000000,1,07-31
ORDI,1785519000000,1,07-31
ETHFI,1785519900000,1,07-31
PURR,1785522600000,-1,07-31
NIL,1785524400000,-1,07-31
MOVE,1785526200000,-1,07-31
HYPE,1785526200000,-1,07-31
ORDI,1785527100000,1,07-31
PURR,1785528000000,-1,07-31
ORDI,1785528000000,1,07-31
HYPE,1785528000000,-1,07-31
SKY,1785528900000,-1,07-31
ONDO,1785530700000,-1,07-31
VIRTUAL,1785530700000,-1,07-31
SPX,1785530700000,-1,07-31
AAVE,1785531600000,-1,07-31
TRUMP,1785531600000,-1,07-31
VIRTUAL,1785534300000,-1,07-31
SOL,1785534300000,-1,07-31
ONDO,1785534300000,-1,07-31
MON,1785535200000,-1,07-31
LTC,1785536100000,-1,07-31
LTC,1785537900000,-1,07-31
PEOPLE,1785539700000,-1,07-31
DASH,1785542400000,1,08-01
GALA,1785544200000,1,08-01
APE,1785544200000,1,08-01
kNEIRO,1785544200000,1,08-01
ORDI,1785544200000,1,08-01
AAVE,1785545100000,-1,08-01
ORDI,1785545100000,1,08-01
HBAR,1785545100000,1,08-01
kSHIB,1785545100000,1,08-01
MOODENG,1785546000000,1,08-01
ZORA,1785547800000,1,08-01
LDO,1785547800000,-1,08-01
ZORA,1785548700000,1,08-01
ALGO,1785549600000,1,08-01
kSHIB,1785556800000,1,08-01
ZEN,1785556800000,1,08-01
ZRO,1785557700000,1,08-01
PUMP,1785559500000,1,08-01
BRETT,1785562200000,1,08-01
HYPE,1785562200000,-1,08-01
TIA,1785566700000,1,08-01
DASH,1785567600000,1,08-01
MEGA,1785569400000,1,08-01
CAKE,1785573000000,-1,08-01
FIL,1785573900000,1,08-01
CAKE,1785573900000,-1,08-01
TIA,1785574800000,1,08-01
SKY,1785574800000,-1,08-01
CAKE,1785574800000,-1,08-01
ZEN,1785575700000,1,08-01
NIL,1785577500000,-1,08-01
CAKE,1785578400000,-1,08-01
TRX,1785578400000,1,08-01
AERO,1785578400000,-1,08-01
AAVE,1785578400000,-1,08-01
TRX,1785579300000,1,08-01
CAKE,1785579300000,-1,08-01
POL,1785585600000,1,08-01
AR,1785586500000,1,08-01
AERO,1785586500000,-1,08-01
AERO,1785587400000,-1,08-01
ADA,1785588300000,1,08-01
TRX,1785589200000,1,08-01
POL,1785589200000,1,08-01
ADA,1785589200000,1,08-01
RUNE,1785592800000,1,08-01
JUP,1785592800000,-1,08-01
DOT,1785595500000,1,08-01
KAITO,1785595500000,1,08-01
ZEC,1785595500000,1,08-01
BOME,1785597300000,-1,08-01
kSHIB,1785598200000,1,08-01
LDO,1785599100000,-1,08-01
LDO,1785600000000,-1,08-01
CRV,1785600900000,-1,08-01
CRV,1785601800000,-1,08-01
ZEC,1785601800000,1,08-01
LDO,1785602700000,-1,08-01
CRV,1785602700000,-1,08-01
LTC,1785602700000,-1,08-01
STRK,1785602700000,-1,08-01
POPCAT,1785602700000,-1,08-01
POPCAT,1785603600000,-1,08-01
FET,1785603600000,-1,08-01
LDO,1785603600000,-1,08-01
KAITO,1785603600000,1,08-01
WIF,1785603600000,-1,08-01
AERO,1785604500000,-1,08-01
KAITO,1785604500000,1,08-01
BTC,1785604500000,-1,08-01
LINK,1785604500000,-1,08-01
WIF,1785604500000,-1,08-01
SOL,1785604500000,-1,08-01
JUP,1785604500000,-1,08-01
KAITO,1785605400000,1,08-01
LINEA,1785605400000,-1,08-01
AVAX,1785605400000,-1,08-01
SOL,1785605400000,-1,08-01
OP,1785606300000,-1,08-01
PYTH,1785606300000,-1,08-01
ICP,1785606300000,-1,08-01
FIL,1785606300000,-1,08-01
ETC,1785607200000,-1,08-01
LDO,1785607200000,-1,08-01
FIL,1785607200000,-1,08-01
CHIP,1785608100000,-1,08-01
BTC,1785608100000,-1,08-01
LINK,1785608100000,-1,08-01
SOL,1785608100000,-1,08-01
ETC,1785608100000,-1,08-01
AXS,1785608100000,-1,08-01
ZRO,1785608100000,-1,08-01
BIO,1785608100000,-1,08-01
BLUR,1785608100000,-1,08-01
SEI,1785608100000,-1,08-01
ETH,1785608100000,-1,08-01
AVAX,1785608100000,-1,08-01
LDO,1785608100000,-1,08-01
LINEA,1785608100000,-1,08-01
AERO,1785608100000,-1,08-01
OP,1785608100000,-1,08-01
SUI,1785608100000,-1,08-01
CC,1785608100000,-1,08-01
XLM,1785609000000,-1,08-01
STX,1785609000000,-1,08-01
kLUNC,1785609000000,-1,08-01
AERO,1785609000000,-1,08-01
XPL,1785609000000,-1,08-01
BNB,1785609000000,-1,08-01
JTO,1785609000000,-1,08-01
TRB,1785609000000,-1,08-01
TAO,1785609000000,-1,08-01
SUI,1785609000000,-1,08-01
PENGU,1785609000000,-1,08-01
PENDLE,1785609000000,-1,08-01
EIGEN,1785609000000,-1,08-01
LDO,1785609000000,-1,08-01
LINEA,1785609000000,-1,08-01
BOME,1785609000000,-1,08-01
SOL,1785609000000,-1,08-01
CHIP,1785609000000,-1,08-01
ETHFI,1785609000000,-1,08-01
BTC,1785609000000,-1,08-01
SAND,1785609000000,-1,08-01
BLUR,1785609000000,-1,08-01
XRP,1785609000000,-1,08-01
ETH,1785609000000,-1,08-01
AVAX,1785609000000,-1,08-01
LINK,1785609000000,-1,08-01
JUP,1785609000000,-1,08-01
POPCAT,1785609000000,-1,08-01
GALA,1785609000000,-1,08-01
RENDER,1785609000000,-1,08-01
OP,1785609000000,-1,08-01
FIL,1785609000000,-1,08-01
GRAM,1785609000000,-1,08-01
APT,1785609000000,-1,08-01
AXS,1785609000000,-1,08-01
PAXG,1785609000000,-1,08-01
ETC,1785609000000,-1,08-01
ENS,1785609000000,-1,08-01
NIL,1785609000000,-1,08-01
FET,1785609000000,-1,08-01
MINA,1785609000000,-1,08-01
kFLOKI,1785609000000,-1,08-01
ONDO,1785609000000,-1,08-01
AAVE,1785609000000,-1,08-01
VIRTUAL,1785609000000,-1,08-01
STRK,1785609000000,-1,08-01
CAKE,1785609000000,-1,08-01
AVNT,1785609000000,-1,08-01
AR,1785609000000,-1,08-01
SPX,1785609000000,-1,08-01
BCH,1785609000000,-1,08-01
LTC,1785609000000,-1,08-01
ZRO,1785609000000,-1,08-01
ICP,1785609000000,-1,08-01
MELANIA,1785609000000,-1,08-01
DOGE,1785609000000,-1,08-01
WIF,1785609000000,-1,08-01
ENA,1785609000000,-1,08-01
APE,1785609000000,-1,08-01
BIO,1785609000000,-1,08-01
kBONK,1785609000000,-1,08-01
SEI,1785609000000,-1,08-01
AVAX,1785609900000,-1,08-01
ETHFI,1785609900000,-1,08-01
ETC,1785609900000,-1,08-01
DOGE,1785609900000,-1,08-01
CRV,1785610800000,-1,08-01
CRV,1785611700000,-1,08-01
STRK,1785611700000,-1,08-01
AERO,1785616200000,-1,08-01
ICP,1785616200000,-1,08-01
ARB,1785620700000,1,08-01
WIF,1785627000000,-1,08-01
WLFI,1785628800000,1,08-02
PAXG,1785629700000,1,08-02
STRK,1785629700000,-1,08-02
MET,1785630600000,-1,08-02
PAXG,1785630600000,1,08-02
MET,1785631500000,-1,08-02
DOT,1785632400000,1,08-02
NEAR,1785632400000,1,08-02
kPEPE,1785632400000,1,08-02
DOT,1785633300000,1,08-02
PUMP,1785635100000,1,08-02
kPEPE,1785635100000,1,08-02
ADA,1785636000000,1,08-02
EIGEN,1785636000000,1,08-02
kPEPE,1785636000000,1,08-02
TRUMP,1785636000000,1,08-02
BTC,1785636000000,1,08-02
SOL,1785636000000,1,08-02
PAXG,1785636000000,1,08-02
APT,1785636000000,1,08-02
DOT,1785636000000,1,08-02
ENA,1785636000000,1,08-02
VIRTUAL,1785636000000,1,08-02
ATOM,1785636900000,1,08-02
XLM,1785636900000,1,08-02
LIT,1785636900000,1,08-02
LINK,1785636900000,1,08-02
ENA,1785637800000,1,08-02
XLM,1785638700000,1,08-02
CASHCAT,1785641400000,-1,08-02
kPEPE,1785641400000,1,08-02
ENA,1785641400000,1,08-02
ENA,1785642300000,1,08-02
NEAR,1785643200000,1,08-02
ADA,1785643200000,1,08-02
ARB,1785643200000,1,08-02
ENA,1785643200000,1,08-02
ENA,1785644100000,1,08-02
SOL,1785644100000,1,08-02
ADA,1785644100000,1,08-02
XLM,1785644100000,1,08-02
WLD,1785644100000,1,08-02
PAXG,1785644100000,1,08-02
kBONK,1785645000000,1,08-02
ENA,1785645000000,1,08-02
MET,1785645000000,-1,08-02
EIGEN,1785645900000,1,08-02
JUP,1785645900000,1,08-02
SUSHI,1785645900000,1,08-02
AVAX,1785645900000,1,08-02
XLM,1785647700000,1,08-02
AVAX,1785647700000,1,08-02
ARB,1785647700000,1,08-02
ARB,1785648600000,1,08-02
PEOPLE,1785648600000,1,08-02
WLD,1785648600000,1,08-02
kPEPE,1785648600000,1,08-02
NEAR,1785648600000,1,08-02
ADA,1785648600000,1,08-02
TRUMP,1785648600000,1,08-02
kPEPE,1785649500000,1,08-02
PEOPLE,1785649500000,1,08-02
EIGEN,1785649500000,1,08-02
VIRTUAL,1785651300000,1,08-02
PEOPLE,1785651300000,1,08-02
AERO,1785653100000,-1,08-02
LIT,1785654000000,1,08-02
VIRTUAL,1785654000000,1,08-02
VIRTUAL,1785654900000,1,08-02
JTO,1785656700000,-1,08-02
BOME,1785656700000,1,08-02
AERO,1785656700000,-1,08-02
MOODENG,1785656700000,1,08-02
AERO,1785657600000,-1,08-02
RUNE,1785657600000,1,08-02
AERO,1785658500000,-1,08-02
AERO,1785659400000,-1,08-02
AERO,1785660300000,-1,08-02
POPCAT,1785663900000,1,08-02
BOME,1785664800000,1,08-02
HYPE,1785665700000,-1,08-02
PURR,1785665700000,-1,08-02
JTO,1785666600000,-1,08-02
NIL,1785666600000,1,08-02
SUSHI,1785667500000,1,08-02
ZEN,1785671100000,1,08-02
ADA,1785672000000,1,08-02
PENGU,1785672900000,1,08-02
MET,1785672900000,-1,08-02
IMX,1785673800000,1,08-02
ALGO,1785673800000,1,08-02
FIL,1785673800000,1,08-02
SAND,1785675600000,1,08-02
ADA,1785675600000,1,08-02
ALGO,1785676500000,1,08-02
ALGO,1785677400000,1,08-02
NIL,1785677400000,1,08-02
KAITO,1785679200000,-1,08-02
PEOPLE,1785680100000,1,08-02
PAXG,1785681900000,1,08-02
SAND,1785682800000,1,08-02
HEMI,1785683700000,1,08-02
KAITO,1785683700000,-1,08-02
GRAM,1785684600000,1,08-02
ALGO,1785685500000,1,08-02
BRETT,1785685500000,-1,08-02
STX,1785686400000,1,08-02
ALGO,1785686400000,1,08-02
ALGO,1785689100000,1,08-02
PAXG,1785689100000,1,08-02
MNT,1785689100000,1,08-02
ALGO,1785690000000,1,08-02
PAXG,1785691800000,1,08-02
kLUNC,1785691800000,1,08-02
PURR,1785692700000,1,08-02
PAXG,1785692700000,1,08-02
INJ,1785695400000,1,08-02
kLUNC,1785695400000,1,08-02
AAVE,1785695400000,1,08-02
kLUNC,1785696300000,1,08-02
ORDI,1785696300000,-1,08-02
INJ,1785699000000,1,08-02
ZEC,1785699000000,1,08-02
INJ,1785699900000,1,08-02
ZEC,1785699900000,1,08-02
PURR,1785699900000,1,08-02
SPX,1785701700000,1,08-02
PURR,1785702600000,1,08-02
CAKE,1785704400000,1,08-02
GRAM,1785704400000,1,08-02
MNT,1785705300000,1,08-02
SOL,1785706200000,1,08-02
ETH,1785706200000,1,08-02
BTC,1785706200000,1,08-02
ENS,1785708000000,1,08-02
XRP,1785708000000,1,08-02
CASHCAT,1785708900000,1,08-02
STRK,1785708900000,1,08-02
OP,1785708900000,1,08-02
STRK,1785709800000,1,08-02
STRK,1785710700000,1,08-02
STRK,1785711600000,1,08-02
ALGO,1785713400000,1,08-02
TRB,1785715200000,-1,08-03
MEGA,1785715200000,-1,08-03
TRX,1785715200000,-1,08-03
AVNT,1785715200000,-1,08-03
ONDO,1785715200000,-1,08-03
TAO,1785718800000,-1,08-03
MELANIA,1785719700000,-1,08-03
TAO,1785720600000,-1,08-03
LIT,1785721500000,-1,08-03
kSHIB,1785722400000,-1,08-03
STX,1785722400000,-1,08-03
ONDO,1785722400000,-1,08-03
SKY,1785722400000,-1,08-03
FARTCOIN,1785723300000,-1,08-03
LIT,1785723300000,-1,08-03
LIT,1785725100000,-1,08-03
ZORA,1785725100000,-1,08-03
AXS,1785725100000,-1,08-03
BIO,1785725100000,-1,08-03
HEMI,1785726000000,-1,08-03
PENDLE,1785726000000,-1,08-03
RENDER,1785726900000,-1,08-03
HEMI,1785726900000,-1,08-03
RUNE,1785726900000,-1,08-03
CHIP,1785728700000,-1,08-03
BERA,1785728700000,-1,08-03
AXS,1785728700000,-1,08-03
MINA,1785728700000,-1,08-03
DOGE,1785728700000,-1,08-03
LTC,1785728700000,-1,08-03
XLM,1785728700000,-1,08-03
MET,1785728700000,-1,08-03
WLFI,1785729600000,-1,08-03
CC,1785731400000,-1,08-03
WLFI,1785732300000,-1,08-03
CHIP,1785734100000,-1,08-03
HMSTR,1785734100000,1,08-03
HMSTR,1785735000000,1,08-03
RUNE,1785735000000,-1,08-03
MORPHO,1785736800000,-1,08-03
kPEPE,1785737700000,-1,08-03
kSHIB,1785737700000,-1,08-03
ETH,1785738600000,-1,08-03
MON,1785738600000,-1,08-03
JUP,1785738600000,-1,08-03
SOL,1785738600000,-1,08-03
ORDI,1785738600000,-1,08-03
MEGA,1785738600000,-1,08-03
BCH,1785738600000,-1,08-03
XLM,1785738600000,-1,08-03
DOGE,1785738600000,-1,08-03
CC,1785738600000,-1,08-03
ONDO,1785739500000,-1,08-03
WLD,1785739500000,-1,08-03
DOGE,1785739500000,-1,08-03
TAO,1785740400000,-1,08-03
JUP,1785740400000,-1,08-03
WLD,1785740400000,-1,08-03
DOGE,1785740400000,-1,08-03
GRASS,1785741300000,-1,08-03
ACE,1785741300000,1,08-03
UNI,1785742200000,-1,08-03
ACE,1785742200000,1,08-03
LTC,1785743100000,-1,08-03
XLM,1785744000000,-1,08-03
MON,1785744000000,-1,08-03
AVNT,1785744000000,-1,08-03
RENDER,1785744000000,-1,08-03
FIL,1785744900000,-1,08-03
AERO,1785744900000,-1,08-03
SOL,1785744900000,-1,08-03
HBAR,1785744900000,-1,08-03
APE,1785744900000,-1,08-03
kBONK,1785744900000,-1,08-03
SUI,1785744900000,-1,08-03
SKY,1785744900000,-1,08-03
ETC,1785744900000,-1,08-03
BERA,1785744900000,-1,08-03
BLUR,1785744900000,-1,08-03
GRAM,1785744900000,-1,08-03
BIO,1785744900000,-1,08-03
PENGU,1785744900000,-1,08-03
HBAR,1785745800000,-1,08-03
BLUR,1785749400000,-1,08-03
DOT,1785750300000,1,08-03
AR,1785751200000,1,08-03
ENA,1785751200000,1,08-03
CHIP,1785752100000,-1,08-03
CASHCAT,1785752100000,1,08-03
ETHFI,1785753000000,-1,08-03
kBONK,1785753000000,-1,08-03
MORPHO,1785753900000,-1,08-03
MON,1785754800000,-1,08-03
ETHFI,1785755700000,-1,08-03
WLFI,1785755700000,-1,08-03
MON,1785757500000,-1,08-03
DOT,1785758400000,1,08-03
DOT,1785759300000,1,08-03
DOT,1785760200000,1,08-03
DOT,1785761100000,1,08-03
DOT,1785762000000,1,08-03
DOT,1785762900000,1,08-03
TRUMP,1785762900000,1,08-03
DOT,1785763800000,1,08-03
ADA,1785764700000,1,08-03
FIL,1785764700000,1,08-03
NEAR,1785764700000,1,08-03
SUI,1785764700000,1,08-03
TIA,1785764700000,1,08-03
LIT,1785764700000,1,08-03
ATOM,1785764700000,1,08-03
DOT,1785764700000,1,08-03
SEI,1785764700000,1,08-03
ENA,1785764700000,1,08-03
ENA,1785765600000,1,08-03
NEAR,1785765600000,1,08-03
SPX,1785766500000,1,08-03
BERA,1785766500000,1,08-03
SPX,1785767400000,1,08-03
HYPE,1785767400000,1,08-03
POPCAT,1785767400000,1,08-03
ATOM,1785768300000,1,08-03
BTC,1785768300000,1,08-03
AAVE,1785768300000,1,08-03
HYPE,1785768300000,1,08-03
ATOM,1785769200000,1,08-03
BNB,1785769200000,1,08-03
ATOM,1785770100000,1,08-03
TRUMP,1785770100000,1,08-03
BNB,1785770100000,1,08-03
WLD,1785770100000,1,08-03
MEGA,1785771000000,1,08-03
ALGO,1785771000000,1,08-03
BNB,1785771000000,1,08-03
UNI,1785771000000,-1,08-03
PURR,1785771900000,1,08-03
ATOM,1785771900000,1,08-03
TIA,1785772800000,1,08-03
TRUMP,1785772800000,1,08-03
HBAR,1785772800000,1,08-03
APT,1785772800000,1,08-03
MON,1785773700000,1,08-03
ICP,1785774600000,1,08-03
MON,1785775500000,1,08-03
CC,1785775500000,-1,08-03
ICP,1785775500000,1,08-03
AR,1785776400000,1,08-03
PURR,1785776400000,1,08-03
VVV,1785777300000,1,08-03
VVV,1785778200000,1,08-03
CASHCAT,1785779100000,1,08-03
ATOM,1785779100000,1,08-03
MON,1785779100000,1,08-03
AR,1785780000000,1,08-03
BCH,1785780000000,1,08-03
MINA,1785780000000,1,08-03
APT,1785780000000,1,08-03
FARTCOIN,1785780900000,1,08-03
PUMP,1785780900000,1,08-03
CASHCAT,1785780900000,1,08-03
ALGO,1785781800000,1,08-03
VVV,1785782700000,1,08-03
VVV,1785783600000,1,08-03
ATOM,1785784500000,1,08-03
JTO,1785788100000,1,08-03
ZRO,1785792600000,1,08-03
BERA,1785792600000,1,08-03
BLUR,1785799800000,-1,08-03
OP,1785801600000,1,08-04
AVAX,1785801600000,1,08-04
ARB,1785801600000,1,08-04
WLD,1785802500000,1,08-04
MOODENG,1785803400000,1,08-04
ASTER,1785803400000,1,08-04
GRAM,1785804300000,-1,08-04
POL,1785805200000,-1,08-04
MOODENG,1785807000000,1,08-04
DOT,1785807000000,1,08-04
AVAX,1785807000000,1,08-04
ARB,1785807900000,1,08-04
WLD,1785807900000,1,08-04
POPCAT,1785807900000,1,08-04
AERO,1785808800000,1,08-04
ARB,1785808800000,1,08-04
OP,1785809700000,1,08-04
DOT,1785810600000,1,08-04
FARTCOIN,1785811500000,1,08-04
SPX,1785812400000,-1,08-04
ADA,1785814200000,1,08-04
JTO,1785815100000,1,08-04
UNI,1785815100000,-1,08-04
BOME,1785816000000,-1,08-04
MOVE,1785816900000,1,08-04
HEMI,1785817800000,1,08-04
CRV,1785818700000,1,08-04
CASHCAT,1785823200000,1,08-04
CC,1785825000000,-1,08-04
CC,1785825900000,-1,08-04
CC,1785826800000,-1,08-04
kLUNC,1785828600000,1,08-04
PURR,1785828600000,1,08-04
POL,1785829500000,1,08-04
kLUNC,1785829500000,1,08-04
POL,1785830400000,1,08-04
ASTER,1785832200000,1,08-04
LDO,1785833100000,-1,08-04
TRX,1785833100000,1,08-04
PURR,1785833100000,1,08-04
ETHFI,1785834000000,-1,08-04
CAKE,1785834900000,-1,08-04
MET,1785834900000,1,08-04
GRASS,1785834900000,-1,08-04
RENDER,1785838500000,-1,08-04
XLM,1785838500000,-1,08-04
LDO,1785838500000,-1,08-04
ETHFI,1785839400000,-1,08-04
LDO,1785840300000,-1,08-04
ZRO,1785843000000,1,08-04
PAXG,1785843900000,1,08-04
ACE,1785845700000,1,08-04
MNT,1785846600000,1,08-04
ETH,1785846600000,1,08-04
IMX,1785846600000,-1,08-04
LDO,1785846600000,-1,08-04
MELANIA,1785846600000,-1,08-04
LDO,1785847500000,-1,08-04
POL,1785847500000,1,08-04
kBONK,1785847500000,-1,08-04
GALA,1785851100000,-1,08-04
KAITO,1785851100000,-1,08-04
FIL,1785851100000,-1,08-04
SEI,1785851100000,-1,08-04
PYTH,1785851100000,-1,08-04
RENDER,1785851100000,-1,08-04
JUP,1785851100000,-1,08-04
CRV,1785851100000,-1,08-04
kBONK,1785852000000,-1,08-04
RENDER,1785852000000,-1,08-04
SEI,1785852000000,-1,08-04
VIRTUAL,1785852000000,-1,08-04
STX,1785852000000,-1,08-04
JUP,1785852000000,-1,08-04
LDO,1785852900000,-1,08-04
XMR,1785852900000,-1,08-04
kLUNC,1785852900000,-1,08-04
BIO,1785852900000,-1,08-04
ORDI,1785852900000,-1,08-04
ETHFI,1785852900000,-1,08-04
LDO,1785853800000,-1,08-04
BNB,1785853800000,1,08-04
MORPHO,1785853800000,-1,08-04
MORPHO,1785854700000,-1,08-04
ETHFI,1785855600000,-1,08-04
AAVE,1785856500000,-1,08-04
ICP,1785856500000,-1,08-04
GRASS,1785856500000,-1,08-04
PENDLE,1785856500000,-1,08-04
RENDER,1785856500000,-1,08-04
TRX,1785858300000,-1,08-04
ZEC,1785858300000,1,08-04
BRETT,1785860100000,1,08-04
WLD,1785861900000,-1,08-04
LTC,1785862800000,1,08-04
PAXG,1785862800000,1,08-04
TAO,1785863700000,1,08-04
ZORA,1785864600000,1,08-04
TAO,1785866400000,1,08-04
ZEC,1785867300000,1,08-04
TAO,1785867300000,1,08-04
PUMP,1785867300000,1,08-04
ZEC,1785868200000,1,08-04
BIO,1785869100000,1,08-04
BIO,1785870000000,1,08-04
TAO,1785870000000,1,08-04
CHIP,1785870000000,1,08-04
XPL,1785871800000,1,08-04
BRETT,1785871800000,1,08-04
FARTCOIN,1785871800000,1,08-04
PUMP,1785871800000,1,08-04
BIO,1785872700000,1,08-04
XMR,1785872700000,-1,08-04
XMR,1785873600000,-1,08-04
PUMP,1785873600000,1,08-04
VVV,1785874500000,-1,08-04
APE,1785875400000,-1,08-04
MOODENG,1785875400000,1,08-04
STRK,1785875400000,1,08-04
SOL,1785875400000,1,08-04
ONDO,1785875400000,1,08-04
BIO,1785875400000,1,08-04
LTC,1785875400000,1,08-04
PUMP,1785875400000,1,08-04
STRK,1785876300000,1,08-04
PUMP,1785876300000,1,08-04
DOT,1785877200000,1,08-04
DOT,1785879900000,1,08-04
XMR,1785880800000,-1,08-04
DOT,1785881700000,1,08-04
DOT,1785882600000,1,08-04
ZEC,1785883500000,1,08-04
LTC,1785884400000,1,08-04
CASHCAT,1785884400000,1,08-04
CASHCAT,1785885300000,1,08-04
VVV,1785885300000,-1,08-04
ETHFI,1785888000000,-1,08-05
VVV,1785888000000,-1,08-05
WLFI,1785888000000,1,08-05
XLM,1785888000000,-1,08-05
INJ,1785888000000,-1,08-05
ORDI,1785888000000,-1,08-05
PENGU,1785888000000,-1,08-05
VIRTUAL,1785888900000,-1,08-05
CASHCAT,1785888900000,1,08-05
XLM,1785889800000,-1,08-05
VIRTUAL,1785889800000,-1,08-05
CASHCAT,1785889800000,1,08-05
STX,1785890700000,-1,08-05
MOODENG,1785891600000,1,08-05
RENDER,1785891600000,-1,08-05
BIO,1785892500000,1,08-05
ZORA,1785893400000,1,08-05
MOODENG,1785893400000,1,08-05
BNB,1785894300000,1,08-05
ZORA,1785894300000,1,08-05
AXS,1785894300000,1,08-05
ZEC,1785895200000,1,08-05
PENDLE,1785895200000,1,08-05
MORPHO,1785896100000,-1,08-05
AXS,1785896100000,1,08-05
PAXG,1785897000000,1,08-05
ONDO,1785897000000,1,08-05
BIO,1785897900000,1,08-05
TIA,1785897900000,1,08-05
PAXG,1785897900000,1,08-05
PAXG,1785898800000,1,08-05
NEAR,1785899700000,-1,08-05
AXS,1785899700000,1,08-05
ENA,1785899700000,-1,08-05
BIO,1785900600000,1,08-05
BCH,1785901500000,-1,08-05
ZORA,1785902400000,1,08-05
BIO,1785903300000,1,08-05
BRETT,1785903300000,1,08-05
BIO,1785904200000,1,08-05
HEMI,1785905100000,1,08-05
MOODENG,1785906000000,1,08-05
AERO,1785907800000,1,08-05
ONDO,1785907800000,1,08-05
BIO,1785907800000,1,08-05
XPL,1785907800000,1,08-05
PURR,1785907800000,1,08-05
AVNT,1785908700000,1,08-05
PENDLE,1785910500000,1,08-05
VVV,1785910500000,-1,08-05
AERO,1785911400000,1,08-05
SKY,1785911400000,1,08-05
ETC,1785915000000,-1,08-05
WLFI,1785916800000,-1,08-05
AVNT,1785916800000,1,08-05
PURR,1785917700000,1,08-05
TIA,1785917700000,1,08-05
ASTER,1785920400000,-1,08-05
ADA,1785923100000,1,08-05
CAKE,1785923100000,-1,08-05
CASHCAT,1785927600000,1,08-05
VVV,1785928500000,-1,08-05
VVV,1785929400000,-1,08-05
PAXG,1785931200000,1,08-05
APT,1785931200000,1,08-05
ONDO,1785932100000,1,08-05
GRASS,1785932100000,1,08-05
ETH,1785932100000,1,08-05
PAXG,1785932100000,1,08-05
WLFI,1785933900000,-1,08-05
HMSTR,1785934800000,1,08-05
APE,1785934800000,1,08-05
WLFI,1785934800000,-1,08-05
WLFI,1785935700000,-1,08-05
STX,1785936600000,-1,08-05
XRP,1785936600000,-1,08-05
WLD,1785936600000,-1,08-05
AVAX,1785936600000,-1,08-05
ALGO,1785936600000,-1,08-05
OP,1785936600000,-1,08-05
POPCAT,1785936600000,-1,08-05
SUI,1785936600000,-1,08-05
PAXG,1785938400000,1,08-05
INJ,1785938400000,1,08-05
CC,1785939300000,-1,08-05
HMSTR,1785940200000,1,08-05
ETHFI,1785941100000,1,08-05
AXS,1785941100000,1,08-05
UNI,1785942000000,1,08-05
MORPHO,1785942900000,1,08-05
PURR,1785943800000,1,08-05
ATOM,1785943800000,-1,08-05
CC,1785943800000,-1,08-05
HMSTR,1785943800000,1,08-05
HBAR,1785944700000,-1,08-05
ADA,1785944700000,-1,08-05
SYRUP,1785945600000,1,08-05
ETH,1785946500000,1,08-05
HMSTR,1785946500000,1,08-05
SYRUP,1785948300000,1,08-05
ZORA,1785948300000,-1,08-05
HMSTR,1785948300000,1,08-05
GRAM,1785950100000,1,08-05
FIL,1785951000000,1,08-05
GRAM,1785951000000,1,08-05
LTC,1785951000000,1,08-05
CC,1785953700000,-1,08-05
FET,1785955500000,-1,08-05
BCH,1785955500000,1,08-05
BCH,1785956400000,1,08-05
PENDLE,1785958200000,1,08-05
kNEIRO,1785958200000,1,08-05
XPL,1785959100000,-1,08-05
BCH,1785960000000,1,08-05
GRAM,1785960000000,1,08-05
GRAM,1785960900000,1,08-05
CC,1785960900000,-1,08-05
HMSTR,1785960900000,1,08-05
VIRTUAL,1785961800000,1,08-05
HEMI,1785961800000,1,08-05
FET,1785963600000,-1,08-05
XPL,1785963600000,-1,08-05
RENDER,1785964500000,-1,08-05
XPL,1785965400000,-1,08-05
RENDER,1785966300000,-1,08-05
XMR,1785966300000,1,08-05
BNB,1785969900000,-1,08-05
CASHCAT,1785969900000,1,08-05
XLM,1785970800000,-1,08-05
PENGU,1785971700000,1,08-05
kNEIRO,1785971700000,1,08-05
JTO,1785974400000,1,08-06
XLM,1785974400000,-1,08-06
BOME,1785974400000,1,08-06
AXS,1785974400000,1,08-06
LIT,1785975300000,1,08-06
SPX,1785975300000,1,08-06
PENGU,1785975300000,1,08-06
BOME,1785975300000,1,08-06
BOME,1785976200000,1,08-06
POPCAT,1785976200000,1,08-06
FET,1785978900000,-1,08-06
ONDO,1785978900000,-1,08-06
kSHIB,1785979800000,-1,08-06
FET,1785979800000,-1,08-06
INJ,1785979800000,-1,08-06
ARB,1785980700000,-1,08-06
XLM,1785980700000,-1,08-06
MEGA,1785980700000,-1,08-06
SEI,1785981600000,-1,08-06
XLM,1785981600000,-1,08-06
APT,1785981600000,1,08-06
kLUNC,1785981600000,-1,08-06
XRP,1785981600000,-1,08-06
XRP,1785982500000,-1,08-06
SEI,1785982500000,-1,08-06
PUMP,1785982500000,-1,08-06
TIA,1785982500000,-1,08-06
HBAR,1785982500000,-1,08-06
CHIP,1785982500000,-1,08-06
MELANIA,1785983400000,-1,08-06
HMSTR,1785983400000,1,08-06
CHIP,1785983400000,-1,08-06
XPL,1785985200000,-1,08-06
INJ,1785985200000,-1,08-06
PUMP,1785985200000,-1,08-06
WLD,1785985200000,-1,08-06
ADA,1785987000000,-1,08-06
INJ,1785987900000,-1,08-06
TRUMP,1785987900000,-1,08-06
ORDI,1785988800000,-1,08-06
kPEPE,1785988800000,-1,08-06
CRV,1785992400000,1,08-06
BLUR,1785993300000,1,08-06
RUNE,1785993300000,1,08-06
SUSHI,1785995100000,1,08-06
SUSHI,1785996000000,1,08-06
DOT,1785996000000,-1,08-06
TRB,1785996900000,1,08-06
TRB,1785997800000,1,08-06
CRV,1785998700000,1,08-06
TRB,1785998700000,1,08-06
TRB,1785999600000,1,08-06
JTO,1785999600000,-1,08-06
SUSHI,1786000500000,1,08-06
BLUR,1786003200000,1,08-06
JUP,1786003200000,-1,08-06
BLUR,1786004100000,1,08-06
JTO,1786005000000,-1,08-06
ETHFI,1786005000000,-1,08-06
CC,1786005000000,-1,08-06
VIRTUAL,1786005000000,1,08-06
PYTH,1786005000000,1,08-06
VIRTUAL,1786005900000,1,08-06
NEAR,1786006800000,-1,08-06
XLM,1786006800000,-1,08-06
INJ,1786006800000,-1,08-06
JUP,1786006800000,-1,08-06
MOVE,1786006800000,1,08-06
ONDO,1786006800000,-1,08-06
FARTCOIN,1786006800000,-1,08-06
DASH,1786006800000,-1,08-06
FIL,1786006800000,-1,08-06
kSHIB,1786006800000,-1,08-06
EIGEN,1786006800000,-1,08-06
POPCAT,1786006800000,-1,08-06
ARB,1786006800000,-1,08-06
kSHIB,1786007700000,-1,08-06
WLD,1786007700000,-1,08-06
INJ,1786007700000,-1,08-06
FARTCOIN,1786007700000,-1,08-06
EIGEN,1786007700000,-1,08-06
SUI,1786008600000,-1,08-06
TAO,1786008600000,-1,08-06
DOGE,1786008600000,-1,08-06
WLD,1786008600000,-1,08-06
kBONK,1786008600000,-1,08-06
GRAM,1786008600000,-1,08-06
CAKE,1786009500000,-1,08-06
TIA,1786009500000,-1,08-06
AVAX,1786009500000,-1,08-06
WLD,1786009500000,-1,08-06
FIL,1786010400000,-1,08-06
AR,1786010400000,-1,08-06
ONDO,1786010400000,-1,08-06
TIA,1786010400000,-1,08-06
ETC,1786010400000,-1,08-06
SUI,1786010400000,-1,08-06
CAKE,1786010400000,-1,08-06
kLUNC,1786010400000,-1,08-06
AVAX,1786010400000,-1,08-06
FET,1786012200000,-1,08-06
ZRO,1786013100000,1,08-06
ZEC,1786013100000,-1,08-06
ASTER,1786013100000,-1,08-06
WIF,1786013100000,-1,08-06
ZEC,1786014000000,-1,08-06
ZEN,1786014000000,-1,08-06
ASTER,1786014000000,-1,08-06
ASTER,1786014900000,-1,08-06
ASTER,1786015800000,-1,08-06
SYRUP,1786015800000,-1,08-06
MELANIA,1786015800000,1,08-06
FET,1786017600000,-1,08-06
SYRUP,1786017600000,-1,08-06
NIL,1786017600000,1,08-06
ZRO,1786017600000,1,08-06
STRK,1786019400000,1,08-06
EIGEN,1786020300000,-1,08-06
OP,1786021200000,-1,08-06
kBONK,1786021200000,-1,08-06
FET,1786021200000,-1,08-06
kLUNC,1786021200000,-1,08-06
PURR,1786021200000,-1,08-06
TAO,1786021200000,-1,08-06
DOGE,1786021200000,-1,08-06
TAO,1786022100000,-1,08-06
ZRO,1786022100000,1,08-06
ACE,1786023000000,1,08-06
BRETT,1786023000000,1,08-06
NIL,1786023000000,1,08-06
LTC,1786023000000,1,08-06
ADA,1786023900000,1,08-06
STRK,1786023900000,1,08-06
ACE,1786023900000,1,08-06
ADA,1786025700000,1,08-06
ACE,1786025700000,1,08-06
ADA,1786026600000,1,08-06
CRV,1786026600000,1,08-06
AERO,1786026600000,1,08-06
ZRO,1786026600000,1,08-06
AERO,1786027500000,1,08-06
ACE,1786027500000,1,08-06
ACE,1786028400000,1,08-06
LTC,1786028400000,1,08-06
AERO,1786028400000,1,08-06
ACE,1786029300000,1,08-06
ADA,1786029300000,1,08-06
ADA,1786030200000,1,08-06
AERO,1786030200000,1,08-06
ACE,1786030200000,1,08-06
ATOM,1786030200000,1,08-06
AERO,1786031100000,1,08-06
ACE,1786031100000,1,08-06
FET,1786031100000,-1,08-06
ATOM,1786031100000,1,08-06
ACE,1786032000000,1,08-06
JTO,1786032000000,-1,08-06
NEAR,1786032000000,-1,08-06
HEMI,1786032000000,1,08-06
JTO,1786032900000,-1,08-06
kFLOKI,1786033800000,1,08-06
FIL,1786033800000,1,08-06
CRV,1786033800000,1,08-06
CRV,1786034700000,1,08-06
TRUMP,1786034700000,1,08-06
kFLOKI,1786034700000,1,08-06
LDO,1786037400000,-1,08-06
CC,1786039200000,-1,08-06
STX,1786039200000,-1,08-06
WLD,1786041000000,-1,08-06
CC,1786041000000,-1,08-06
STX,1786041000000,-1,08-06
WLFI,1786041000000,-1,08-06
XRP,1786041000000,-1,08-06
CAKE,1786041000000,-1,08-06
JTO,1786041900000,-1,08-06
SYRUP,1786041900000,-1,08-06
CAKE,1786041900000,-1,08-06
SKY,1786041900000,-1,08-06
EIGEN,1786042800000,-1,08-06
BNB,1786043700000,-1,08-06
CHIP,1786043700000,1,08-06
PEOPLE,1786043700000,1,08-06
CC,1786044600000,-1,08-06
MON,1786044600000,-1,08-06
ETHFI,1786044600000,-1,08-06
JTO,1786045500000,-1,08-06
ETHFI,1786045500000,-1,08-06
kFLOKI,1786046400000,1,08-06
CC,1786046400000,-1,08-06
PEOPLE,1786046400000,1,08-06
kFLOKI,1786047300000,1,08-06
XMR,1786048200000,1,08-06
SKY,1786048200000,-1,08-06
AVNT,1786048200000,1,08-06
PEOPLE,1786049100000,1,08-06
ONDO,1786049100000,-1,08-06
CC,1786050900000,-1,08-06
DASH,1786051800000,1,08-06
APE,1786051800000,1,08-06
XMR,1786051800000,1,08-06
TIA,1786051800000,1,08-06
TIA,1786052700000,1,08-06
GALA,1786052700000,1,08-06
ONDO,1786055400000,-1,08-06
MET,1786057200000,-1,08-06
SKY,1786057200000,-1,08-06
LIT,1786057200000,1,08-06
RUNE,1786058100000,-1,08-06
MET,1786058100000,-1,08-06
SOL,1786058100000,-1,08-06
CHIP,1786059000000,1,08-06
LIT,1786059900000,1,08-06
ONDO,1786060800000,-1,08-07
LIT,1786060800000,1,08-07
MET,1786060800000,-1,08-07
INJ,1786060800000,-1,08-07
SKY,1786060800000,-1,08-07
SKY,1786061700000,-1,08-07
ONDO,1786061700000,-1,08-07
GRAM,1786061700000,-1,08-07
AAVE,1786064400000,1,08-07
INJ,1786067100000,-1,08-07
MINA,1786068000000,1,08-07
MET,1786068900000,-1,08-07
kBONK,1786069800000,1,08-07
XRP,1786069800000,-1,08-07
kBONK,1786070700000,1,08-07
GRAM,1786072500000,-1,08-07
ZORA,1786072500000,-1,08-07
ONDO,1786073400000,-1,08-07
XRP,1786073400000,-1,08-07
GRAM,1786073400000,-1,08-07
MOVE,1786074300000,-1,08-07
BLUR,1786074300000,-1,08-07
XRP,1786074300000,-1,08-07
MOVE,1786075200000,-1,08-07
ZORA,1786075200000,-1,08-07
kSHIB,1786075200000,-1,08-07
INJ,1786075200000,-1,08-07
ICP,1786075200000,-1,08-07
CC,1786075200000,-1,08-07
NEAR,1786075200000,-1,08-07
INJ,1786076100000,-1,08-07
NEAR,1786077000000,-1,08-07
POPCAT,1786077000000,-1,08-07
MOODENG,1786077900000,-1,08-07
BNB,1786077900000,-1,08-07
BNB,1786079700000,-1,08-07
ONDO,1786079700000,-1,08-07
XRP,1786079700000,-1,08-07
EIGEN,1786080600000,-1,08-07
XPL,1786080600000,1,08-07
VIRTUAL,1786080600000,-1,08-07
ONDO,1786080600000,-1,08-07
WLD,1786080600000,-1,08-07
SAND,1786082400000,1,08-07
OP,1786084200000,1,08-07
MET,1786084200000,1,08-07
kBONK,1786086000000,-1,08-07
MORPHO,1786087800000,-1,08-07
POL,1786089600000,1,08-07
ENA,1786091400000,1,08-07
BCH,1786091400000,1,08-07
PURR,1786091400000,1,08-07
PAXG,1786091400000,1,08-07
ENA,1786092300000,1,08-07
MOVE,1786093200000,-1,08-07
PUMP,1786093200000,-1,08-07
kPEPE,1786095000000,1,08-07
SUSHI,1786095000000,-1,08-07
MNT,1786096800000,1,08-07
BOME,1786097700000,1,08-07
MNT,1786097700000,1,08-07
kBONK,1786098600000,-1,08-07
ENA,1786098600000,1,08-07
kBONK,1786099500000,-1,08-07
ETHFI,1786099500000,1,08-07
SKY,1786099500000,-1,08-07
ETHFI,1786100400000,1,08-07
DOGE,1786101300000,1,08-07
RUNE,1786101300000,1,08-07
BTC,1786101300000,1,08-07
HEMI,1786102200000,1,08-07
BCH,1786104000000,1,08-07
SOL,1786104000000,1,08-07
ETH,1786104000000,1,08-07
PENDLE,1786104000000,1,08-07
RUNE,1786104000000,1,08-07
kPEPE,1786104000000,1,08-07
ETHFI,1786104000000,1,08-07
SPX,1786104900000,1,08-07
CAKE,1786105800000,1,08-07
RUNE,1786105800000,1,08-07
MOVE,1786105800000,-1,08-07
PAXG,1786105800000,1,08-07
STRK,1786105800000,-1,08-07
kBONK,1786107600000,-1,08-07
ORDI,1786111200000,-1,08-07
WLFI,1786111200000,-1,08-07
DOT,1786111200000,-1,08-07
SEI,1786113900000,-1,08-07
GALA,1786113900000,-1,08-07
RENDER,1786113900000,-1,08-07
ATOM,1786113900000,-1,08-07
SUI,1786113900000,-1,08-07
FARTCOIN,1786113900000,-1,08-07
TRB,1786113900000,-1,08-07
PYTH,1786113900000,-1,08-07
WIF,1786113900000,-1,08-07
MORPHO,1786114800000,-1,08-07
NEAR,1786115700000,-1,08-07
NIL,1786116600000,1,08-07
LTC,1786116600000,1,08-07
ICP,1786116600000,1,08-07
EIGEN,1786121100000,-1,08-07
KAITO,1786121100000,-1,08-07
HYPE,1786122000000,-1,08-07
FIL,1786122000000,-1,08-07
HBAR,1786122000000,-1,08-07
PYTH,1786122000000,-1,08-07
STRK,1786122000000,-1,08-07
SYRUP,1786122000000,-1,08-07
PURR,1786122000000,-1,08-07
MEGA,1786122000000,-1,08-07
APT,1786122000000,-1,08-07
MORPHO,1786122000000,-1,08-07
PURR,1786122900000,-1,08-07
KAITO,1786122900000,-1,08-07
HYPE,1786122900000,-1,08-07
ETHFI,1786122900000,1,08-07
KAITO,1786123800000,-1,08-07
HBAR,1786123800000,-1,08-07
HBAR,1786124700000,-1,08-07
NEAR,1786127400000,-1,08-07
NIL,1786127400000,1,08-07
CRV,1786128300000,-1,08-07
NIL,1786128300000,1,08-07
BIO,1786130100000,1,08-07
BIO,1786131000000,1,08-07
PENDLE,1786131900000,1,08-07
HMSTR,1786133700000,1,08-07
EIGEN,1786135500000,-1,08-07
TAO,1786135500000,1,08-07
XMR,1786135500000,1,08-07
STX,1786136400000,1,08-07
KAITO,1786137300000,-1,08-07
PURR,1786138200000,-1,08-07
HMSTR,1786138200000,1,08-07
KAITO,1786139100000,-1,08-07
FARTCOIN,1786139100000,-1,08-07
ARB,1786140000000,1,08-07
AVNT,1786140900000,1,08-07
SYRUP,1786140900000,-1,08-07
VVV,1786141800000,-1,08-07
STRK,1786141800000,-1,08-07
HMSTR,1786142700000,1,08-07
APT,1786147200000,-1,08-08
SYRUP,1786147200000,-1,08-08
XMR,1786148100000,1,08-08
SYRUP,1786148100000,-1,08-08
MOODENG,1786149000000,-1,08-08
AVAX,1786152600000,1,08-08
ATOM,1786152600000,1,08-08
PENGU,1786152600000,1,08-08
SUI,1786152600000,1,08-08
FET,1786153500000,1,08-08
ZRO,1786156200000,1,08-08
DASH,1786156200000,-1,08-08
ALGO,1786157100000,-1,08-08
TAO,1786158900000,1,08-08
KAITO,1786159800000,-1,08-08
XLM,1786159800000,1,08-08
SOL,1786160700000,1,08-08
ENS,1786160700000,1,08-08
ENS,1786161600000,1,08-08
WIF,1786161600000,1,08-08
SUI,1786161600000,1,08-08
KAITO,1786162500000,-1,08-08
ENS,1786163400000,1,08-08
AVNT,1786163400000,1,08-08
ENS,1786164300000,1,08-08
CRV,1786164300000,1,08-08
WIF,1786165200000,1,08-08
ATOM,1786166100000,1,08-08
APE,1786166100000,-1,08-08
VVV,1786166100000,-1,08-08
CRV,1786166100000,1,08-08
BOME,1786167000000,1,08-08
WIF,1786167000000,1,08-08
PENGU,1786167000000,1,08-08
BOME,1786167900000,1,08-08
PENGU,1786168800000,1,08-08
MOODENG,1786169700000,1,08-08
kSHIB,1786172400000,1,08-08
KAITO,1786173300000,-1,08-08
KAITO,1786174200000,-1,08-08
ONDO,1786175100000,1,08-08
ORDI,1786176000000,1,08-08
BOME,1786176000000,1,08-08
CAKE,1786176900000,1,08-08
MOODENG,1786177800000,1,08-08
ETC,1786177800000,1,08-08
VIRTUAL,1786177800000,1,08-08
APT,1786177800000,1,08-08
SUI,1786177800000,1,08-08
SUI,1786178700000,1,08-08
MNT,1786178700000,1,08-08
DOGE,1786178700000,1,08-08
APT,1786178700000,1,08-08
VIRTUAL,1786178700000,1,08-08
STX,1786179600000,1,08-08
SEI,1786180500000,1,08-08
ORDI,1786180500000,1,08-08
APT,1786180500000,1,08-08
MORPHO,1786182300000,1,08-08
FIL,1786182300000,1,08-08
ATOM,1786183200000,1,08-08
TRX,1786183200000,1,08-08
ICP,1786183200000,1,08-08
ATOM,1786184100000,1,08-08
BNB,1786184100000,1,08-08
TRX,1786184100000,1,08-08
ICP,1786184100000,1,08-08
FIL,1786185000000,1,08-08
KAITO,1786185900000,-1,08-08
SPX,1786185900000,-1,08-08
ARB,1786185900000,1,08-08
RUNE,1786186800000,-1,08-08
INJ,1786186800000,-1,08-08
SOL,1786186800000,1,08-08
MOODENG,1786186800000,1,08-08
ZEC,1786187700000,-1,08-08
BNB,1786189500000,1,08-08
KAITO,1786190400000,-1,08-08
KAITO,1786191300000,-1,08-08
ZEN,1786191300000,1,08-08
KAITO,1786192200000,-1,08-08
KAITO,1786193100000,-1,08-08
XLM,1786193100000,1,08-08
PYTH,1786194900000,1,08-08
HBAR,1786195800000,1,08-08
MORPHO,1786196700000,1,08-08
BNB,1786196700000,1,08-08
XMR,1786197600000,1,08-08
XLM,1786197600000,1,08-08
XPL,1786197600000,1,08-08
BNB,1786198500000,1,08-08
PENDLE,1786198500000,1,08-08
XLM,1786198500000,1,08-08
PNUT,1786198500000,1,08-08
ASTER,1786198500000,1,08-08
BLUR,1786198500000,1,08-08
kNEIRO,1786198500000,1,08-08
AAVE,1786198500000,1,08-08
kFLOKI,1786198500000,1,08-08
IMX,1786199400000,1,08-08
ASTER,1786199400000,1,08-08
BNB,1786199400000,1,08-08
SUI,1786199400000,1,08-08
DOGE,1786199400000,1,08-08
JTO,1786199400000,1,08-08
kFLOKI,1786199400000,1,08-08
SOL,1786199400000,1,08-08
AAVE,1786199400000,1,08-08
JUP,1786200300000,1,08-08
SUI,1786200300000,1,08-08
ICP,1786200300000,1,08-08
DOGE,1786200300000,1,08-08
PYTH,1786200300000,1,08-08
HBAR,1786200300000,1,08-08
SOL,1786200300000,1,08-08
XPL,1786200300000,1,08-08
PENDLE,1786200300000,1,08-08
kNEIRO,1786201200000,1,08-08
JUP,1786201200000,1,08-08
POPCAT,1786201200000,1,08-08
SOL,1786201200000,1,08-08
MET,1786201200000,1,08-08
ICP,1786201200000,1,08-08
JTO,1786201200000,1,08-08
ONDO,1786201200000,1,08-08
MORPHO,1786202100000,1,08-08
JUP,1786202100000,1,08-08
ICP,1786202100000,1,08-08
PUMP,1786203000000,1,08-08
ICP,1786203000000,1,08-08
MORPHO,1786203000000,1,08-08
MET,1786203900000,1,08-08
MORPHO,1786203900000,1,08-08
POPCAT,1786203900000,1,08-08
SAND,1786204800000,1,08-08
BERA,1786204800000,1,08-08
XRP,1786204800000,1,08-08
ZORA,1786205700000,1,08-08
MOVE,1786205700000,1,08-08
HBAR,1786205700000,1,08-08
ACE,1786205700000,1,08-08
ACE,1786206600000,1,08-08
PYTH,1786206600000,1,08-08
ICP,1786207500000,1,08-08
ICP,1786208400000,1,08-08
MEGA,1786208400000,1,08-08
CASHCAT,1786209300000,1,08-08
TAO,1786209300000,1,08-08
PUMP,1786209300000,1,08-08
ICP,1786209300000,1,08-08
AXS,1786209300000,1,08-08
ICP,1786210200000,1,08-08
PEOPLE,1786211100000,1,08-08
PEOPLE,1786212900000,1,08-08
POL,1786213800000,1,08-08
PENGU,1786213800000,1,08-08
MEGA,1786214700000,1,08-08
CC,1786215600000,1,08-08
PYTH,1786217400000,1,08-08
PYTH,1786219200000,1,08-08
PYTH,1786220100000,1,08-08
LTC,1786221000000,1,08-08
DASH,1786221000000,1,08-08
POL,1786221900000,1,08-08
JUP,1786222800000,1,08-08
PEOPLE,1786222800000,1,08-08
PEOPLE,1786223700000,1,08-08
ARB,1786230000000,-1,08-08
PUMP,1786230900000,1,08-08
RUNE,1786230900000,-1,08-08
TAO,1786231800000,1,08-08
TAO,1786232700000,1,08-08
TAO,1786233600000,1,08-09
RUNE,1786233600000,-1,08-09
TAO,1786235400000,1,08-09
MELANIA,1786236300000,-1,08-09
ZEN,1786237200000,1,08-09
WLD,1786238100000,-1,08-09
CHIP,1786238100000,-1,08-09
ONDO,1786239000000,-1,08-09
CHIP,1786239000000,-1,08-09
ZEC,1786239900000,1,08-09
WLFI,1786239900000,-1,08-09
RENDER,1786241700000,1,08-09
UNI,1786244400000,-1,08-09
BCH,1786244400000,-1,08-09
APT,1786245300000,1,08-09
kLUNC,1786248000000,1,08-09
ALGO,1786248000000,-1,08-09
APE,1786248900000,1,08-09
RENDER,1786248900000,1,08-09
kLUNC,1786248900000,1,08-09
XLM,1786253400000,-1,08-09
ARB,1786253400000,-1,08-09
POL,1786254300000,1,08-09
MEGA,1786254300000,1,08-09
PEOPLE,1786255200000,1,08-09
POL,1786255200000,1,08-09
PEOPLE,1786256100000,1,08-09
TRB,1786257000000,1,08-09
BIO,1786257000000,1,08-09
kLUNC,1786257000000,1,08-09
PUMP,1786257900000,1,08-09
PYTH,1786259700000,1,08-09
PAXG,1786260600000,1,08-09
WLFI,1786260600000,1,08-09
GRAM,1786261500000,-1,08-09
LTC,1786263300000,1,08-09
CC,1786263300000,1,08-09
ENA,1786264200000,-1,08-09
PEOPLE,1786264200000,1,08-09
ZEC,1786266000000,1,08-09
ZEN,1786266000000,1,08-09
AERO,1786266000000,-1,08-09
AVNT,1786266000000,1,08-09
BOME,1786266900000,1,08-09
AERO,1786266900000,-1,08-09
AERO,1786268700000,-1,08-09
ZEC,1786269600000,1,08-09
BOME,1786269600000,1,08-09
SYRUP,1786269600000,-1,08-09
CRV,1786270500000,1,08-09
VIRTUAL,1786270500000,-1,08-09
PEOPLE,1786271400000,1,08-09
VVV,1786271400000,1,08-09
ALGO,1786271400000,-1,08-09
VVV,1786272300000,1,08-09
CRV,1786273200000,1,08-09
BOME,1786275000000,1,08-09
HYPE,1786275000000,-1,08-09
ATOM,1786275000000,-1,08-09
CRV,1786275000000,1,08-09
CRV,1786275900000,1,08-09
PENDLE,1786276800000,-1,08-09
PEOPLE,1786276800000,1,08-09
BOME,1786276800000,1,08-09
VIRTUAL,1786276800000,-1,08-09
PEOPLE,1786278600000,1,08-09
PUMP,1786278600000,1,08-09
BOME,1786280400000,1,08-09
PUMP,1786280400000,1,08-09
XPL,1786281300000,1,08-09
BOME,1786281300000,1,08-09
WLD,1786281300000,1,08-09
PUMP,1786281300000,1,08-09
ETHFI,1786282200000,1,08-09
BTC,1786282200000,1,08-09
XMR,1786283100000,1,08-09
PUMP,1786284000000,1,08-09
XMR,1786284000000,1,08-09
LTC,1786284000000,1,08-09
XMR,1786284900000,1,08-09
WLD,1786285800000,1,08-09
XMR,1786285800000,1,08-09
WLD,1786286700000,1,08-09
XMR,1786286700000,1,08-09
BOME,1786286700000,1,08-09
MON,1786287600000,1,08-09
FARTCOIN,1786287600000,1,08-09
WLD,1786287600000,1,08-09
LIT,1786287600000,1,08-09
BCH,1786288500000,1,08-09
WLD,1786288500000,1,08-09
CRV,1786288500000,1,08-09
FARTCOIN,1786288500000,1,08-09
WLFI,1786289400000,1,08-09
TRB,1786289400000,1,08-09
JUP,1786289400000,1,08-09
PEOPLE,1786289400000,1,08-09
SYRUP,1786289400000,1,08-09
TRUMP,1786290300000,1,08-09
VVV,1786290300000,1,08-09
PEOPLE,1786290300000,1,08-09
JUP,1786290300000,1,08-09
kFLOKI,1786290300000,1,08-09
FARTCOIN,1786290300000,1,08-09
MOODENG,1786291200000,1,08-09
VVV,1786291200000,1,08-09
TRUMP,1786291200000,1,08-09
SUSHI,1786291200000,1,08-09
WIF,1786291200000,1,08-09
kPEPE,1786291200000,1,08-09
PENGU,1786291200000,1,08-09
MOODENG,1786292100000,1,08-09
BOME,1786292100000,1,08-09
PENGU,1786292100000,1,08-09
SUSHI,1786292100000,1,08-09
AVNT,1786292100000,1,08-09
BRETT,1786293000000,1,08-09
BLUR,1786293000000,1,08-09
SUI,1786293000000,1,08-09
PENGU,1786293900000,1,08-09
FARTCOIN,1786293900000,1,08-09
kFLOKI,1786293900000,1,08-09
SUSHI,1786293900000,1,08-09
PEOPLE,1786294800000,1,08-09
SUSHI,1786294800000,1,08-09
POPCAT,1786294800000,1,08-09
JTO,1786295700000,1,08-09
NEAR,1786295700000,1,08-09
PEOPLE,1786295700000,1,08-09
MOODENG,1786296600000,1,08-09
SPX,1786296600000,1,08-09
HMSTR,1786296600000,-1,08-09
AVNT,1786297500000,1,08-09
SUSHI,1786298400000,1,08-09
VIRTUAL,1786299300000,-1,08-09
VVV,1786299300000,1,08-09
PEOPLE,1786300200000,1,08-09
VIRTUAL,1786301100000,-1,08-09
SUSHI,1786301100000,1,08-09
ASTER,1786303800000,1,08-09
BOME,1786303800000,1,08-09
BOME,1786304700000,1,08-09
ASTER,1786304700000,1,08-09
ALGO,1786304700000,-1,08-09
SKY,1786304700000,-1,08-09
ASTER,1786305600000,1,08-09
EIGEN,1786305600000,1,08-09
ALGO,1786305600000,-1,08-09
XPL,1786306500000,1,08-09
ALGO,1786307400000,-1,08-09
BOME,1786308300000,1,08-09
BOME,1786310100000,1,08-09
POPCAT,1786310100000,1,08-09
kSHIB,1786311000000,1,08-09
ARB,1786311000000,1,08-09
OP,1786311000000,1,08-09
BTC,1786312800000,1,08-09
PAXG,1786312800000,-1,08-09
ZEN,1786312800000,1,08-09
WIF,1786312800000,1,08-09
POL,1786312800000,1,08-09
GALA,1786312800000,1,08-09
PNUT,1786313700000,1,08-09
BOME,1786313700000,1,08-09
GRASS,1786314600000,-1,08-09
PURR,1786314600000,-1,08-09
JUP,1786314600000,-1,08-09
LTC,1786314600000,-1,08-09
HYPE,1786314600000,-1,08-09
TIA,1786315500000,-1,08-09
LDO,1786315500000,-1,08-09
MET,1786315500000,-1,08-09
GRASS,1786315500000,-1,08-09
FIL,1786315500000,-1,08-09
DOT,1786315500000,-1,08-09
LINK,1786315500000,-1,08-09
STRK,1786315500000,-1,08-09
LDO,1786316400000,-1,08-09
RENDER,1786316400000,-1,08-09
GRAM,1786316400000,-1,08-09
MOVE,1786317300000,-1,08-09
CHIP,1786317300000,-1,08-09
STX,1786317300000,-1,08-09
NEAR,1786317300000,-1,08-09
DOGE,1786317300000,-1,08-09
INJ,1786317300000,-1,08-09
ADA,1786317300000,-1,08-09
GALA,1786317300000,-1,08-09
DASH,1786317300000,-1,08-09
SAND,1786317300000,-1,08-09
SPX,1786317300000,-1,08-09
SEI,1786317300000,-1,08-09
JUP,1786317300000,-1,08-09
RENDER,1786317300000,-1,08-09
TIA,1786317300000,-1,08-09
STRK,1786317300000,-1,08-09
GRAM,1786317300000,-1,08-09
BERA,1786317300000,-1,08-09
GRASS,1786317300000,-1,08-09
INJ,1786318200000,-1,08-09
STX,1786318200000,-1,08-09
AXS,1786318200000,-1,08-09
LINK,1786318200000,-1,08-09
AVAX,1786318200000,-1,08-09
DOGE,1786318200000,-1,08-09
LTC,1786318200000,-1,08-09
BERA,1786318200000,-1,08-09
ALGO,1786318200000,-1,08-09
TIA,1786318200000,-1,08-09
GRASS,1786318200000,-1,08-09
RENDER,1786318200000,-1,08-09
AR,1786318200000,-1,08-09
MORPHO,1786318200000,-1,08-09
ETH,1786318200000,-1,08-09
PAXG,1786319100000,-1,08-09
STRK,1786320000000,-1,08-10
TRX,1786320000000,1,08-10
LINK,1786321800000,-1,08-10
LDO,1786322700000,1,08-10
PAXG,1786323600000,-1,08-10
PAXG,1786325400000,-1,08-10
WLD,1786326300000,1,08-10
NIL,1786328100000,1,08-10
RENDER,1786328100000,-1,08-10
WLD,1786329900000,1,08-10
RENDER,1786331700000,-1,08-10
JTO,1786332600000,1,08-10
ZORA,1786333500000,-1,08-10
JTO,1786333500000,1,08-10
JTO,1786334400000,1,08-10
JTO,1786335300000,1,08-10
JTO,1786336200000,1,08-10
LTC,1786336200000,-1,08-10
JTO,1786337100000,1,08-10
NIL,1786338000000,1,08-10
JTO,1786338900000,1,08-10
WLD,1786338900000,1,08-10
WLD,1786339800000,1,08-10
JTO,1786339800000,1,08-10
NEAR,1786340700000,1,08-10
WLD,1786340700000,1,08-10
XPL,1786340700000,1,08-10
MON,1786340700000,1,08-10
JTO,1786341600000,1,08-10
JTO,1786342500000,1,08-10
OP,1786342500000,1,08-10
MON,1786343400000,1,08-10
WLD,1786343400000,1,08-10
AAVE,1786344300000,1,08-10
TIA,1786344300000,1,08-10
WLD,1786344300000,1,08-10
MET,1786344300000,-1,08-10
FET,1786345200000,1,08-10
XPL,1786347900000,1,08-10
WLD,1786347900000,1,08-10
BIO,1786348800000,1,08-10
BIO,1786349700000,1,08-10
MORPHO,1786351500000,1,08-10
EIGEN,1786351500000,1,08-10
VVV,1786351500000,1,08-10
MNT,1786353300000,1,08-10
JTO,1786354200000,1,08-10
MNT,1786356000000,1,08-10
TRX,1786356900000,1,08-10
MNT,1786356900000,1,08-10
MON,1786356900000,1,08-10
MON,1786357800000,1,08-10
MNT,1786357800000,1,08-10
MNT,1786358700000,1,08-10
MON,1786358700000,1,08-10
FIL,1786359600000,-1,08-10
MNT,1786359600000,1,08-10
MNT,1786360500000,1,08-10
GRASS,1786362300000,1,08-10
AR,1786363200000,1,08-10
AERO,1786363200000,1,08-10
ZEC,1786364100000,-1,08-10
AERO,1786364100000,1,08-10
DOT,1786366800000,1,08-10
DOT,1786367700000,1,08-10
ETH,1786368600000,-1,08-10
ENS,1786368600000,-1,08-10
BTC,1786368600000,-1,08-10
LIT,1786369500000,-1,08-10
BTC,1786369500000,-1,08-10
ETH,1786373100000,-1,08-10
POL,1786373100000,-1,08-10
ETH,1786374000000,-1,08-10
kPEPE,1786374000000,-1,08-10
AAVE,1786374000000,-1,08-10
ONDO,1786374000000,-1,08-10
FIL,1786374000000,-1,08-10
RUNE,1786374000000,-1,08-10
MET,1786374000000,-1,08-10
TRB,1786374000000,-1,08-10
AERO,1786374000000,-1,08-10
BTC,1786374900000,-1,08-10
ATOM,1786374900000,1,08-10
ATOM,1786375800000,1,08-10
ATOM,1786376700000,1,08-10
RUNE,1786376700000,-1,08-10
ICP,1786377600000,1,08-10
CC,1786377600000,-1,08-10
MELANIA,1786378500000,-1,08-10
BTC,1786378500000,-1,08-10
ICP,1786379400000,1,08-10
BTC,1786380300000,-1,08-10
BNB,1786380300000,-1,08-10
ZEC,1786380300000,-1,08-10
ICP,1786381200000,1,08-10
WLFI,1786381200000,1,08-10
kFLOKI,1786381200000,-1,08-10
HEMI,1786382100000,-1,08-10
ATOM,1786382100000,1,08-10
LIT,1786383000000,1,08-10
CRV,1786383900000,1,08-10
CRV,1786384800000,1,08-10
MOVE,1786385700000,-1,08-10
CRV,1786385700000,1,08-10
CRV,1786386600000,1,08-10
MOVE,1786386600000,-1,08-10
ORDI,1786387500000,-1,08-10
PEOPLE,1786387500000,-1,08-10
TAO,1786387500000,-1,08-10
MNT,1786389300000,1,08-10
NIL,1786389300000,-1,08-10
ICP,1786389300000,1,08-10
PAXG,1786389300000,1,08-10
PURR,1786390200000,1,08-10
AVNT,1786392000000,-1,08-10
WLFI,1786392900000,1,08-10
BERA,1786394700000,-1,08-10
kSHIB,1786395600000,-1,08-10
MOODENG,1786395600000,-1,08-10
SPX,1786396500000,-1,08-10
SPX,1786398300000,-1,08-10
ZORA,1786398300000,-1,08-10
TAO,1786398300000,-1,08-10
ADA,1786398300000,-1,08-10
HBAR,1786399200000,-1,08-10
BERA,1786399200000,-1,08-10
XRP,1786399200000,-1,08-10
ONDO,1786400100000,-1,08-10
CRV,1786400100000,1,08-10
DASH,1786401000000,-1,08-10
ASTER,1786401000000,-1,08-10
RENDER,1786402800000,-1,08-10
WIF,1786402800000,-1,08-10
SEI,1786402800000,-1,08-10
WLFI,1786406400000,1,08-11
PAXG,1786406400000,1,08-11
ADA,1786406400000,-1,08-11
RENDER,1786406400000,-1,08-11
PAXG,1786407300000,1,08-11
ICP,1786408200000,1,08-11
WLFI,1786408200000,1,08-11
WLFI,1786410000000,1,08-11
LINK,1786410900000,1,08-11
CRV,1786411800000,1,08-11
LIT,1786412700000,1,08-11
LIT,1786414500000,1,08-11
DOGE,1786415400000,1,08-11
HEMI,1786417200000,-1,08-11
LIT,1786418100000,1,08-11
CRV,1786418100000,1,08-11
BOME,1786419000000,-1,08-11
LIT,1786419000000,1,08-11
TRUMP,1786419000000,1,08-11
POL,1786419900000,-1,08-11
LIT,1786420800000,1,08-11
TIA,1786420800000,-1,08-11
MOVE,1786424400000,-1,08-11
PENDLE,1786424400000,-1,08-11
AAVE,1786425300000,-1,08-11
ADA,1786425300000,-1,08-11
PNUT,1786425300000,-1,08-11
DASH,1786425300000,-1,08-11
CC,1786426200000,-1,08-11
ACE,1786427100000,-1,08-11
PUMP,1786428000000,1,08-11
HBAR,1786428000000,-1,08-11
SUSHI,1786429800000,-1,08-11
XLM,1786430700000,-1,08-11
SUSHI,1786430700000,-1,08-11
BERA,1786431600000,-1,08-11
BERA,1786432500000,-1,08-11
ZEN,1786432500000,-1,08-11
APT,1786432500000,-1,08-11
MOODENG,1786432500000,-1,08-11
ENS,1786432500000,-1,08-11
kFLOKI,1786432500000,-1,08-11
kBONK,1786432500000,-1,08-11
SOL,1786432500000,-1,08-11
kBONK,1786433400000,-1,08-11
SAND,1786435200000,-1,08-11
MINA,1786437900000,-1,08-11
MEGA,1786437900000,-1,08-11
MNT,1786438800000,1,08-11
MEGA,1786438800000,-1,08-11
LINK,1786439700000,1,08-11
DOGE,1786439700000,1,08-11
TRX,1786439700000,1,08-11
TRX,1786440600000,1,08-11
TRX,1786441500000,1,08-11
MEGA,1786441500000,-1,08-11
TRX,1786442400000,1,08-11
TRX,1786443300000,1,08-11
RENDER,1786443300000,-1,08-11
CASHCAT,1786446000000,1,08-11
VVV,1786446900000,-1,08-11
MEGA,1786446900000,-1,08-11
MEGA,1786447800000,-1,08-11
HBAR,1786448700000,-1,08-11
PYTH,1786449600000,-1,08-11
BNB,1786449600000,1,08-11
UNI,1786450500000,-1,08-11
LDO,1786450500000,-1,08-11
SYRUP,1786450500000,-1,08-11
kLUNC,1786450500000,1,08-11
VVV,1786451400000,-1,08-11
HBAR,1786451400000,-1,08-11
WIF,1786452300000,-1,08-11
UNI,1786452300000,-1,08-11
WIF,1786453200000,-1,08-11
PYTH,1786454100000,-1,08-11
WLD,1786455000000,-1,08-11
kLUNC,1786455000000,1,08-11
STX,1786455900000,-1,08-11
ZRO,1786456800000,1,08-11
DOGE,1786456800000,1,08-11
AVAX,1786457700000,-1,08-11
ADA,1786457700000,-1,08-11
ZEC,1786457700000,-1,08-11
DOT,1786458600000,-1,08-11
NEAR,1786458600000,-1,08-11
ZEC,1786458600000,-1,08-11
ETHFI,1786458600000,-1,08-11
DOT,1786459500000,-1,08-11
TIA,1786459500000,-1,08-11
BTC,1786459500000,-1,08-11
MINA,1786459500000,-1,08-11
FARTCOIN,1786459500000,-1,08-11
AVAX,1786459500000,-1,08-11
VIRTUAL,1786459500000,-1,08-11
OP,1786459500000,-1,08-11
kFLOKI,1786459500000,-1,08-11
BRETT,1786459500000,-1,08-11
kBONK,1786459500000,-1,08-11
ZEC,1786459500000,-1,08-11
SOL,1786459500000,-1,08-11
GALA,1786459500000,-1,08-11
BLUR,1786459500000,-1,08-11
XRP,1786459500000,-1,08-11
NEAR,1786459500000,-1,08-11
kSHIB,1786459500000,-1,08-11
kPEPE,1786459500000,-1,08-11
WLD,1786459500000,-1,08-11
APE,1786459500000,-1,08-11
JUP,1786459500000,-1,08-11
EIGEN,1786459500000,-1,08-11
ASTER,1786459500000,-1,08-11
PENDLE,1786459500000,-1,08-11
STX,1786459500000,-1,08-11
WIF,1786459500000,-1,08-11
ARB,1786459500000,-1,08-11
ONDO,1786459500000,-1,08-11
UNI,1786459500000,-1,08-11
AAVE,1786459500000,-1,08-11
AR,1786459500000,-1,08-11
SUI,1786459500000,-1,08-11
SAND,1786459500000,-1,08-11
ETHFI,1786459500000,-1,08-11
BCH,1786459500000,-1,08-11
XLM,1786459500000,-1,08-11
PENDLE,1786460400000,-1,08-11
FET,1786460400000,-1,08-11
AVAX,1786460400000,-1,08-11
ONDO,1786460400000,-1,08-11
kFLOKI,1786460400000,-1,08-11
ZEC,1786461300000,-1,08-11
ALGO,1786461300000,-1,08-11
MELANIA,1786461300000,-1,08-11
PENGU,1786462200000,-1,08-11
ZEN,1786462200000,-1,08-11
VIRTUAL,1786462200000,-1,08-11
TRUMP,1786462200000,-1,08-11
MOVE,1786462200000,-1,08-11
BRETT,1786462200000,-1,08-11
ETHFI,1786462200000,-1,08-11
MEGA,1786462200000,-1,08-11
MELANIA,1786462200000,-1,08-11
BLUR,1786462200000,-1,08-11
ETH,1786462200000,-1,08-11
FARTCOIN,1786462200000,-1,08-11
BIO,1786462200000,-1,08-11
SOL,1786462200000,-1,08-11
LINEA,1786462200000,-1,08-11
SAND,1786462200000,-1,08-11
STRK,1786462200000,-1,08-11
ETC,1786462200000,-1,08-11
RUNE,1786462200000,-1,08-11
MET,1786462200000,-1,08-11
TIA,1786462200000,-1,08-11
XPL,1786462200000,-1,08-11
SEI,1786462200000,-1,08-11
DASH,1786462200000,-1,08-11
BERA,1786462200000,-1,08-11
ZEC,1786462200000,-1,08-11
TRB,1786462200000,-1,08-11
BTC,1786462200000,-1,08-11
EIGEN,1786462200000,-1,08-11
HBAR,1786462200000,-1,08-11
APE,1786462200000,-1,08-11
MINA,1786462200000,-1,08-11
TAO,1786462200000,-1,08-11
ORDI,1786462200000,-1,08-11
HEMI,1786462200000,-1,08-11
CC,1786462200000,1,08-11
VVV,1786462200000,-1,08-11
AAVE,1786462200000,-1,08-11
ZORA,1786462200000,-1,08-11
WIF,1786462200000,-1,08-11
APT,1786462200000,-1,08-11
MOODENG,1786462200000,-1,08-11
VVV,1786463100000,-1,08-11
UNI,1786463100000,-1,08-11
ETHFI,1786463100000,-1,08-11
STRK,1786464000000,-1,08-11
ZEC,1786464000000,-1,08-11
VIRTUAL,1786464000000,-1,08-11
SYRUP,1786464900000,-1,08-11
ZEC,1786464900000,-1,08-11
SYRUP,1786465800000,-1,08-11
FET,1786465800000,-1,08-11
VIRTUAL,1786466700000,-1,08-11
BERA,1786467600000,-1,08-11
JUP,1786468500000,-1,08-11
MET,1786470300000,-1,08-11
MET,1786471200000,-1,08-11
BTC,1786473000000,-1,08-11
MINA,1786473000000,-1,08-11
AVNT,1786475700000,1,08-11
GRASS,1786476600000,1,08-11
FIL,1786478400000,1,08-11
DOGE,1786478400000,1,08-11
INJ,1786478400000,1,08-11
INJ,1786479300000,1,08-11
DOGE,1786479300000,1,08-11
HMSTR,1786482000000,-1,08-11
MET,1786483800000,1,08-11
DOGE,1786484700000,1,08-11
DOGE,1786485600000,1,08-11
CRV,1786492800000,1,08-12
JTO,1786492800000,1,08-12
BNB,1786496400000,1,08-12
ASTER,1786496400000,1,08-12
NEAR,1786496400000,1,08-12
SUI,1786498200000,1,08-12
SUI,1786499100000,1,08-12
FET,1786499100000,1,08-12
AAVE,1786500000000,1,08-12
TRB,1786502700000,1,08-12
LIT,1786502700000,-1,08-12
GRAM,1786504500000,1,08-12
MET,1786504500000,1,08-12
MET,1786505400000,1,08-12
GRAM,1786505400000,1,08-12
GRAM,1786506300000,1,08-12
AAVE,1786510800000,1,08-12
MET,1786512600000,1,08-12
VVV,1786512600000,1,08-12
ACE,1786513500000,-1,08-12
SUSHI,1786515300000,1,08-12
PYTH,1786515300000,-1,08-12
PYTH,1786516200000,-1,08-12
SUSHI,1786516200000,1,08-12
LIT,1786516200000,-1,08-12
UNI,1786517100000,-1,08-12
PYTH,1786517100000,-1,08-12
PYTH,1786518000000,-1,08-12
UNI,1786519800000,-1,08-12
CRV,1786520700000,1,08-12
UNI,1786520700000,-1,08-12
APT,1786521600000,-1,08-12
GALA,1786521600000,-1,08-12
MNT,1786522500000,-1,08-12
KAITO,1786522500000,-1,08-12
BIO,1786523400000,-1,08-12
APT,1786523400000,-1,08-12
MNT,1786523400000,-1,08-12
JUP,1786524300000,-1,08-12
KAITO,1786525200000,-1,08-12
ZORA,1786525200000,-1,08-12
ETH,1786526100000,1,08-12
ACE,1786527900000,1,08-12
ACE,1786528800000,1,08-12
ETH,1786528800000,1,08-12
NIL,1786528800000,1,08-12
ACE,1786529700000,1,08-12
KAITO,1786529700000,-1,08-12
STX,1786530600000,-1,08-12
NIL,1786533300000,1,08-12
VIRTUAL,1786536000000,1,08-12
LINK,1786536900000,1,08-12
RENDER,1786536900000,1,08-12
VIRTUAL,1786536900000,1,08-12
LDO,1786536900000,1,08-12
PAXG,1786537800000,1,08-12
VIRTUAL,1786537800000,1,08-12
HYPE,1786539600000,1,08-12
VIRTUAL,1786540500000,1,08-12
VIRTUAL,1786541400000,1,08-12
POL,1786543200000,-1,08-12
TRUMP,1786544100000,-1,08-12
LIT,1786544100000,-1,08-12
kLUNC,1786544100000,-1,08-12
HBAR,1786544100000,-1,08-12
ALGO,1786545000000,-1,08-12
kBONK,1786545000000,-1,08-12
kLUNC,1786545000000,-1,08-12
DASH,1786545900000,-1,08-12
ZRO,1786545900000,-1,08-12
kLUNC,1786545900000,-1,08-12
GRASS,1786546800000,1,08-12
VIRTUAL,1786547700000,1,08-12
VIRTUAL,1786548600000,1,08-12
VIRTUAL,1786549500000,1,08-12
HYPE,1786549500000,1,08-12
HMSTR,1786550400000,-1,08-12
ICP,1786550400000,-1,08-12
STX,1786550400000,-1,08-12
TRUMP,1786550400000,-1,08-12
HEMI,1786552200000,-1,08-12
STX,1786552200000,-1,08-12
CASHCAT,1786552200000,1,08-12
CHIP,1786553100000,1,08-12
PENGU,1786553100000,-1,08-12
VIRTUAL,1786553100000,1,08-12
PEOPLE,1786554000000,-1,08-12
MNT,1786554000000,1,08-12
CASHCAT,1786554900000,1,08-12
MNT,1786554900000,1,08-12
FIL,1786554900000,-1,08-12
PEOPLE,1786554900000,-1,08-12
MNT,1786555800000,1,08-12
ATOM,1786558500000,-1,08-12
MNT,1786559400000,1,08-12
SAND,1786560300000,-1,08-12
GALA,1786560300000,-1,08-12
ENA,1786561200000,-1,08-12
ONDO,1786561200000,-1,08-12
MNT,1786562100000,1,08-12
HEMI,1786562100000,-1,08-12
LTC,1786562100000,-1,08-12
MNT,1786563000000,1,08-12
ARB,1786563000000,-1,08-12
BRETT,1786563900000,-1,08-12
ARB,1786564800000,-1,08-12
ARB,1786565700000,-1,08-12
SPX,1786567500000,-1,08-12
BLUR,1786569300000,-1,08-12
AR,1786569300000,-1,08-12
DOGE,1786569300000,-1,08-12
EIGEN,1786569300000,-1,08-12
DOT,1786569300000,-1,08-12
AVNT,1786569300000,-1,08-12
ETC,1786569300000,-1,08-12
LINEA,1786569300000,-1,08-12
FIL,1786569300000,-1,08-12
TRUMP,1786569300000,-1,08-12
kPEPE,1786569300000,-1,08-12
ADA,1786569300000,-1,08-12
DASH,1786569300000,-1,08-12
PEOPLE,1786569300000,-1,08-12
BCH,1786569300000,-1,08-12
ICP,1786569300000,-1,08-12
XPL,1786569300000,-1,08-12
kSHIB,1786569300000,-1,08-12
TIA,1786569300000,-1,08-12
SAND,1786569300000,-1,08-12
GALA,1786569300000,-1,08-12
FET,1786569300000,-1,08-12
ONDO,1786569300000,-1,08-12
OP,1786570200000,-1,08-12
APE,1786570200000,-1,08-12
WIF,1786570200000,-1,08-12
ENA,1786570200000,-1,08-12
BIO,1786570200000,-1,08-12
APT,1786571100000,-1,08-12
SEI,1786571100000,-1,08-12
kLUNC,1786571100000,-1,08-12
kPEPE,1786571100000,-1,08-12
PENGU,1786571100000,-1,08-12
BRETT,1786571100000,-1,08-12
RUNE,1786571100000,-1,08-12
TIA,1786571100000,-1,08-12
PENDLE,1786571100000,-1,08-12
HMSTR,1786571100000,-1,08-12
BERA,1786571100000,-1,08-12
LINEA,1786571100000,-1,08-12
MOODENG,1786571100000,-1,08-12
ETC,1786571100000,-1,08-12
STRK,1786571100000,-1,08-12
IMX,1786571100000,-1,08-12
ARB,1786571100000,-1,08-12
EIGEN,1786571100000,-1,08-12
SUI,1786571100000,-1,08-12
CAKE,1786571100000,-1,08-12
BLUR,1786571100000,-1,08-12
DOT,1786572000000,-1,08-12
BCH,1786572000000,-1,08-12
EIGEN,1786572000000,-1,08-12
MOVE,1786573800000,-1,08-12
OP,1786573800000,-1,08-12
kPEPE,1786574700000,-1,08-12
kPEPE,1786576500000,-1,08-12
JTO,1786580100000,1,08-13
MOVE,1786581000000,1,08-13
OP,1786581900000,-1,08-13
JTO,1786583700000,1,08-13
LINK,1786584600000,-1,08-13
SEI,1786593600000,1,08-13
PURR,1786597200000,1,08-13
VVV,1786598100000,1,08-13
HYPE,1786598100000,1,08-13
PURR,1786598100000,1,08-13
CRV,1786599000000,-1,08-13
BOME,1786599000000,1,08-13
AVNT,1786599900000,1,08-13
PUMP,1786599900000,1,08-13
PENDLE,1786603500000,1,08-13
AVNT,1786604400000,1,08-13
PEOPLE,1786608900000,-1,08-13
VVV,1786609800000,1,08-13
AVNT,1786611600000,1,08-13
HYPE,1786613400000,1,08-13
PNUT,1786613400000,1,08-13
AVNT,1786613400000,1,08-13
TRX,1786613400000,-1,08-13
WLD,1786614300000,1,08-13
kBONK,1786614300000,1,08-13
GRAM,1786617900000,-1,08-13
ATOM,1786619700000,1,08-13
BNB,1786620600000,-1,08-13
CRV,1786620600000,-1,08-13
AERO,1786621500000,-1,08-13
kBONK,1786622400000,1,08-13
ATOM,1786623300000,1,08-13
ATOM,1786624200000,1,08-13
ATOM,1786625100000,1,08-13
ASTER,1786626000000,1,08-13
SYRUP,1786626000000,1,08-13
DOT,1786626900000,-1,08-13
GRAM,1786626900000,-1,08-13
ATOM,1786626900000,1,08-13
HYPE,1786627800000,1,08-13
ATOM,1786627800000,1,08-13
ETHFI,1786627800000,1,08-13
GRASS,1786628700000,1,08-13
ATOM,1786629600000,1,08-13
GRASS,1786629600000,1,08-13
PURR,1786630500000,1,08-13
HBAR,1786631400000,1,08-13
FARTCOIN,1786631400000,1,08-13
ONDO,1786631400000,1,08-13
CC,1786631400000,-1,08-13
ATOM,1786631400000,1,08-13
TAO,1786632300000,1,08-13
ETHFI,1786632300000,1,08-13
LINK,1786632300000,1,08-13
LDO,1786632300000,1,08-13
ATOM,1786632300000,1,08-13
CC,1786633200000,-1,08-13
MINA,1786633200000,1,08-13
AVNT,1786633200000,1,08-13
POL,1786634100000,-1,08-13
BCH,1786635000000,-1,08-13
PYTH,1786635000000,1,08-13
PUMP,1786635000000,1,08-13
CAKE,1786635900000,-1,08-13
AAVE,1786635900000,-1,08-13
CAKE,1786636800000,-1,08-13
BCH,1786636800000,-1,08-13
ZRO,1786636800000,-1,08-13
ENA,1786636800000,-1,08-13
POL,1786636800000,-1,08-13
MINA,1786636800000,1,08-13
ENA,1786637700000,-1,08-13
CASHCAT,1786637700000,-1,08-13
MON,1786638600000,-1,08-13
ZEC,1786638600000,-1,08-13
CAKE,1786638600000,-1,08-13
PEOPLE,1786638600000,-1,08-13
ETH,1786638600000,-1,08-13
BTC,1786638600000,-1,08-13
TRB,1786638600000,-1,08-13
ENA,1786638600000,-1,08-13
VIRTUAL,1786638600000,-1,08-13
ZRO,1786638600000,-1,08-13
BOME,1786638600000,-1,08-13
SPX,1786638600000,-1,08-13
ZEN,1786638600000,-1,08-13
ETHFI,1786643100000,1,08-13
ETHFI,1786644000000,1,08-13
ETHFI,1786645800000,1,08-13
ETHFI,1786646700000,1,08-13
MINA,1786647600000,1,08-13
PAXG,1786647600000,-1,08-13
ETHFI,1786648500000,1,08-13
PEOPLE,1786648500000,-1,08-13
FARTCOIN,1786654800000,1,08-13
ETHFI,1786656600000,1,08-13
LIT,1786657500000,-1,08-13
LIT,1786658400000,-1,08-13
ACE,1786658400000,1,08-13
MET,1786659300000,1,08-13
GRASS,1786660200000,1,08-13
MET,1786660200000,1,08-13
MET,1786664700000,1,08-13
MET,1786665600000,1,08-14
FARTCOIN,1786665600000,1,08-14
FARTCOIN,1786666500000,1,08-14
PAXG,1786666500000,-1,08-14
OP,1786666500000,1,08-14
PAXG,1786667400000,-1,08-14
MNT,1786667400000,-1,08-14
LDO,1786669200000,1,08-14
APT,1786669200000,-1,08-14
PAXG,1786669200000,-1,08-14
LDO,1786670100000,1,08-14
PUMP,1786671000000,1,08-14
ACE,1786671900000,1,08-14
TAO,1786671900000,1,08-14
PAXG,1786672800000,-1,08-14
ATOM,1786672800000,1,08-14
ATOM,1786673700000,1,08-14
KAITO,1786673700000,-1,08-14
LIT,1786674600000,-1,08-14
ZRO,1786675500000,-1,08-14
BLUR,1786676400000,-1,08-14
ETC,1786676400000,-1,08-14
CHIP,1786677300000,-1,08-14
APE,1786678200000,-1,08-14
NEAR,1786678200000,-1,08-14
DOT,1786678200000,-1,08-14
ETC,1786679100000,-1,08-14
UNI,1786679100000,-1,08-14
HBAR,1786682700000,-1,08-14
CHIP,1786682700000,1,08-14
CASHCAT,1786683600000,-1,08-14
PYTH,1786683600000,-1,08-14
SEI,1786684500000,-1,08-14
MON,1786684500000,-1,08-14
ATOM,1786687200000,1,08-14
SEI,1786689000000,-1,08-14
ACE,1786689000000,1,08-14
AERO,1786689900000,-1,08-14
ETC,1786689900000,-1,08-14
SUI,1786689900000,-1,08-14
WIF,1786689900000,-1,08-14
JUP,1786689900000,-1,08-14
SUI,1786690800000,-1,08-14
VVV,1786691700000,-1,08-14
APT,1786691700000,-1,08-14
LTC,1786692600000,-1,08-14
WLFI,1786692600000,1,08-14
INJ,1786693500000,-1,08-14
VVV,1786693500000,-1,08-14
LTC,1786694400000,-1,08-14
SEI,1786694400000,-1,08-14
VVV,1786694400000,-1,08-14
CAKE,1786695300000,-1,08-14
CASHCAT,1786695300000,-1,08-14
ACE,1786695300000,1,08-14
BTC,1786695300000,-1,08-14
WLFI,1786695300000,1,08-14
HBAR,1786695300000,-1,08-14
MON,1786695300000,-1,08-14
CAKE,1786696200000,-1,08-14
ACE,1786697100000,1,08-14
MORPHO,1786697100000,-1,08-14
AERO,1786697100000,-1,08-14
ACE,1786698000000,1,08-14
AERO,1786698900000,-1,08-14
ACE,1786698900000,1,08-14
JTO,1786699800000,-1,08-14
AAVE,1786699800000,-1,08-14
MOODENG,1786699800000,-1,08-14
WLFI,1786699800000,-1,08-14
ACE,1786699800000,1,08-14
STRK,1786699800000,-1,08-14
SUSHI,1786699800000,-1,08-14
MON,1786699800000,-1,08-14
RUNE,1786699800000,-1,08-14
DOT,1786699800000,-1,08-14
TRB,1786700700000,-1,08-14
MOODENG,1786700700000,-1,08-14
WLFI,1786700700000,-1,08-14
ACE,1786700700000,1,08-14
CAKE,1786701600000,-1,08-14
ICP,1786702500000,1,08-14
UNI,1786702500000,-1,08-14
ICP,1786703400000,1,08-14
ACE,1786703400000,1,08-14
EIGEN,1786703400000,-1,08-14
ONDO,1786703400000,-1,08-14
ADA,1786703400000,-1,08-14
PEOPLE,1786705200000,-1,08-14
INJ,1786705200000,-1,08-14
MELANIA,1786705200000,-1,08-14
UNI,1786705200000,-1,08-14
BNB,1786705200000,-1,08-14
INJ,1786706100000,-1,08-14
UNI,1786706100000,-1,08-14
PENGU,1786706100000,-1,08-14
ETC,1786707000000,-1,08-14
BIO,1786707000000,-1,08-14
PENGU,1786707000000,-1,08-14
UNI,1786707000000,-1,08-14
UNI,1786707900000,-1,08-14
STX,1786707900000,-1,08-14
ONDO,1786708800000,-1,08-14
AAVE,1786708800000,-1,08-14
DASH,1786708800000,-1,08-14
SUI,1786708800000,-1,08-14
LTC,1786708800000,-1,08-14
APT,1786708800000,-1,08-14
PENGU,1786708800000,-1,08-14
POL,1786709700000,1,08-14
BCH,1786709700000,-1,08-14
CRV,1786709700000,-1,08-14
AAVE,1786709700000,-1,08-14
AAVE,1786710600000,-1,08-14
INJ,1786710600000,-1,08-14
CRV,1786710600000,-1,08-14
SYRUP,1786711500000,-1,08-14
BCH,1786711500000,-1,08-14
kLUNC,1786712400000,-1,08-14
RUNE,1786712400000,-1,08-14
CASHCAT,1786714200000,-1,08-14
LTC,1786715100000,-1,08-14
HYPE,1786716000000,-1,08-14
MON,1786716000000,-1,08-14
ASTER,1786716000000,-1,08-14
MEGA,1786716000000,-1,08-14
BCH,1786716900000,-1,08-14
PENGU,1786716900000,-1,08-14
TAO,1786716900000,-1,08-14
LTC,1786716900000,-1,08-14
ENA,1786718700000,-1,08-14
kLUNC,1786718700000,-1,08-14
TAO,1786718700000,-1,08-14
AERO,1786718700000,-1,08-14
SUI,1786718700000,-1,08-14
ONDO,1786718700000,-1,08-14
AAVE,1786718700000,-1,08-14
INJ,1786718700000,-1,08-14
SKY,1786719600000,-1,08-14
SEI,1786719600000,-1,08-14
LTC,1786719600000,-1,08-14
INJ,1786719600000,-1,08-14
ENA,1786719600000,-1,08-14
ALGO,1786721400000,1,08-14
kSHIB,1786721400000,1,08-14
XPL,1786721400000,1,08-14
HMSTR,1786722300000,1,08-14
TRUMP,1786722300000,1,08-14
MOVE,1786722300000,1,08-14
XPL,1786722300000,1,08-14
kSHIB,1786722300000,1,08-14
ALGO,1786722300000,1,08-14
SAND,1786723200000,1,08-14
TRUMP,1786723200000,1,08-14
TRX,1786723200000,-1,08-14
AXS,1786723200000,1,08-14
AXS,1786724100000,1,08-14
BLUR,1786724100000,1,08-14
SAND,1786724100000,1,08-14
PEOPLE,1786725000000,-1,08-14
PENDLE,1786726800000,-1,08-14
HMSTR,1786727700000,1,08-14
LINK,1786732200000,1,08-14
GRAM,1786732200000,-1,08-14
PENDLE,1786734000000,-1,08-14
LTC,1786734000000,-1,08-14
KAITO,1786734900000,-1,08-14
LINK,1786735800000,1,08-14
ETHFI,1786735800000,1,08-14
ETHFI,1786736700000,1,08-14
WLFI,1786737600000,1,08-14
TRUMP,1786737600000,1,08-14
ATOM,1786737600000,-1,08-14
ACE,1786741200000,1,08-14
NIL,1786741200000,1,08-14
SKY,1786741200000,-1,08-14
ARB,1786742100000,-1,08-14
XLM,1786744800000,-1,08-14
XRP,1786745700000,-1,08-14
ARB,1786745700000,-1,08-14
ACE,1786745700000,1,08-14
XLM,1786745700000,-1,08-14
CRV,1786749300000,-1,08-14
TRB,1786750200000,1,08-14
AVAX,1786752000000,1,08-15
POPCAT,1786752000000,1,08-15
WIF,1786752000000,1,08-15
RENDER,1786752000000,1,08-15
FIL,1786752000000,1,08-15
POL,1786752000000,1,08-15
STRK,1786752000000,1,08-15
LINK,1786752900000,1,08-15
MNT,1786753800000,-1,08-15
ICP,1786754700000,1,08-15
LINK,1786754700000,1,08-15
ZRO,1786755600000,1,08-15
LINK,1786755600000,1,08-15
LINK,1786756500000,1,08-15
SPX,1786756500000,1,08-15
BOME,1786757400000,1,08-15
LINK,1786758300000,1,08-15
AVAX,1786759200000,1,08-15
LINK,1786759200000,1,08-15
LINK,1786760100000,1,08-15
LINK,1786761000000,1,08-15
AVAX,1786761900000,1,08-15
LINK,1786761900000,1,08-15
BERA,1786761900000,1,08-15
DOT,1786761900000,1,08-15
TIA,1786762800000,1,08-15
XMR,1786763700000,1,08-15
LIT,1786763700000,1,08-15
PUMP,1786764600000,-1,08-15
JTO,1786765500000,1,08-15
RENDER,1786767300000,1,08-15
JUP,1786768200000,1,08-15
HEMI,1786770900000,1,08-15
NIL,1786771800000,1,08-15
NIL,1786773600000,1,08-15
NIL,1786774500000,1,08-15
CASHCAT,1786774500000,-1,08-15
HEMI,1786775400000,1,08-15
NIL,1786775400000,1,08-15
POPCAT,1786776300000,1,08-15
HEMI,1786776300000,1,08-15
NIL,1786776300000,1,08-15
MET,1786778100000,-1,08-15
NIL,1786778100000,1,08-15
HEMI,1786780800000,1,08-15
PENGU,1786780800000,-1,08-15
ETHFI,1786781700000,1,08-15
HEMI,1786781700000,1,08-15
LDO,1786781700000,1,08-15
JTO,1786781700000,1,08-15
MNT,1786782600000,-1,08-15
ETHFI,1786782600000,1,08-15
HEMI,1786782600000,1,08-15
ETHFI,1786783500000,1,08-15
JTO,1786783500000,1,08-15
BRETT,1786784400000,1,08-15
MEGA,1786785300000,1,08-15
ETHFI,1786785300000,1,08-15
ETC,1786786200000,1,08-15
BRETT,1786786200000,1,08-15
BERA,1786787100000,1,08-15
MORPHO,1786788000000,1,08-15
SUSHI,1786788000000,1,08-15
IMX,1786788000000,1,08-15
ZORA,1786788000000,1,08-15
TRX,1786788900000,-1,08-15
VVV,1786788900000,-1,08-15
AR,1786789800000,1,08-15
TRX,1786791600000,-1,08-15
BNB,1786795200000,1,08-15
ACE,1786796100000,-1,08-15
kFLOKI,1786798800000,1,08-15
GRASS,1786799700000,1,08-15
kFLOKI,1786799700000,1,08-15
CHIP,1786802400000,1,08-15
SYRUP,1786803300000,1,08-15
INJ,1786803300000,-1,08-15
CHIP,1786803300000,1,08-15
FET,1786803300000,-1,08-15
HEMI,1786805100000,1,08-15
PURR,1786808700000,1,08-15
LINEA,1786808700000,1,08-15
MNT,1786808700000,-1,08-15
STX,1786809600000,1,08-15
XMR,1786810500000,1,08-15
BIO,1786810500000,1,08-15
BOME,1786810500000,1,08-15
SYRUP,1786810500000,1,08-15
PURR,1786810500000,1,08-15
BOME,1786811400000,1,08-15
SYRUP,1786811400000,1,08-15
PEOPLE,1786812300000,1,08-15
BOME,1786812300000,1,08-15
VIRTUAL,1786812300000,1,08-15
ADA,1786813200000,-1,08-15
BOME,1786813200000,1,08-15
MOODENG,1786813200000,1,08-15
HEMI,1786815000000,1,08-15
PURR,1786815000000,1,08-15
ORDI,1786815000000,1,08-15
HEMI,1786815900000,1,08-15
FET,1786816800000,-1,08-15
SYRUP,1786816800000,1,08-15
HEMI,1786816800000,1,08-15
CHIP,1786820400000,1,08-15
CHIP,1786822200000,1,08-15
CHIP,1786823100000,1,08-15
KAITO,1786824900000,-1,08-15
MON,1786824900000,-1,08-15
kLUNC,1786825800000,1,08-15
LINEA,1786829400000,1,08-15
SPX,1786831200000,1,08-15
KAITO,1786832100000,-1,08-15
CHIP,1786832100000,1,08-15
SPX,1786832100000,1,08-15
SPX,1786833000000,1,08-15
VVV,1786833000000,1,08-15
AVAX,1786833900000,-1,08-15
AXS,1786833900000,-1,08-15
TIA,1786834800000,-1,08-15
DOGE,1786834800000,-1,08-15
kPEPE,1786834800000,-1,08-15
AVAX,1786834800000,-1,08-15
HMSTR,1786834800000,-1,08-15
WIF,1786834800000,-1,08-15
DASH,1786834800000,-1,08-15
PENGU,1786835700000,-1,08-15
NEAR,1786835700000,-1,08-15
ADA,1786836600000,-1,08-15
AAVE,1786838400000,-1,08-16
ARB,1786838400000,-1,08-16
HBAR,1786838400000,-1,08-16
PENDLE,1786838400000,-1,08-16
AVAX,1786838400000,-1,08-16
FET,1786839300000,-1,08-16
CHIP,1786839300000,1,08-16
HBAR,1786839300000,-1,08-16
FET,1786840200000,-1,08-16
CHIP,1786840200000,1,08-16
FET,1786841100000,-1,08-16
RENDER,1786842000000,-1,08-16
BERA,1786842000000,1,08-16
TIA,1786842000000,-1,08-16
HBAR,1786842000000,-1,08-16
XLM,1786842900000,-1,08-16
kPEPE,1786842900000,-1,08-16
TRUMP,1786842900000,-1,08-16
CC,1786843800000,1,08-16
DASH,1786843800000,-1,08-16
SEI,1786843800000,-1,08-16
VIRTUAL,1786843800000,-1,08-16
ZEN,1786843800000,-1,08-16
ONDO,1786845600000,-1,08-16
ASTER,1786845600000,-1,08-16
ETC,1786845600000,-1,08-16
BNB,1786845600000,-1,08-16
RUNE,1786845600000,-1,08-16
APT,1786845600000,-1,08-16
KAITO,1786847400000,-1,08-16
PURR,1786851000000,1,08-16
KAITO,1786852800000,-1,08-16
BNB,1786852800000,-1,08-16
KAITO,1786853700000,-1,08-16
RUNE,1786859100000,-1,08-16
FET,1786860000000,-1,08-16
RUNE,1786860900000,-1,08-16
ZRO,1786860900000,-1,08-16
LDO,1786860900000,-1,08-16
INJ,1786860900000,-1,08-16
ENA,1786861800000,-1,08-16
SAND,1786863600000,-1,08-16
AR,1786865400000,1,08-16
PURR,1786865400000,1,08-16
AR,1786867200000,1,08-16
CRV,1786868100000,1,08-16
GALA,1786869000000,1,08-16
SKY,1786870800000,1,08-16
CRV,1786870800000,1,08-16
kSHIB,1786870800000,-1,08-16
kSHIB,1786871700000,-1,08-16
CAKE,1786871700000,1,08-16
CRV,1786872600000,1,08-16
CAKE,1786872600000,1,08-16
kSHIB,1786872600000,-1,08-16
CRV,1786873500000,1,08-16
kSHIB,1786873500000,-1,08-16
MORPHO,1786873500000,1,08-16
MORPHO,1786874400000,1,08-16
INJ,1786875300000,-1,08-16
CAKE,1786875300000,1,08-16
SYRUP,1786877100000,1,08-16
CAKE,1786877100000,1,08-16
SPX,1786878900000,-1,08-16
CHIP,1786878900000,1,08-16
WLFI,1786878900000,1,08-16
SPX,1786879800000,-1,08-16
JTO,1786880700000,1,08-16
SPX,1786880700000,-1,08-16
SKY,1786880700000,1,08-16
SPX,1786881600000,-1,08-16
CAKE,1786881600000,1,08-16
SKY,1786881600000,1,08-16
WLFI,1786881600000,1,08-16
PENDLE,1786881600000,-1,08-16
SKY,1786882500000,1,08-16
ZRO,1786882500000,-1,08-16
SPX,1786882500000,-1,08-16
SPX,1786883400000,-1,08-16
WLFI,1786883400000,1,08-16
SKY,1786883400000,1,08-16
PAXG,1786884300000,-1,08-16
WLFI,1786885200000,1,08-16
EIGEN,1786885200000,1,08-16
ETHFI,1786885200000,1,08-16
WLFI,1786886100000,1,08-16
WLFI,1786887900000,1,08-16
TRUMP,1786888800000,1,08-16
LDO,1786888800000,1,08-16
MELANIA,1786888800000,1,08-16
WLFI,1786888800000,1,08-16
ZEC,1786889700000,1,08-16
ETHFI,1786890600000,1,08-16
ETHFI,1786891500000,1,08-16
PAXG,1786891500000,-1,08-16
ONDO,1786891500000,1,08-16
BOME,1786892400000,-1,08-16
LDO,1786892400000,1,08-16
TIA,1786892400000,1,08-16
MEGA,1786893300000,1,08-16
ONDO,1786893300000,1,08-16
TIA,1786893300000,1,08-16
LDO,1786893300000,1,08-16
LTC,1786893300000,1,08-16
ARB,1786894200000,1,08-16
DASH,1786894200000,1,08-16
MEGA,1786894200000,1,08-16
WLD,1786894200000,1,08-16
DASH,1786895100000,1,08-16
MEGA,1786895100000,1,08-16
WLD,1786895100000,1,08-16
ETHFI,1786895100000,1,08-16
TIA,1786895100000,1,08-16
HYPE,1786896000000,1,08-16
PURR,1786896000000,1,08-16
DOGE,1786896000000,1,08-16
AERO,1786896000000,1,08-16
BTC,1786896000000,1,08-16
ETHFI,1786896900000,1,08-16
WLD,1786896900000,1,08-16
ETH,1786896900000,1,08-16
MORPHO,1786896900000,1,08-16
BTC,1786896900000,1,08-16
ETH,1786897800000,1,08-16
SKY,1786897800000,1,08-16
WLD,1786898700000,1,08-16
CRV,1786898700000,1,08-16
WLD,1786899600000,1,08-16
PURR,1786900500000,1,08-16
CASHCAT,1786900500000,-1,08-16
TRX,1786900500000,1,08-16
PENDLE,1786901400000,-1,08-16
SOL,1786903200000,-1,08-16
PENDLE,1786903200000,-1,08-16
SKY,1786904100000,1,08-16
SKY,1786905000000,1,08-16
OP,1786905900000,-1,08-16
APE,1786905900000,1,08-16
kPEPE,1786905900000,-1,08-16
PENDLE,1786906800000,-1,08-16
MNT,1786909500000,1,08-16
MOODENG,1786912200000,-1,08-16
PYTH,1786912200000,-1,08-16
kPEPE,1786913100000,-1,08-16
ENS,1786913100000,-1,08-16
ORDI,1786913100000,-1,08-16
PENDLE,1786913100000,-1,08-16
SOL,1786913100000,-1,08-16
MET,1786913100000,-1,08-16
POPCAT,1786913100000,-1,08-16
PYTH,1786913100000,-1,08-16
HBAR,1786914000000,-1,08-16
ZRO,1786914000000,-1,08-16
BIO,1786914000000,-1,08-16
PENGU,1786914000000,-1,08-16
ENA,1786914000000,-1,08-16
ENS,1786914000000,-1,08-16
MET,1786914000000,-1,08-16
FET,1786914000000,-1,08-16
VVV,1786914000000,-1,08-16
ORDI,1786914000000,-1,08-16
GRASS,1786914000000,-1,08-16
ALGO,1786914000000,-1,08-16
POPCAT,1786914000000,-1,08-16
PAXG,1786914900000,-1,08-16
XPL,1786914900000,-1,08-16
APE,1786915800000,-1,08-16
APT,1786915800000,-1,08-16
VIRTUAL,1786915800000,-1,08-16
HMSTR,1786915800000,-1,08-16
WIF,1786915800000,-1,08-16
DOGE,1786915800000,-1,08-16
EIGEN,1786915800000,-1,08-16
ENA,1786915800000,-1,08-16
kFLOKI,1786915800000,-1,08-16
STX,1786915800000,-1,08-16
NEAR,1786915800000,-1,08-16
BTC,1786915800000,-1,08-16
VVV,1786915800000,-1,08-16
SUI,1786915800000,-1,08-16
POPCAT,1786915800000,-1,08-16
XRP,1786915800000,-1,08-16
kPEPE,1786915800000,-1,08-16
ETH,1786915800000,-1,08-16
ALGO,1786915800000,-1,08-16
RENDER,1786915800000,-1,08-16
ETC,1786915800000,-1,08-16
MOODENG,1786915800000,-1,08-16
ASTER,1786915800000,-1,08-16
ZEN,1786915800000,-1,08-16
ORDI,1786915800000,-1,08-16
FIL,1786915800000,-1,08-16
SEI,1786915800000,-1,08-16
BIO,1786915800000,-1,08-16
FET,1786915800000,-1,08-16
OP,1786915800000,-1,08-16
BLUR,1786915800000,-1,08-16
kSHIB,1786915800000,-1,08-16
CASHCAT,1786915800000,-1,08-16
SOL,1786915800000,-1,08-16
kNEIRO,1786915800000,-1,08-16
MON,1786915800000,-1,08-16
MET,1786915800000,-1,08-16
NEAR,1786916700000,-1,08-16
GRASS,1786916700000,-1,08-16
PUMP,1786916700000,-1,08-16
FARTCOIN,1786916700000,-1,08-16
BRETT,1786916700000,-1,08-16
kBONK,1786916700000,-1,08-16
SAND,1786917600000,-1,08-16
ATOM,1786917600000,-1,08-16
kBONK,1786917600000,-1,08-16
MON,1786917600000,-1,08-16
PUMP,1786917600000,-1,08-16
MON,1786918500000,-1,08-16
ADA,1786919400000,-1,08-16
MON,1786920300000,-1,08-16
MON,1786921200000,-1,08-16
MON,1786922100000,-1,08-16
GRAM,1786924800000,-1,08-17
PAXG,1786925700000,1,08-17
MON,1786925700000,-1,08-17
PAXG,1786926600000,1,08-17
SPX,1786926600000,-1,08-17
MON,1786926600000,-1,08-17
PAXG,1786928400000,1,08-17
KAITO,1786928400000,-1,08-17
PURR,1786929300000,1,08-17
HYPE,1786929300000,1,08-17
VVV,1786929300000,1,08-17
AERO,1786929300000,1,08-17
TRX,1786930200000,1,08-17
PURR,1786930200000,1,08-17
HYPE,1786930200000,1,08-17
AERO,1786930200000,1,08-17
MORPHO,1786930200000,1,08-17
SAND,1786933800000,1,08-17
PURR,1786934700000,1,08-17
ETH,1786934700000,1,08-17
HYPE,1786934700000,1,08-17
TAO,1786934700000,1,08-17
BTC,1786934700000,1,08-17
PURR,1786935600000,1,08-17
HYPE,1786935600000,1,08-17
EIGEN,1786938300000,1,08-17
PURR,1786938300000,1,08-17
JTO,1786938300000,1,08-17
TRX,1786939200000,1,08-17
JTO,1786939200000,1,08-17
MORPHO,1786939200000,1,08-17
VVV,1786939200000,1,08-17
PURR,1786939200000,1,08-17
MET,1786940100000,1,08-17
ORDI,1786941000000,1,08-17
ZORA,1786941900000,1,08-17
RENDER,1786941900000,1,08-17
PUMP,1786941900000,1,08-17
NEAR,1786941900000,1,08-17
ZORA,1786942800000,1,08-17
PUMP,1786942800000,1,08-17
NEAR,1786942800000,1,08-17
ORDI,1786942800000,1,08-17
ZORA,1786943700000,1,08-17
ZEC,1786943700000,1,08-17
MOVE,1786945500000,-1,08-17
ZEC,1786946400000,1,08-17
PUMP,1786947300000,1,08-17
ICP,1786948200000,1,08-17
ZEC,1786948200000,1,08-17
XRP,1786948200000,1,08-17
PUMP,1786948200000,1,08-17
ARB,1786948200000,1,08-17
BTC,1786949100000,1,08-17
STRK,1786949100000,1,08-17
TRX,1786949100000,1,08-17
ZRO,1786949100000,1,08-17
JTO,1786949100000,1,08-17
VVV,1786949100000,1,08-17
HYPE,1786949100000,1,08-17
ZRO,1786950000000,1,08-17
PUMP,1786950000000,1,08-17
PNUT,1786950900000,1,08-17
HBAR,1786950900000,1,08-17
ZRO,1786950900000,1,08-17
APE,1786950900000,1,08-17
MET,1786950900000,1,08-17
MORPHO,1786950900000,1,08-17
PURR,1786951800000,1,08-17
PEOPLE,1786951800000,-1,08-17
FET,1786952700000,-1,08-17
PURR,1786952700000,1,08-17
VIRTUAL,1786952700000,1,08-17
MORPHO,1786952700000,1,08-17
ZRO,1786954500000,1,08-17
MOVE,1786954500000,-1,08-17
LTC,1786954500000,-1,08-17
POL,1786956300000,1,08-17
BOME,1786956300000,-1,08-17
ATOM,1786956300000,-1,08-17
FET,1786956300000,-1,08-17
GRASS,1786957200000,-1,08-17
TRX,1786957200000,1,08-17
CRV,1786957200000,-1,08-17
AXS,1786957200000,-1,08-17
POL,1786957200000,1,08-17
MORPHO,1786957200000,1,08-17
BOME,1786957200000,-1,08-17
CRV,1786958100000,-1,08-17
ATOM,1786958100000,-1,08-17
MORPHO,1786958100000,1,08-17
MON,1786959900000,-1,08-17
HBAR,1786959900000,1,08-17
PEOPLE,1786959900000,-1,08-17
AXS,1786959900000,-1,08-17
ACE,1786960800000,1,08-17
ADA,1786961700000,-1,08-17
ACE,1786962600000,1,08-17
MINA,1786962600000,1,08-17
POL,1786963500000,1,08-17
POL,1786968900000,1,08-17
VIRTUAL,1786969800000,1,08-17
VIRTUAL,1786970700000,1,08-17
MINA,1786970700000,1,08-17
ENS,1786971600000,-1,08-17
VIRTUAL,1786971600000,1,08-17
SYRUP,1786971600000,1,08-17
CC,1786971600000,-1,08-17
BERA,1786971600000,1,08-17
AERO,1786971600000,1,08-17
BERA,1786972500000,1,08-17
CC,1786972500000,-1,08-17
VIRTUAL,1786972500000,1,08-17
AERO,1786973400000,1,08-17
VIRTUAL,1786973400000,1,08-17
VIRTUAL,1786974300000,1,08-17
SYRUP,1786975200000,1,08-17
SYRUP,1786976100000,1,08-17
HEMI,1786977000000,1,08-17
SYRUP,1786977000000,1,08-17
AAVE,1786977900000,1,08-17
KAITO,1786977900000,1,08-17
KAITO,1786978800000,1,08-17
MORPHO,1786978800000,1,08-17
BTC,1786979700000,1,08-17
VIRTUAL,1786980600000,1,08-17
BTC,1786980600000,1,08-17
AAVE,1786980600000,1,08-17
VVV,1786981500000,1,08-17
VIRTUAL,1786981500000,1,08-17
TRX,1786981500000,-1,08-17
SOL,1786981500000,1,08-17
HMSTR,1786981500000,1,08-17
TRX,1786982400000,-1,08-17
CC,1786982400000,-1,08-17
POL,1786986000000,1,08-17
VVV,1786986000000,1,08-17
ETHFI,1786987800000,-1,08-17
GRAM,1786987800000,-1,08-17
AVNT,1786988700000,-1,08-17
POL,1786990500000,1,08-17
BTC,1786990500000,1,08-17
CASHCAT,1786991400000,1,08-17
POL,1786991400000,1,08-17
BOME,1786992300000,-1,08-17
MNT,1786995000000,-1,08-17
WLD,1786995900000,-1,08-17
PEOPLE,1786996800000,-1,08-17
VVV,1786997700000,1,08-17
MEGA,1786998600000,1,08-17
ZEC,1786998600000,1,08-17
PENDLE,1786999500000,1,08-17
VVV,1787002200000,1,08-17
STRK,1787005800000,-1,08-17
kNEIRO,1787006700000,-1,08-17
MNT,1787006700000,-1,08-17
IMX,1787006700000,-1,08-17
MNT,1787007600000,-1,08-17
AAVE,1787008500000,1,08-17
MON,1787009400000,1,08-17
MON,1787010300000,1,08-17
JTO,1787011200000,-1,08-18
STX,1787011200000,-1,08-18
ALGO,1787011200000,-1,08-18
KAITO,1787011200000,-1,08-18
MOVE,1787011200000,-1,08-18
AVNT,1787011200000,-1,08-18
MON,1787012100000,1,08-18
PEOPLE,1787016600000,-1,08-18
SUI,1787017500000,-1,08-18
XRP,1787017500000,-1,08-18
BLUR,1787017500000,-1,08-18
DOT,1787017500000,-1,08-18
PYTH,1787017500000,-1,08-18
TRUMP,1787017500000,-1,08-18
AXS,1787017500000,-1,08-18
MOVE,1787017500000,-1,08-18
GALA,1787017500000,-1,08-18
OP,1787017500000,-1,08-18
ONDO,1787017500000,-1,08-18
kBONK,1787017500000,-1,08-18
SEI,1787017500000,-1,08-18
TAO,1787017500000,-1,08-18
kFLOKI,1787017500000,-1,08-18
DOT,1787018400000,-1,08-18
ENS,1787018400000,-1,08-18
OP,1787018400000,-1,08-18
SUSHI,1787018400000,-1,08-18
INJ,1787018400000,-1,08-18
STX,1787018400000,-1,08-18
ETC,1787019300000,-1,08-18
POPCAT,1787019300000,-1,08-18
ALGO,1787019300000,-1,08-18
MINA,1787019300000,-1,08-18
MNT,1787019300000,-1,08-18
TRUMP,1787019300000,-1,08-18
BCH,1787019300000,-1,08-18
SEI,1787019300000,-1,08-18
WLD,1787019300000,-1,08-18
ENS,1787019300000,-1,08-18
STX,1787019300000,-1,08-18
XLM,1787020200000,-1,08-18
kSHIB,1787020200000,-1,08-18
ENS,1787020200000,-1,08-18
TRB,1787020200000,-1,08-18
BNB,1787020200000,-1,08-18
ENA,1787020200000,-1,08-18
IMX,1787020200000,-1,08-18
EIGEN,1787020200000,-1,08-18
SAND,1787020200000,-1,08-18
BLUR,1787020200000,-1,08-18
SUSHI,1787020200000,-1,08-18
XPL,1787020200000,-1,08-18
ETC,1787020200000,-1,08-18
SPX,1787020200000,-1,08-18
FIL,1787020200000,-1,08-18
TIA,1787020200000,-1,08-18
GALA,1787020200000,-1,08-18
WLD,1787020200000,-1,08-18
SUI,1787020200000,-1,08-18
ADA,1787020200000,-1,08-18
DASH,1787021100000,-1,08-18
JUP,1787021100000,-1,08-18
ETC,1787021100000,-1,08-18
WIF,1787021100000,-1,08-18
SEI,1787021100000,-1,08-18
BLUR,1787021100000,-1,08-18
XLM,1787021100000,-1,08-18
ASTER,1787021100000,-1,08-18
AVAX,1787021100000,-1,08-18
DOT,1787021100000,-1,08-18
PYTH,1787021100000,-1,08-18
SUI,1787021100000,-1,08-18
kFLOKI,1787021100000,-1,08-18
kLUNC,1787021100000,-1,08-18
SPX,1787021100000,-1,08-18
LINK,1787021100000,-1,08-18
LINEA,1787021100000,-1,08-18
ARB,1787021100000,-1,08-18
APE,1787021100000,-1,08-18
MINA,1787021100000,-1,08-18
kBONK,1787021100000,-1,08-18
MELANIA,1787021100000,-1,08-18
ALGO,1787021100000,-1,08-18
XPL,1787021100000,-1,08-18
RENDER,1787021100000,-1,08-18
AXS,1787021100000,-1,08-18
TAO,1787021100000,-1,08-18
TIA,1787021100000,-1,08-18
WLD,1787021100000,-1,08-18
OP,1787021100000,-1,08-18
GRAM,1787021100000,-1,08-18
ONDO,1787021100000,-1,08-18
INJ,1787021100000,-1,08-18
TRUMP,1787021100000,-1,08-18
STRK,1787021100000,-1,08-18
RUNE,1787021100000,-1,08-18
GALA,1787021100000,-1,08-18
FIL,1787021100000,-1,08-18
SAND,1787021100000,-1,08-18
GRAM,1787022000000,-1,08-18
GALA,1787022000000,-1,08-18
ALGO,1787022000000,-1,08-18
JUP,1787022000000,-1,08-18
SAND,1787022000000,-1,08-18
IMX,1787022000000,-1,08-18
SEI,1787022000000,-1,08-18
STX,1787022000000,-1,08-18
WIF,1787022000000,-1,08-18
OP,1787022900000,-1,08-18
GALA,1787022900000,-1,08-18
IMX,1787022900000,-1,08-18
kSHIB,1787022900000,-1,08-18
RUNE,1787025600000,-1,08-18
GALA,1787026500000,-1,08-18
WLD,1787030100000,-1,08-18
ETHFI,1787031000000,-1,08-18
WLD,1787031000000,-1,08-18
PENDLE,1787032800000,1,08-18
SKY,1787033700000,1,08-18
PENDLE,1787033700000,1,08-18
VVV,1787033700000,1,08-18
NEAR,1787033700000,1,08-18
HYPE,1787034600000,1,08-18
ATOM,1787040000000,-1,08-18
PEOPLE,1787041800000,1,08-18
PEOPLE,1787042700000,1,08-18
VVV,1787042700000,1,08-18
ICP,1787044500000,-1,08-18
VVV,1787046300000,1,08-18
ZEN,1787047200000,-1,08-18
PEOPLE,1787047200000,1,08-18
ZEN,1787048100000,-1,08-18
TRUMP,1787049000000,1,08-18
VVV,1787049000000,1,08-18
BLUR,1787050800000,1,08-18
SOL,1787051700000,1,08-18
GRAM,1787054400000,-1,08-18
MINA,1787054400000,1,08-18
BNB,1787058000000,-1,08-18
SYRUP,1787058000000,-1,08-18
BNB,1787058900000,-1,08-18
CHIP,1787059800000,-1,08-18
MNT,1787059800000,-1,08-18
AXS,1787061600000,-1,08-18
CRV,1787061600000,-1,08-18
CHIP,1787061600000,-1,08-18
ADA,1787062500000,1,08-18
kBONK,1787062500000,1,08-18
BTC,1787062500000,1,08-18
SOL,1787062500000,1,08-18
ENA,1787062500000,1,08-18
ORDI,1787062500000,1,08-18
HBAR,1787062500000,1,08-18
ZRO,1787062500000,1,08-18
VIRTUAL,1787063400000,1,08-18
ETHFI,1787064300000,-1,08-18
PAXG,1787064300000,-1,08-18
PAXG,1787065200000,-1,08-18
MINA,1787067000000,1,08-18
ORDI,1787068800000,1,08-18
MNT,1787070600000,-1,08-18
AVNT,1787070600000,-1,08-18
AVNT,1787072400000,-1,08-18
ICP,1787072400000,-1,08-18
NEAR,1787073300000,-1,08-18
GRAM,1787074200000,1,08-18
MET,1787074200000,1,08-18
RUNE,1787075100000,-1,08-18
MET,1787075100000,1,08-18
RUNE,1787076000000,-1,08-18
MNT,1787076000000,-1,08-18
ATOM,1787077800000,1,08-18
PYTH,1787079600000,1,08-18
CAKE,1787079600000,1,08-18
CASHCAT,1787080500000,-1,08-18
SKY,1787081400000,1,08-18
PAXG,1787082300000,-1,08-18
MOVE,1787085000000,-1,08-18
ICP,1787085000000,-1,08-18
ETHFI,1787085900000,-1,08-18
MOVE,1787085900000,-1,08-18
DASH,1787085900000,-1,08-18
HBAR,1787086800000,1,08-18
MOVE,1787086800000,-1,08-18
ONDO,1787088600000,-1,08-18
PUMP,1787089500000,1,08-18
HBAR,1787090400000,1,08-18
PUMP,1787091300000,1,08-18
AAVE,1787092200000,-1,08-18
PUMP,1787095800000,1,08-18
CASHCAT,1787096700000,-1,08-18
PUMP,1787096700000,1,08-18
MET,1787096700000,1,08-18
DASH,1787097600000,-1,08-19
NEAR,1787097600000,-1,08-19
AERO,1787097600000,-1,08-19
AVNT,1787098500000,-1,08-19
IMX,1787099400000,-1,08-19
MOVE,1787099400000,-1,08-19
INJ,1787100300000,1,08-19
BCH,1787100300000,-1,08-19
AERO,1787103000000,-1,08-19
MON,1787105700000,1,08-19
RUNE,1787106600000,-1,08-19
LINK,1787108400000,1,08-19
ZRO,1787108400000,1,08-19
IMX,1787108400000,-1,08-19
LINK,1787109300000,1,08-19
FIL,1787110200000,1,08-19
ALGO,1787110200000,1,08-19
XLM,1787114700000,1,08-19
ARB,1787115600000,1,08-19
ZRO,1787115600000,1,08-19
HEMI,1787116500000,1,08-19
TAO,1787118300000,-1,08-19
BIO,1787118300000,1,08-19
MELANIA,1787118300000,1,08-19
VIRTUAL,1787119200000,-1,08-19
LINEA,1787119200000,-1,08-19
RUNE,1787119200000,-1,08-19
AVNT,1787119200000,-1,08-19
PNUT,1787119200000,-1,08-19
ZEN,1787119200000,-1,08-19
TAO,1787119200000,-1,08-19
MET,1787120100000,1,08-19
ZRO,1787121000000,1,08-19
LDO,1787121900000,1,08-19
INJ,1787121900000,1,08-19
APT,1787121900000,1,08-19
APT,1787122800000,1,08-19
AXS,1787122800000,1,08-19
SPX,1787122800000,1,08-19
BIO,1787124600000,1,08-19
ARB,1787124600000,1,08-19
BIO,1787127300000,1,08-19
CAKE,1787127300000,1,08-19
XRP,1787128200000,1,08-19
ETH,1787128200000,1,08-19
CAKE,1787128200000,1,08-19
LINK,1787128200000,1,08-19
ARB,1787128200000,1,08-19
LTC,1787129100000,1,08-19
ARB,1787129100000,1,08-19
NIL,1787130000000,-1,08-19
ZRO,1787130900000,1,08-19
APE,1787131800000,-1,08-19
SKY,1787133600000,1,08-19
TIA,1787133600000,1,08-19
APE,1787135400000,-1,08-19
PENGU,1787137200000,1,08-19
TIA,1787137200000,1,08-19
kSHIB,1787137200000,1,08-19
UNI,1787138100000,1,08-19
UNI,1787139900000,1,08-19
UNI,1787140800000,1,08-19
RUNE,1787140800000,1,08-19
BIO,1787140800000,1,08-19
RUNE,1787141700000,1,08-19
BIO,1787141700000,1,08-19
XPL,1787142600000,1,08-19
SOL,1787142600000,1,08-19
RENDER,1787142600000,1,08-19
kPEPE,1787142600000,1,08-19
WIF,1787142600000,1,08-19
PAXG,1787142600000,1,08-19
XRP,1787142600000,1,08-19
FARTCOIN,1787142600000,1,08-19
PAXG,1787143500000,1,08-19
ICP,1787143500000,-1,08-19
XPL,1787143500000,1,08-19
SOL,1787143500000,1,08-19
DOGE,1787143500000,1,08-19
ETH,1787143500000,1,08-19
ICP,1787144400000,-1,08-19
PAXG,1787144400000,1,08-19
kFLOKI,1787144400000,1,08-19
RUNE,1787144400000,1,08-19
SPX,1787144400000,1,08-19
XRP,1787144400000,1,08-19
XPL,1787144400000,1,08-19
JUP,1787144400000,1,08-19
XLM,1787145300000,1,08-19
XRP,1787145300000,1,08-19
RENDER,1787145300000,1,08-19
FARTCOIN,1787145300000,1,08-19
AVNT,1787146200000,-1,08-19
ZRO,1787146200000,1,08-19
ZRO,1787147100000,1,08-19
BTC,1787148000000,1,08-19
LTC,1787148000000,1,08-19
ACE,1787148000000,-1,08-19
PAXG,1787148900000,1,08-19
MNT,1787148900000,1,08-19
INJ,1787148900000,1,08-19
ZEC,1787148900000,1,08-19
BNB,1787149800000,1,08-19
ACE,1787149800000,-1,08-19
MNT,1787149800000,1,08-19
kFLOKI,1787149800000,1,08-19
ZEC,1787149800000,1,08-19
SOL,1787149800000,1,08-19
CRV,1787149800000,1,08-19
LDO,1787150700000,1,08-19
RENDER,1787150700000,1,08-19
SPX,1787150700000,1,08-19
CRV,1787150700000,1,08-19
ETC,1787150700000,1,08-19
MINA,1787150700000,1,08-19
BLUR,1787150700000,1,08-19
XPL,1787150700000,1,08-19
ADA,1787150700000,1,08-19
SKY,1787150700000,1,08-19
LTC,1787150700000,1,08-19
SOL,1787150700000,1,08-19
ETH,1787150700000,1,08-19
ZEC,1787150700000,1,08-19
BTC,1787150700000,1,08-19
UNI,1787150700000,1,08-19
TAO,1787150700000,1,08-19
FET,1787150700000,1,08-19
AAVE,1787150700000,1,08-19
AERO,1787150700000,1,08-19
SAND,1787150700000,1,08-19
XRP,1787150700000,1,08-19
XLM,1787150700000,1,08-19
TRB,1787150700000,1,08-19
ASTER,1787150700000,1,08-19
SEI,1787150700000,1,08-19
FARTCOIN,1787150700000,1,08-19
TRUMP,1787150700000,1,08-19
MNT,1787150700000,1,08-19
MOODENG,1787150700000,1,08-19
STRK,1787150700000,1,08-19
SUI,1787150700000,1,08-19
ONDO,1787150700000,1,08-19
BIO,1787150700000,1,08-19
BNB,1787150700000,1,08-19
STX,1787150700000,1,08-19
WIF,1787150700000,1,08-19
JTO,1787150700000,1,08-19
DOGE,1787150700000,1,08-19
ENS,1787150700000,1,08-19
kPEPE,1787150700000,1,08-19
HYPE,1787150700000,1,08-19
POPCAT,1787150700000,1,08-19
SUSHI,1787150700000,1,08-19
JUP,1787150700000,1,08-19
DASH,1787150700000,1,08-19
BCH,1787150700000,1,08-19
SUSHI,1787151600000,1,08-19
DASH,1787151600000,1,08-19
JUP,1787151600000,1,08-19
BNB,1787151600000,1,08-19
HYPE,1787151600000,1,08-19
BIO,1787151600000,1,08-19
ENS,1787151600000,1,08-19
ARB,1787151600000,1,08-19
ORDI,1787151600000,1,08-19
AVAX,1787151600000,1,08-19
JTO,1787151600000,1,08-19
DOGE,1787151600000,1,08-19
WIF,1787151600000,1,08-19
APT,1787151600000,1,08-19
SUI,1787151600000,1,08-19
BRETT,1787151600000,1,08-19
STX,1787151600000,1,08-19
ENA,1787151600000,1,08-19
PURR,1787151600000,1,08-19
ICP,1787151600000,1,08-19
FET,1787151600000,1,08-19
SEI,1787151600000,1,08-19
BOME,1787151600000,1,08-19
XRP,1787151600000,1,08-19
ASTER,1787151600000,1,08-19
ACE,1787151600000,-1,08-19
EIGEN,1787151600000,1,08-19
PYTH,1787151600000,1,08-19
TRB,1787151600000,1,08-19
AR,1787151600000,1,08-19
MNT,1787151600000,1,08-19
INJ,1787151600000,1,08-19
STRK,1787151600000,1,08-19
kPEPE,1787151600000,1,08-19
XLM,1787151600000,1,08-19
NEAR,1787151600000,1,08-19
ZEN,1787151600000,1,08-19
ONDO,1787151600000,1,08-19
BTC,1787151600000,1,08-19
ETH,1787151600000,1,08-19
HBAR,1787151600000,1,08-19
SPX,1787151600000,1,08-19
APE,1787151600000,1,08-19
SYRUP,1787151600000,1,08-19
ALGO,1787151600000,1,08-19
LDO,1787151600000,1,08-19
ETC,1787151600000,1,08-19
SOL,1787151600000,1,08-19
ADA,1787151600000,1,08-19
FIL,1787151600000,1,08-19
kNEIRO,1787151600000,1,08-19
kBONK,1787151600000,1,08-19
UNI,1787151600000,1,08-19
TIA,1787151600000,1,08-19
CC,1787151600000,1,08-19
SAND,1787151600000,1,08-19
kSHIB,1787151600000,1,08-19
AERO,1787151600000,1,08-19
ZEC,1787151600000,1,08-19
TAO,1787151600000,1,08-19
AAVE,1787151600000,1,08-19
OP,1787151600000,1,08-19
AAVE,1787152500000,1,08-19
XLM,1787152500000,1,08-19
NEAR,1787152500000,1,08-19
ASTER,1787152500000,1,08-19
ONDO,1787152500000,1,08-19
kSHIB,1787152500000,1,08-19
TAO,1787152500000,1,08-19
WLD,1787152500000,1,08-19
PENGU,1787152500000,1,08-19
AERO,1787152500000,1,08-19
ADA,1787152500000,1,08-19
BTC,1787152500000,1,08-19
XPL,1787152500000,1,08-19
kNEIRO,1787152500000,1,08-19
UNI,1787152500000,1,08-19
CAKE,1787152500000,1,08-19
TIA,1787152500000,1,08-19
MINA,1787152500000,1,08-19
CRV,1787152500000,1,08-19
AXS,1787152500000,1,08-19
LIT,1787152500000,1,08-19
ALGO,1787152500000,1,08-19
LINK,1787152500000,1,08-19
PNUT,1787152500000,1,08-19
LINEA,1787152500000,1,08-19
LTC,1787152500000,1,08-19
CC,1787152500000,1,08-19
MEGA,1787152500000,1,08-19
CHIP,1787152500000,1,08-19
APE,1787152500000,1,08-19
SUSHI,1787152500000,1,08-19
LDO,1787152500000,1,08-19
BOME,1787152500000,1,08-19
BERA,1787152500000,1,08-19
PURR,1787152500000,1,08-19
ICP,1787152500000,1,08-19
kPEPE,1787152500000,1,08-19
STRK,1787152500000,1,08-19
MON,1787152500000,1,08-19
PYTH,1787152500000,1,08-19
TRUMP,1787152500000,1,08-19
ENA,1787152500000,1,08-19
kFLOKI,1787152500000,1,08-19
VIRTUAL,1787152500000,1,08-19
AVAX,1787152500000,1,08-19
EIGEN,1787152500000,1,08-19
STX,1787152500000,1,08-19
MNT,1787152500000,1,08-19
INJ,1787152500000,1,08-19
AR,1787152500000,1,08-19
DOT,1787152500000,1,08-19
APT,1787152500000,1,08-19
JTO,1787152500000,1,08-19
PENDLE,1787152500000,1,08-19
DOGE,1787152500000,1,08-19
WIF,1787152500000,1,08-19
BCH,1787152500000,1,08-19
ZORA,1787152500000,1,08-19
SUI,1787152500000,1,08-19
JUP,1787152500000,1,08-19
DASH,1787152500000,1,08-19
MOODENG,1787152500000,1,08-19
ORDI,1787152500000,1,08-19
BNB,1787152500000,1,08-19
ARB,1787152500000,1,08-19
SPX,1787152500000,1,08-19
HBAR,1787152500000,1,08-19
ETC,1787152500000,1,08-19
RENDER,1787152500000,1,08-19
SAND,1787152500000,1,08-19
SEI,1787152500000,1,08-19
FET,1787152500000,1,08-19
ZEN,1787152500000,1,08-19
BLUR,1787152500000,1,08-19
OP,1787152500000,1,08-19
XRP,1787152500000,1,08-19
FARTCOIN,1787152500000,1,08-19
ETHFI,1787152500000,1,08-19
FIL,1787152500000,1,08-19
SKY,1787152500000,1,08-19
kBONK,1787152500000,1,08-19
ENS,1787152500000,1,08-19
HMSTR,1787152500000,1,08-19
HYPE,1787152500000,1,08-19
BIO,1787152500000,1,08-19
VVV,1787152500000,1,08-19
ETH,1787152500000,1,08-19
XRP,1787153400000,1,08-19
PURR,1787153400000,1,08-19
CC,1787153400000,1,08-19
HYPE,1787153400000,1,08-19
kBONK,1787153400000,1,08-19
BIO,1787153400000,1,08-19
BOME,1787153400000,1,08-19
LTC,1787153400000,1,08-19
PURR,1787154300000,1,08-19
BOME,1787154300000,1,08-19
HYPE,1787154300000,1,08-19
ARB,1787155200000,1,08-19
UNI,1787155200000,1,08-19
PURR,1787155200000,1,08-19
MEGA,1787155200000,1,08-19
BOME,1787156100000,1,08-19
ENA,1787156100000,1,08-19
MEGA,1787156100000,1,08-19
PEOPLE,1787156100000,1,08-19
UNI,1787156100000,1,08-19
PNUT,1787156100000,1,08-19
LIT,1787156100000,1,08-19
PURR,1787156100000,1,08-19
HBAR,1787156100000,1,08-19
PURR,1787157000000,1,08-19
MEGA,1787157000000,1,08-19
CASHCAT,1787157000000,1,08-19
UNI,1787157000000,1,08-19
PURR,1787157900000,1,08-19
MEGA,1787157900000,1,08-19
MELANIA,1787157900000,1,08-19
PEOPLE,1787157900000,1,08-19
BOME,1787157900000,1,08-19
ACE,1787158800000,-1,08-19
MINA,1787158800000,1,08-19
MEGA,1787158800000,1,08-19
CC,1787159700000,1,08-19
GRASS,1787159700000,-1,08-19
WLFI,1787159700000,1,08-19
MEGA,1787160600000,1,08-19
MEGA,1787162400000,1,08-19
TRX,1787162400000,-1,08-19
WLFI,1787162400000,1,08-19
MEGA,1787163300000,1,08-19
WLFI,1787163300000,1,08-19
BRETT,1787165100000,1,08-19
BRETT,1787166000000,1,08-19
PURR,1787166000000,1,08-19
HYPE,1787166000000,1,08-19
LIT,1787166000000,1,08-19
AVNT,1787166900000,1,08-19
HYPE,1787166900000,1,08-19
PURR,1787166900000,1,08-19
ARB,1787166900000,1,08-19
TIA,1787166900000,1,08-19
WLD,1787166900000,1,08-19
ASTER,1787166900000,1,08-19
LIT,1787166900000,1,08-19
TRUMP,1787167800000,1,08-19
TIA,1787167800000,1,08-19
WLD,1787167800000,1,08-19
ASTER,1787167800000,1,08-19
ARB,1787167800000,1,08-19
XPL,1787167800000,1,08-19
PYTH,1787167800000,1,08-19
INJ,1787168700000,1,08-19
TRUMP,1787168700000,1,08-19
MET,1787168700000,1,08-19
WLD,1787168700000,1,08-19
ORDI,1787168700000,1,08-19
TAO,1787169600000,1,08-19
MINA,1787169600000,1,08-19
ATOM,1787169600000,1,08-19
RENDER,1787169600000,1,08-19
ASTER,1787169600000,1,08-19
PYTH,1787169600000,1,08-19
ORDI,1787169600000,1,08-19
TRUMP,1787169600000,1,08-19
XRP,1787170500000,1,08-19
OP,1787170500000,1,08-19
TAO,1787171400000,1,08-19
ENA,1787171400000,1,08-19
TRUMP,1787171400000,1,08-19
LINK,1787171400000,1,08-19
MINA,1787171400000,1,08-19
XRP,1787171400000,1,08-19
AAVE,1787172300000,1,08-19
kSHIB,1787172300000,1,08-19
BNB,1787172300000,1,08-19
BERA,1787172300000,1,08-19
MOODENG,1787172300000,1,08-19
MNT,1787172300000,1,08-19
ADA,1787172300000,1,08-19
MINA,1787172300000,1,08-19
AERO,1787172300000,1,08-19
PNUT,1787172300000,1,08-19
LINK,1787172300000,1,08-19
LTC,1787172300000,1,08-19
LDO,1787172300000,1,08-19
JUP,1787172300000,1,08-19
IMX,1787172300000,1,08-19
APT,1787172300000,1,08-19
WIF,1787172300000,1,08-19
ARB,1787172300000,1,08-19
PYTH,1787172300000,1,08-19
TRUMP,1787172300000,1,08-19
BOME,1787172300000,1,08-19
GRAM,1787172300000,1,08-19
RENDER,1787172300000,1,08-19
FIL,1787172300000,1,08-19
XRP,1787172300000,1,08-19
FET,1787172300000,1,08-19
SOL,1787172300000,1,08-19
ETH,1787172300000,1,08-19
SKY,1787172300000,1,08-19
ASTER,1787172300000,1,08-19
ENS,1787172300000,1,08-19
SPX,1787172300000,1,08-19
ETC,1787172300000,1,08-19
STRK,1787172300000,1,08-19
ENA,1787172300000,1,08-19
BRETT,1787172300000,1,08-19
TIA,1787172300000,1,08-19
STX,1787172300000,1,08-19
EIGEN,1787172300000,1,08-19
kFLOKI,1787172300000,1,08-19
kLUNC,1787172300000,1,08-19
AVNT,1787172300000,1,08-19
SUI,1787172300000,1,08-19
DOGE,1787172300000,1,08-19
UNI,1787172300000,1,08-19
CRV,1787172300000,1,08-19
SUSHI,1787172300000,1,08-19
DASH,1787172300000,1,08-19
TAO,1787172300000,1,08-19
XLM,1787172300000,1,08-19
BLUR,1787172300000,1,08-19
ORDI,1787172300000,1,08-19
OP,1787172300000,1,08-19
ZEN,1787172300000,1,08-19
NEAR,1787173200000,1,08-19
AAVE,1787173200000,1,08-19
ZEN,1787173200000,1,08-19
ONDO,1787173200000,1,08-19
ORDI,1787173200000,1,08-19
CAKE,1787173200000,1,08-19
BERA,1787173200000,1,08-19
WLFI,1787173200000,1,08-19
TAO,1787173200000,1,08-19
DASH,1787173200000,1,08-19
CRV,1787173200000,1,08-19
SUI,1787173200000,1,08-19
AVAX,1787173200000,1,08-19
DOGE,1787173200000,1,08-19
UNI,1787173200000,1,08-19
AXS,1787173200000,1,08-19
PAXG,1787173200000,1,08-19
kLUNC,1787173200000,1,08-19
kFLOKI,1787173200000,1,08-19
MNT,1787173200000,1,08-19
DOT,1787173200000,1,08-19
EIGEN,1787173200000,1,08-19
MOODENG,1787173200000,1,08-19
STX,1787173200000,1,08-19
AVNT,1787173200000,1,08-19
BRETT,1787173200000,1,08-19
XPL,1787173200000,1,08-19
BCH,1787173200000,1,08-19
MINA,1787173200000,1,08-19
ADA,1787173200000,1,08-19
PENDLE,1787173200000,1,08-19
TIA,1787173200000,1,08-19
MET,1787173200000,1,08-19
SPX,1787173200000,1,08-19
ASTER,1787173200000,1,08-19
ATOM,1787173200000,1,08-19
ETC,1787173200000,1,08-19
ENS,1787173200000,1,08-19
STRK,1787173200000,1,08-19
ENA,1787173200000,1,08-19
MON,1787173200000,1,08-19
ETH,1787173200000,1,08-19
XRP,1787173200000,1,08-19
SEI,1787173200000,1,08-19
FET,1787173200000,1,08-19
FARTCOIN,1787173200000,1,08-19
SOL,1787173200000,1,08-19
ICP,1787173200000,1,08-19
APE,1787173200000,1,08-19
LINK,1787173200000,1,08-19
PNUT,1787173200000,1,08-19
BOME,1787173200000,1,08-19
ARB,1787173200000,1,08-19
LTC,1787173200000,1,08-19
kPEPE,1787173200000,1,08-19
GRAM,1787173200000,1,08-19
MELANIA,1787173200000,1,08-19
ZORA,1787173200000,1,08-19
ZEC,1787173200000,1,08-19
RENDER,1787173200000,1,08-19
FIL,1787173200000,1,08-19
kBONK,1787173200000,1,08-19
SAND,1787173200000,1,08-19
GALA,1787173200000,1,08-19
APT,1787173200000,1,08-19
PUMP,1787173200000,1,08-19
JUP,1787173200000,1,08-19
AR,1787173200000,1,08-19
MOVE,1787173200000,1,08-19
OP,1787173200000,1,08-19
MORPHO,1787173200000,1,08-19
JTO,1787173200000,1,08-19
LDO,1787173200000,1,08-19
POPCAT,1787173200000,1,08-19
HBAR,1787173200000,1,08-19
HMSTR,1787173200000,1,08-19
TRUMP,1787173200000,1,08-19
WIF,1787173200000,1,08-19
PYTH,1787173200000,1,08-19
XLM,1787173200000,1,08-19
kSHIB,1787173200000,1,08-19
BNB,1787173200000,1,08-19
FARTCOIN,1787174100000,1,08-19
ETC,1787174100000,1,08-19
APE,1787174100000,1,08-19
DOGE,1787174100000,1,08-19
UNI,1787174100000,1,08-19
kPEPE,1787174100000,1,08-19
kSHIB,1787174100000,1,08-19
XLM,1787174100000,1,08-19
GRAM,1787174100000,1,08-19
JUP,1787174100000,1,08-19
MELANIA,1787174100000,1,08-19
TRUMP,1787174100000,1,08-19
ARB,1787174100000,1,08-19
XRP,1787174100000,1,08-19
WLFI,1787174100000,1,08-19
BCH,1787174100000,1,08-19
ADA,1787174100000,1,08-19
MINA,1787174100000,1,08-19
MET,1787174100000,1,08-19
kPEPE,1787175000000,1,08-19
NEAR,1787175000000,1,08-19
BNB,1787175000000,1,08-19
XRP,1787175000000,1,08-19
TAO,1787175000000,1,08-19
INJ,1787175900000,1,08-19
kSHIB,1787175900000,1,08-19
RENDER,1787175900000,1,08-19
POPCAT,1787175900000,1,08-19
ARB,1787175900000,1,08-19
MELANIA,1787175900000,1,08-19
kPEPE,1787175900000,1,08-19
DASH,1787175900000,1,08-19
TAO,1787175900000,1,08-19
XRP,1787175900000,1,08-19
XMR,1787176800000,1,08-19
GRASS,1787176800000,-1,08-19
CASHCAT,1787176800000,1,08-19
MET,1787177700000,1,08-19
ARB,1787177700000,1,08-19
MNT,1787177700000,1,08-19
MET,1787178600000,1,08-19
MNT,1787179500000,1,08-19
XMR,1787179500000,1,08-19
MNT,1787180400000,1,08-19
TRX,1787180400000,1,08-19
TRUMP,1787180400000,1,08-19
MET,1787180400000,1,08-19
GRASS,1787180400000,-1,08-19
GRASS,1787181300000,-1,08-19
JTO,1787181300000,1,08-19
PENDLE,1787183100000,1,08-19
TRX,1787183100000,1,08-19
AERO,1787184000000,1,08-20
ICP,1787184000000,1,08-20
ICP,1787184900000,1,08-20
kSHIB,1787184900000,1,08-20
TRUMP,1787184900000,1,08-20
SPX,1787184900000,1,08-20
AERO,1787184900000,1,08-20
MET,1787184900000,1,08-20
STX,1787184900000,1,08-20
SAND,1787184900000,1,08-20
MELANIA,1787185800000,1,08-20
POPCAT,1787186700000,1,08-20
MNT,1787188500000,1,08-20
MNT,1787189400000,1,08-20
AERO,1787190300000,1,08-20
XMR,1787190300000,1,08-20
MNT,1787190300000,1,08-20
MNT,1787191200000,1,08-20
MNT,1787192100000,1,08-20
PENDLE,1787192100000,1,08-20
MNT,1787193000000,1,08-20
GRASS,1787193900000,-1,08-20
PUMP,1787193900000,1,08-20
MON,1787195700000,1,08-20
MET,1787195700000,1,08-20
CRV,1787196600000,1,08-20
kNEIRO,1787198400000,1,08-20
AERO,1787198400000,1,08-20
PNUT,1787198400000,1,08-20
ASTER,1787199300000,1,08-20
AERO,1787200200000,1,08-20
CHIP,1787200200000,1,08-20
LIT,1787201100000,1,08-20
INJ,1787201100000,1,08-20
CHIP,1787202000000,1,08-20
ASTER,1787202000000,1,08-20
XMR,1787202900000,-1,08-20
MINA,1787204700000,1,08-20
MINA,1787205600000,1,08-20
BOME,1787206500000,1,08-20
BIO,1787206500000,1,08-20
BOME,1787207400000,1,08-20
kNEIRO,1787207400000,1,08-20
MINA,1787208300000,1,08-20
MON,1787208300000,1,08-20
SPX,1787208300000,1,08-20
ASTER,1787208300000,1,08-20
BOME,1787208300000,1,08-20
BOME,1787209200000,1,08-20
ETHFI,1787209200000,1,08-20
SPX,1787209200000,1,08-20
MOODENG,1787209200000,1,08-20
BOME,1787210100000,1,08-20
kNEIRO,1787210100000,1,08-20
WLFI,1787210100000,-1,08-20
PNUT,1787210100000,1,08-20
ETHFI,1787211000000,1,08-20
WLFI,1787211000000,-1,08-20
WLFI,1787211900000,-1,08-20
ETHFI,1787211900000,1,08-20
DASH,1787212800000,1,08-20
kFLOKI,1787212800000,1,08-20
kBONK,1787212800000,1,08-20
kPEPE,1787212800000,1,08-20
SPX,1787212800000,1,08-20
ETC,1787212800000,1,08-20
BCH,1787212800000,1,08-20
STRK,1787212800000,1,08-20
ENA,1787212800000,1,08-20
BTC,1787212800000,1,08-20
EIGEN,1787212800000,1,08-20
AXS,1787212800000,1,08-20
STX,1787212800000,1,08-20
ASTER,1787212800000,1,08-20
AAVE,1787212800000,1,08-20
BLUR,1787212800000,1,08-20
kSHIB,1787212800000,1,08-20
POPCAT,1787212800000,1,08-20
AERO,1787212800000,1,08-20
AXS,1787213700000,1,08-20
MET,1787213700000,1,08-20
SPX,1787213700000,1,08-20
PENGU,1787213700000,1,08-20
BCH,1787213700000,1,08-20
kFLOKI,1787213700000,1,08-20
kPEPE,1787213700000,1,08-20
LINEA,1787213700000,1,08-20
INJ,1787213700000,1,08-20
ZRO,1787213700000,1,08-20
XLM,1787214600000,1,08-20
INJ,1787214600000,1,08-20
kPEPE,1787214600000,1,08-20
JUP,1787214600000,1,08-20
ORDI,1787214600000,1,08-20
PENGU,1787214600000,1,08-20
ETC,1787214600000,1,08-20
kBONK,1787214600000,1,08-20
kSHIB,1787214600000,1,08-20
kPEPE,1787215500000,1,08-20
PENGU,1787215500000,1,08-20
JUP,1787215500000,1,08-20
INJ,1787215500000,1,08-20
BIO,1787215500000,1,08-20
kNEIRO,1787215500000,1,08-20
ETHFI,1787215500000,1,08-20
FET,1787215500000,1,08-20
TRB,1787215500000,1,08-20
AVNT,1787215500000,1,08-20
ZRO,1787215500000,1,08-20
HMSTR,1787216400000,1,08-20
FET,1787216400000,1,08-20
SUI,1787216400000,1,08-20
PYTH,1787216400000,1,08-20
INJ,1787216400000,1,08-20
HYPE,1787216400000,1,08-20
TRX,1787216400000,1,08-20
AXS,1787217300000,1,08-20
GRAM,1787217300000,1,08-20
BOME,1787218200000,1,08-20
GRAM,1787218200000,1,08-20
VIRTUAL,1787218200000,1,08-20
MOODENG,1787218200000,1,08-20
JTO,1787218200000,1,08-20
VIRTUAL,1787220000000,1,08-20
ORDI,1787220000000,1,08-20
ALGO,1787220000000,1,08-20
BRETT,1787220000000,1,08-20
BOME,1787220000000,1,08-20
XLM,1787220000000,1,08-20
RENDER,1787220900000,1,08-20
INJ,1787220900000,1,08-20
SUI,1787220900000,1,08-20
WIF,1787220900000,1,08-20
APE,1787220900000,1,08-20
ORDI,1787221800000,1,08-20
DOT,1787221800000,1,08-20
BOME,1787222700000,1,08-20
ORDI,1787222700000,1,08-20
TRX,1787222700000,1,08-20
MEGA,1787223600000,1,08-20
ENA,1787223600000,1,08-20
XLM,1787224500000,1,08-20
BRETT,1787224500000,1,08-20
PENGU,1787224500000,1,08-20
BOME,1787224500000,1,08-20
STRK,1787224500000,1,08-20
GRAM,1787225400000,1,08-20
PENGU,1787225400000,1,08-20
ORDI,1787225400000,1,08-20
CHIP,1787225400000,1,08-20
STRK,1787225400000,1,08-20
BRETT,1787225400000,1,08-20
MON,1787225400000,1,08-20
ONDO,1787225400000,1,08-20
LINEA,1787225400000,1,08-20
PUMP,1787225400000,1,08-20
TRX,1787225400000,1,08-20
kNEIRO,1787225400000,1,08-20
PENGU,1787226300000,1,08-20
WIF,1787227200000,1,08-20
DOT,1787227200000,1,08-20
kNEIRO,1787227200000,1,08-20
STRK,1787227200000,1,08-20
DOT,1787228100000,1,08-20
kNEIRO,1787228100000,1,08-20
POPCAT,1787228100000,1,08-20
BERA,1787230800000,1,08-20
SYRUP,1787230800000,1,08-20
TRX,1787230800000,1,08-20
SYRUP,1787231700000,1,08-20
GALA,1787232600000,1,08-20
PNUT,1787233500000,1,08-20
LINEA,1787233500000,1,08-20
IMX,1787234400000,1,08-20
POPCAT,1787234400000,1,08-20
WIF,1787234400000,1,08-20
DOGE,1787234400000,1,08-20
SYRUP,1787234400000,1,08-20
BERA,1787234400000,1,08-20
STX,1787235300000,1,08-20
PEOPLE,1787237100000,1,08-20
MOODENG,1787237100000,1,08-20
STRK,1787237100000,1,08-20
LTC,1787237100000,1,08-20
MORPHO,1787238000000,1,08-20
DOT,1787238000000,1,08-20
DOGE,1787238000000,1,08-20
ENS,1787238000000,1,08-20
XPL,1787238000000,1,08-20
STRK,1787238000000,1,08-20
PUMP,1787238000000,1,08-20
LINEA,1787238000000,1,08-20
PEOPLE,1787238000000,1,08-20
IMX,1787238000000,1,08-20
TIA,1787238000000,1,08-20
AVAX,1787238900000,1,08-20
FIL,1787238900000,1,08-20
POPCAT,1787238900000,1,08-20
PEOPLE,1787238900000,1,08-20
GALA,1787239800000,1,08-20
IMX,1787239800000,1,08-20
STRK,1787240700000,1,08-20
LTC,1787240700000,1,08-20
ZEN,1787241600000,1,08-20
MINA,1787241600000,1,08-20
TRX,1787241600000,1,08-20
PEOPLE,1787241600000,1,08-20
XRP,1787242500000,1,08-20
ZEC,1787243400000,1,08-20
kFLOKI,1787243400000,1,08-20
PENGU,1787243400000,1,08-20
ZORA,1787243400000,1,08-20
AR,1787243400000,1,08-20
MOODENG,1787243400000,1,08-20
BNB,1787243400000,1,08-20
LTC,1787243400000,1,08-20
XRP,1787243400000,1,08-20
DASH,1787243400000,1,08-20
AVAX,1787243400000,1,08-20
BCH,1787243400000,1,08-20
TIA,1787243400000,1,08-20
FIL,1787243400000,1,08-20
ENS,1787243400000,1,08-20
MOVE,1787243400000,1,08-20
MINA,1787244300000,1,08-20
FIL,1787244300000,1,08-20
FARTCOIN,1787244300000,1,08-20
APE,1787244300000,1,08-20
LTC,1787244300000,1,08-20
DASH,1787244300000,1,08-20
AVAX,1787244300000,1,08-20
MOODENG,1787244300000,1,08-20
DOT,1787244300000,1,08-20
SEI,1787244300000,1,08-20
XRP,1787244300000,1,08-20
EIGEN,1787244300000,1,08-20
PEOPLE,1787244300000,1,08-20
FET,1787245200000,1,08-20
XLM,1787245200000,1,08-20
TIA,1787245200000,1,08-20
ATOM,1787245200000,1,08-20
PEOPLE,1787245200000,1,08-20
DASH,1787245200000,1,08-20
BCH,1787245200000,1,08-20
AR,1787245200000,1,08-20
FIL,1787246100000,1,08-20
TIA,1787246100000,1,08-20
POPCAT,1787246100000,1,08-20
EIGEN,1787246100000,1,08-20
APT,1787246100000,1,08-20
WIF,1787246100000,1,08-20
XLM,1787246100000,1,08-20
MOVE,1787246100000,1,08-20
FET,1787246100000,1,08-20
SEI,1787246100000,1,08-20
ADA,1787247000000,1,08-20
FIL,1787247000000,1,08-20
ZEN,1787247000000,1,08-20
FET,1787247000000,1,08-20
XRP,1787247000000,1,08-20
ENA,1787247000000,1,08-20
WIF,1787247000000,1,08-20
FIL,1787247900000,1,08-20
DOT,1787247900000,1,08-20
MINA,1787248800000,1,08-20
ENA,1787252400000,1,08-20
PEOPLE,1787253300000,1,08-20
MINA,1787257800000,1,08-20
BERA,1787258700000,1,08-20
PEOPLE,1787259600000,1,08-20
SUSHI,1787261400000,1,08-20
GRASS,1787261400000,1,08-20
ENA,1787263200000,1,08-20
MON,1787263200000,1,08-20
ZORA,1787265000000,1,08-20
TAO,1787266800000,1,08-20
TAO,1787267700000,1,08-20
PUMP,1787267700000,1,08-20
CHIP,1787268600000,1,08-20
AXS,1787270400000,1,08-21
MOVE,1787270400000,1,08-21
BERA,1787270400000,1,08-21
MOVE,1787271300000,1,08-21
SOL,1787271300000,1,08-21
BTC,1787271300000,1,08-21
CHIP,1787272200000,1,08-21
UNI,1787273100000,1,08-21
PENDLE,1787274000000,1,08-21
UNI,1787274000000,1,08-21
BTC,1787274900000,1,08-21
BTC,1787276700000,1,08-21
SPX,1787277600000,1,08-21
ATOM,1787277600000,1,08-21
PYTH,1787277600000,1,08-21
ICP,1787278500000,1,08-21
ENS,1787278500000,1,08-21
PENGU,1787278500000,1,08-21
CRV,1787278500000,1,08-21
CHIP,1787279400000,1,08-21
PENGU,1787279400000,1,08-21
ZORA,1787280300000,1,08-21
ONDO,1787280300000,1,08-21
ZORA,1787281200000,1,08-21
HEMI,1787282100000,1,08-21
ENA,1787283000000,1,08-21
NEAR,1787283000000,1,08-21
CRV,1787283900000,1,08-21
STX,1787284800000,1,08-21
SPX,1787285700000,1,08-21
EIGEN,1787286600000,1,08-21
TIA,1787287500000,1,08-21
NEAR,1787287500000,1,08-21
EIGEN,1787287500000,1,08-21
EIGEN,1787288400000,1,08-21
VVV,1787288400000,1,08-21
PYTH,1787288400000,1,08-21
ENA,1787288400000,1,08-21
SKY,1787289300000,1,08-21
kBONK,1787289300000,1,08-21
ENA,1787289300000,1,08-21
DASH,1787289300000,1,08-21
CAKE,1787289300000,1,08-21
BLUR,1787290200000,1,08-21
kNEIRO,1787290200000,1,08-21
kBONK,1787290200000,1,08-21
WIF,1787290200000,1,08-21
kSHIB,1787290200000,1,08-21
PYTH,1787290200000,1,08-21
BCH,1787291100000,1,08-21
GRAM,1787291100000,1,08-21
kNEIRO,1787291100000,1,08-21
PENGU,1787291100000,1,08-21
APT,1787291100000,1,08-21
ENA,1787291100000,1,08-21
EIGEN,1787292000000,1,08-21
SOL,1787292000000,1,08-21
PYTH,1787292000000,1,08-21
SAND,1787292000000,1,08-21
SUSHI,1787292000000,1,08-21
FARTCOIN,1787292000000,1,08-21
GRAM,1787292000000,1,08-21
VVV,1787292900000,1,08-21
MINA,1787292900000,1,08-21
BCH,1787292900000,1,08-21
PYTH,1787293800000,1,08-21
kSHIB,1787294700000,1,08-21
MON,1787294700000,1,08-21
UNI,1787294700000,1,08-21
BCH,1787295600000,1,08-21
kSHIB,1787295600000,1,08-21
MINA,1787295600000,1,08-21
kBONK,1787295600000,1,08-21
DOT,1787295600000,1,08-21
POL,1787295600000,1,08-21
APT,1787296500000,1,08-21
UNI,1787296500000,1,08-21
VVV,1787296500000,1,08-21
BTC,1787296500000,1,08-21
ZEC,1787296500000,1,08-21
VIRTUAL,1787296500000,1,08-21
DASH,1787296500000,1,08-21
ONDO,1787296500000,1,08-21
RUNE,1787296500000,1,08-21
BLUR,1787296500000,1,08-21
APE,1787296500000,1,08-21
ATOM,1787296500000,1,08-21
LDO,1787296500000,1,08-21
ARB,1787296500000,1,08-21
kBONK,1787296500000,1,08-21
TAO,1787296500000,1,08-21
LINK,1787296500000,1,08-21
DOT,1787296500000,1,08-21
kBONK,1787297400000,1,08-21
kSHIB,1787297400000,1,08-21
FET,1787297400000,1,08-21
TIA,1787297400000,1,08-21
PEOPLE,1787297400000,1,08-21
APT,1787297400000,1,08-21
HMSTR,1787297400000,1,08-21
ZEC,1787297400000,1,08-21
LTC,1787297400000,1,08-21
SAND,1787297400000,1,08-21
ONDO,1787297400000,1,08-21
ZEN,1787297400000,1,08-21
RENDER,1787298300000,1,08-21
INJ,1787298300000,1,08-21
NEAR,1787298300000,1,08-21
ONDO,1787298300000,1,08-21
STRK,1787298300000,1,08-21
APE,1787298300000,1,08-21
BCH,1787298300000,1,08-21
GALA,1787298300000,1,08-21
AAVE,1787298300000,1,08-21
FARTCOIN,1787298300000,1,08-21
MEGA,1787298300000,1,08-21
ASTER,1787298300000,1,08-21
PENGU,1787298300000,1,08-21
BRETT,1787298300000,1,08-21
CAKE,1787299200000,1,08-21
BERA,1787299200000,1,08-21
BNB,1787299200000,1,08-21
LTC,1787299200000,1,08-21
ASTER,1787299200000,1,08-21
ATOM,1787299200000,1,08-21
AAVE,1787299200000,1,08-21
ADA,1787299200000,1,08-21
RENDER,1787300100000,1,08-21
DOT,1787300100000,1,08-21
LINEA,1787300100000,1,08-21
LTC,1787300100000,1,08-21
PAXG,1787300100000,1,08-21
BERA,1787300100000,1,08-21
CAKE,1787300100000,1,08-21
ENS,1787300100000,1,08-21
ALGO,1787300100000,1,08-21
MELANIA,1787300100000,1,08-21
AAVE,1787300100000,1,08-21
MINA,1787300100000,1,08-21
INJ,1787300100000,1,08-21
kSHIB,1787300100000,1,08-21
ASTER,1787300100000,1,08-21
ATOM,1787300100000,1,08-21
SUI,1787300100000,1,08-21
ETC,1787300100000,1,08-21
RENDER,1787301000000,1,08-21
INJ,1787301000000,1,08-21
DOT,1787301000000,1,08-21
ENA,1787301000000,1,08-21
kFLOKI,1787301000000,1,08-21
BLUR,1787301000000,1,08-21
LINEA,1787301000000,1,08-21
FIL,1787301000000,1,08-21
FET,1787301000000,1,08-21
APE,1787301000000,1,08-21
MNT,1787301000000,1,08-21
DOGE,1787301000000,1,08-21
kSHIB,1787301000000,1,08-21
AAVE,1787301000000,1,08-21
HBAR,1787301000000,1,08-21
SOL,1787301000000,1,08-21
EIGEN,1787301000000,1,08-21
PEOPLE,1787301000000,1,08-21
APT,1787301000000,1,08-21
VIRTUAL,1787301000000,1,08-21
ETC,1787301000000,1,08-21
ATOM,1787301000000,1,08-21
ALGO,1787301000000,1,08-21
ZEN,1787301000000,1,08-21
ENS,1787301000000,1,08-21
SKY,1787301900000,1,08-21
BTC,1787301900000,1,08-21
DOGE,1787301900000,1,08-21
RENDER,1787301900000,1,08-21
ENA,1787301900000,1,08-21
OP,1787301900000,1,08-21
APT,1787301900000,1,08-21
WLD,1787301900000,1,08-21
ENS,1787301900000,1,08-21
XLM,1787301900000,1,08-21
PAXG,1787301900000,1,08-21
EIGEN,1787301900000,1,08-21
PEOPLE,1787301900000,1,08-21
STRK,1787301900000,1,08-21
MINA,1787301900000,1,08-21
ATOM,1787301900000,1,08-21
FET,1787301900000,1,08-21
ZEN,1787301900000,1,08-21
DOT,1787301900000,1,08-21
LTC,1787301900000,1,08-21
LINEA,1787301900000,1,08-21
kFLOKI,1787301900000,1,08-21
STX,1787301900000,1,08-21
HBAR,1787301900000,1,08-21
SUI,1787301900000,1,08-21
INJ,1787301900000,1,08-21
CAKE,1787301900000,1,08-21
AVNT,1787301900000,1,08-21
LDO,1787301900000,1,08-21
AAVE,1787301900000,1,08-21
ADA,1787301900000,1,08-21
ALGO,1787301900000,1,08-21
APE,1787301900000,1,08-21
TRB,1787301900000,1,08-21
TIA,1787301900000,1,08-21
APT,1787304600000,1,08-21
JTO,1787304600000,1,08-21
TRX,1787304600000,1,08-21
TIA,1787304600000,1,08-21
XPL,1787304600000,1,08-21
WLD,1787305500000,1,08-21
ZEN,1787305500000,1,08-21
ZRO,1787305500000,1,08-21
MELANIA,1787305500000,1,08-21
ENS,1787306400000,1,08-21
MINA,1787306400000,1,08-21
ZRO,1787306400000,1,08-21
XPL,1787306400000,1,08-21
AAVE,1787307300000,1,08-21
AAVE,1787308200000,1,08-21
ZRO,1787308200000,1,08-21
SYRUP,1787308200000,1,08-21
PENGU,1787308200000,1,08-21
PUMP,1787309100000,1,08-21
SEI,1787309100000,1,08-21
ZRO,1787309100000,1,08-21
ZEN,1787309100000,1,08-21
BERA,1787309100000,1,08-21
WIF,1787310000000,1,08-21
BERA,1787310000000,1,08-21
VIRTUAL,1787310000000,1,08-21
AAVE,1787310000000,1,08-21
TIA,1787310900000,1,08-21
JUP,1787310900000,1,08-21
JUP,1787311800000,1,08-21
CASHCAT,1787311800000,1,08-21
ZRO,1787311800000,1,08-21
HMSTR,1787312700000,1,08-21
HEMI,1787312700000,1,08-21
MEGA,1787312700000,1,08-21
MOVE,1787313600000,1,08-21
APT,1787313600000,1,08-21
TIA,1787313600000,1,08-21
JUP,1787313600000,1,08-21
ACE,1787314500000,-1,08-21
ZORA,1787314500000,1,08-21
MELANIA,1787315400000,1,08-21
FARTCOIN,1787315400000,1,08-21
TRUMP,1787315400000,1,08-21
ZORA,1787315400000,1,08-21
TIA,1787315400000,1,08-21
TRB,1787316300000,1,08-21
TRUMP,1787316300000,1,08-21
AVNT,1787316300000,1,08-21
MORPHO,1787317200000,1,08-21
HYPE,1787317200000,1,08-21
HYPE,1787318100000,1,08-21
VIRTUAL,1787319000000,1,08-21
ZRO,1787319900000,1,08-21
BCH,1787319900000,1,08-21
SEI,1787319900000,1,08-21
VIRTUAL,1787319900000,1,08-21
JUP,1787319900000,1,08-21
VIRTUAL,1787321700000,1,08-21
TIA,1787321700000,1,08-21
ONDO,1787322600000,1,08-21
PENGU,1787322600000,1,08-21
TIA,1787323500000,1,08-21
kSHIB,1787323500000,1,08-21
MOVE,1787323500000,1,08-21
ETHFI,1787323500000,1,08-21
BRETT,1787323500000,1,08-21
PENGU,1787323500000,1,08-21
OP,1787323500000,1,08-21
TRUMP,1787324400000,1,08-21
ICP,1787324400000,1,08-21
ADA,1787324400000,1,08-21
ONDO,1787324400000,1,08-21
MORPHO,1787324400000,1,08-21
ETHFI,1787325300000,1,08-21
ONDO,1787325300000,1,08-21
ONDO,1787326200000,1,08-21
MORPHO,1787326200000,1,08-21
PURR,1787328000000,1,08-21
ONDO,1787328000000,1,08-21
ENS,1787328900000,1,08-21
kBONK,1787328900000,1,08-21
ZEC,1787328900000,1,08-21
kBONK,1787329800000,1,08-21
BCH,1787330700000,1,08-21
kBONK,1787331600000,1,08-21
kPEPE,1787331600000,1,08-21
LIT,1787331600000,1,08-21
WIF,1787331600000,1,08-21
LIT,1787332500000,1,08-21
POPCAT,1787335200000,1,08-21
ETC,1787335200000,1,08-21
kPEPE,1787335200000,1,08-21
GALA,1787335200000,1,08-21
kFLOKI,1787335200000,1,08-21
ETC,1787336100000,1,08-21
MOODENG,1787336100000,1,08-21
MINA,1787336100000,1,08-21
SYRUP,1787337000000,1,08-21
MNT,1787337000000,-1,08-21
XMR,1787337000000,-1,08-21
KAITO,1787337900000,1,08-21
STX,1787339700000,1,08-21
LIT,1787339700000,1,08-21
ETHFI,1787343300000,1,08-21
STX,1787343300000,1,08-21
ZEC,1787343300000,1,08-21
SKY,1787344200000,1,08-21
DOGE,1787344200000,1,08-21
FET,1787344200000,1,08-21
FIL,1787345100000,1,08-21
AAVE,1787345100000,1,08-21
APE,1787345100000,1,08-21
AAVE,1787346000000,1,08-21
SKY,1787346000000,1,08-21
ZEN,1787346000000,1,08-21
APE,1787346000000,1,08-21
PURR,1787346000000,1,08-21
NEAR,1787346900000,1,08-21
DASH,1787346900000,1,08-21
DOT,1787346900000,1,08-21
kSHIB,1787346900000,1,08-21
SKY,1787346900000,1,08-21
kFLOKI,1787346900000,1,08-21
TRX,1787346900000,1,08-21
kSHIB,1787347800000,1,08-21
SKY,1787347800000,1,08-21
UNI,1787347800000,1,08-21
ALGO,1787347800000,1,08-21
DOT,1787347800000,1,08-21
CC,1787347800000,1,08-21
DOGE,1787347800000,1,08-21
kSHIB,1787348700000,1,08-21
AAVE,1787348700000,1,08-21
DOT,1787348700000,1,08-21
DASH,1787348700000,1,08-21
DOGE,1787348700000,1,08-21
kFLOKI,1787348700000,1,08-21
STX,1787348700000,1,08-21
SKY,1787348700000,1,08-21
BLUR,1787348700000,1,08-21
KAITO,1787348700000,1,08-21
XLM,1787348700000,1,08-21
DOT,1787349600000,1,08-21
kFLOKI,1787349600000,1,08-21
KAITO,1787349600000,1,08-21
LINK,1787349600000,1,08-21
DOGE,1787349600000,1,08-21
STX,1787349600000,1,08-21
BLUR,1787349600000,1,08-21
BNB,1787349600000,1,08-21
AVAX,1787349600000,1,08-21
ATOM,1787349600000,1,08-21
APE,1787349600000,1,08-21
TRX,1787349600000,1,08-21
kSHIB,1787349600000,1,08-21
XLM,1787350500000,1,08-21
PENGU,1787350500000,1,08-21
kSHIB,1787350500000,1,08-21
kSHIB,1787351400000,1,08-21
UNI,1787351400000,1,08-21
XRP,1787351400000,1,08-21
BNB,1787352300000,1,08-21
MINA,1787352300000,1,08-21
INJ,1787352300000,1,08-21
kSHIB,1787352300000,1,08-21
XLM,1787352300000,1,08-21
AR,1787352300000,1,08-21
BRETT,1787352300000,1,08-21
BLUR,1787352300000,1,08-21
LTC,1787352300000,1,08-21
DOT,1787352300000,1,08-21
ZEN,1787353200000,1,08-21
ETC,1787354100000,1,08-21
INJ,1787354100000,1,08-21
APE,1787354100000,1,08-21
APE,1787355000000,1,08-21
TRX,1787355900000,1,08-21
AXS,1787356800000,1,08-22
ETC,1787356800000,1,08-22
KAITO,1787357700000,1,08-22
SUSHI,1787357700000,1,08-22
ETC,1787357700000,1,08-22
KAITO,1787358600000,1,08-22
PENDLE,1787358600000,1,08-22
TRX,1787359500000,1,08-22
FIL,1787359500000,1,08-22
XLM,1787360400000,1,08-22
TRX,1787360400000,1,08-22
DOT,1787360400000,1,08-22
XLM,1787361300000,1,08-22
RENDER,1787361300000,1,08-22
PENDLE,1787362200000,1,08-22
RENDER,1787362200000,1,08-22
APE,1787362200000,1,08-22
ZEC,1787363100000,1,08-22
ZEN,1787363100000,1,08-22
DASH,1787363100000,1,08-22
INJ,1787364000000,1,08-22
ZEN,1787364000000,1,08-22
SUSHI,1787364000000,1,08-22
DASH,1787364000000,1,08-22
TRUMP,1787364900000,1,08-22
TAO,1787364900000,1,08-22
STX,1787364900000,1,08-22
MOVE,1787364900000,1,08-22
TRB,1787364900000,1,08-22
FIL,1787364900000,1,08-22
DOT,1787364900000,1,08-22
HMSTR,1787364900000,1,08-22
INJ,1787364900000,1,08-22
MELANIA,1787364900000,1,08-22
ICP,1787364900000,1,08-22
XMR,1787364900000,1,08-22
PYTH,1787364900000,1,08-22
APE,1787364900000,1,08-22
ICP,1787365800000,1,08-22
ATOM,1787365800000,1,08-22
XMR,1787365800000,1,08-22
TRX,1787365800000,1,08-22
TAO,1787365800000,1,08-22
SUI,1787365800000,1,08-22
TRUMP,1787365800000,1,08-22
MELANIA,1787365800000,1,08-22
HYPE,1787365800000,1,08-22
IMX,1787365800000,1,08-22
LTC,1787366700000,1,08-22
ASTER,1787366700000,1,08-22
BNB,1787366700000,1,08-22
DASH,1787366700000,1,08-22
WLFI,1787366700000,1,08-22
TRX,1787366700000,1,08-22
ALGO,1787366700000,1,08-22
XMR,1787366700000,1,08-22
AVNT,1787367600000,1,08-22
HMSTR,1787367600000,1,08-22
HBAR,1787367600000,1,08-22
ASTER,1787367600000,1,08-22
TRUMP,1787367600000,1,08-22
WIF,1787367600000,1,08-22
XMR,1787367600000,1,08-22
WLD,1787367600000,1,08-22
MOODENG,1787368500000,1,08-22
kBONK,1787368500000,1,08-22
XLM,1787368500000,1,08-22
MET,1787368500000,1,08-22
HBAR,1787368500000,1,08-22
TRUMP,1787368500000,1,08-22
TAO,1787368500000,1,08-22
OP,1787368500000,1,08-22
ICP,1787368500000,1,08-22
BNB,1787368500000,1,08-22
AXS,1787368500000,1,08-22
SAND,1787368500000,1,08-22
STX,1787368500000,1,08-22
EIGEN,1787368500000,1,08-22
FIL,1787368500000,1,08-22
BLUR,1787369400000,1,08-22
TRUMP,1787369400000,1,08-22
APE,1787369400000,1,08-22
MOVE,1787369400000,1,08-22
APE,1787370300000,1,08-22
TRUMP,1787370300000,1,08-22
IMX,1787370300000,1,08-22
MELANIA,1787370300000,1,08-22
FET,1787370300000,1,08-22
WLFI,1787370300000,1,08-22
OP,1787370300000,1,08-22
ORDI,1787371200000,1,08-22
MELANIA,1787371200000,1,08-22
IMX,1787371200000,1,08-22
TIA,1787371200000,1,08-22
MOVE,1787371200000,1,08-22
WLFI,1787371200000,1,08-22
POPCAT,1787371200000,1,08-22
OP,1787371200000,1,08-22
RUNE,1787371200000,1,08-22
WLD,1787371200000,1,08-22
OP,1787372100000,1,08-22
MNT,1787372100000,1,08-22
ATOM,1787373000000,1,08-22
ARB,1787373000000,1,08-22
XMR,1787373000000,1,08-22
APT,1787373000000,1,08-22
AERO,1787373000000,1,08-22
HMSTR,1787373000000,1,08-22
TRUMP,1787373000000,1,08-22
LINK,1787373000000,1,08-22
MELANIA,1787373000000,1,08-22
MET,1787373000000,1,08-22
JUP,1787373000000,1,08-22
XLM,1787373000000,1,08-22
POPCAT,1787373000000,1,08-22
SEI,1787373000000,1,08-22
SOL,1787373000000,1,08-22
PYTH,1787373000000,1,08-22
MNT,1787373000000,1,08-22
MOODENG,1787373000000,1,08-22
HMSTR,1787373900000,1,08-22
HBAR,1787373900000,1,08-22
SAND,1787373900000,1,08-22
WLFI,1787373900000,1,08-22
ATOM,1787373900000,1,08-22
ARB,1787373900000,1,08-22
WLD,1787373900000,1,08-22
TRX,1787373900000,1,08-22
APT,1787373900000,1,08-22
TRUMP,1787373900000,1,08-22
GRASS,1787374800000,-1,08-22
CHIP,1787374800000,-1,08-22
PEOPLE,1787374800000,-1,08-22
BOME,1787374800000,-1,08-22
CASHCAT,1787374800000,-1,08-22
