sym,t,dirn,fade_bps,signalled,rv,tier
ASTER,1784592000000,1,-60.809912090710775,0,0.0012720904840166,HIGH
RENDER,1784592000000,1,-132.90421204566354,0,0.0025008081641636,MID
MEGA,1784592000000,-1,130.89995489185964,0,0.0041066987114682,MID
NEAR,1784592900000,1,18.577679646728075,1,0.003827518301452,HIGH
UNI,1784593800000,1,-94.97710068643568,1,0.0041311844944531,HIGH
USUAL,1784593800000,1,-162.09090909090853,1,0.0041177763570434,MID
LDO,1784593800000,1,-66.53886036700052,1,0.0053518177720812,HIGH
ASTER,1784593800000,1,11.94008074000987,0,0.0012409392448709,HIGH
ICP,1784593800000,1,25.369433061647104,0,0.0029091541290226,HIGH
S,1784595600000,1,56.31803896920111,0,0.0042135809540902,LOW
MELANIA,1784595600000,1,-81.38745800671963,0,0.003171313626922,LOW
MELANIA,1784596500000,1,25.37404391808464,0,0.0032833080966736,LOW
IMX,1784597400000,-1,20.390869495079738,0,0.0024402593931516,MID
CELO,1784600100000,1,-120.70726714431868,0,0.003191549836682,LOW
XMR,1784600100000,1,-183.9675141242948,0,0.0020840599601924,HIGH
ME,1784601000000,1,-210.23736649131348,0,0.0025124657932889,MID
XMR,1784601000000,1,-188.576697204604,0,0.0020869744986933,HIGH
kFLOKI,1784602800000,1,25.22506015176687,0,0.0031919564112529,LOW
NXPC,1784602800000,1,-82.52449272391873,0,0.0033514810099403,LOW
NEAR,1784602800000,1,35.636813948880665,1,0.0036502000669176,HIGH
kSHIB,1784602800000,1,15.700327255725403,0,0.0024050107131283,MID
FET,1784602800000,1,-178.87778419667453,0,0.0027524102757089,MID
BCH,1784602800000,1,-84.22419673308214,0,0.0024597710712936,MID
XMR,1784602800000,1,18.015148419486508,0,0.0021268486107206,HIGH
ZK,1784602800000,1,42.957802381448616,0,0.0036993544826868,LOW
RENDER,1784602800000,1,18.5306322176542,0,0.0022024269617145,MID
ENS,1784602800000,1,98.4948190929158,1,0.0038500566425938,MID
PENDLE,1784603700000,1,-179.24380392876776,1,0.0036981838349653,MID
STABLE,1784603700000,1,-209.17995865520663,0,0.0026159597932294,LOW
0G,1784603700000,1,-130.402647759375,0,0.0042563513040391,MID
USUAL,1784603700000,1,30.670033670032296,1,0.0042578419006556,MID
ONDO,1784603700000,1,65.07389311300919,1,0.0043199849295941,HIGH
PENDLE,1784604600000,1,-143.15843997562405,1,0.0037166097191303,MID
PROVE,1784604600000,1,-186.2169247899577,0,0.0028516910245917,LOW
SOPH,1784604600000,1,-80.87151200519051,0,0.003391958585271,LOW
0G,1784604600000,1,141.87945144879512,0,0.0042577740956894,MID
YGG,1784605500000,1,-215.9297075423287,0,0.0050860085032178,LOW
IO,1784605500000,1,84.77100936660823,0,0.0041120777768806,MID
XMR,1784605500000,1,108.2584308525974,0,0.0022675373992229,HIGH
AAVE,1784605500000,1,-239.3055123552793,0,0.0032535600286939,HIGH
BCH,1784605500000,1,12.65015203004804,0,0.0023976643896647,MID
FARTCOIN,1784606400000,1,40.56686107792718,1,0.0051956194513493,HIGH
USUAL,1784606400000,1,85.98776418242515,1,0.0043877720833788,MID
PROVE,1784608200000,1,80.31254676976688,0,0.0031246341895867,LOW
VVV,1784609100000,1,-538.511132780758,1,0.0051029418710507,HIGH
LINK,1784609100000,1,7.321456013395347,0,0.0033533534912184,HIGH
SOPH,1784609100000,1,16.157088122606062,0,0.0035888237770513,LOW
XRP,1784610000000,1,26.16224814421933,0,0.0024780453173539,HIGH
BCH,1784610000000,1,27.24103886862967,0,0.0021742178967414,MID
COMP,1784610000000,1,-130.86081270434448,0,0.0024086324101187,LOW
APT,1784610000000,1,-47.211560504338046,1,0.0037548517043767,MID
VVV,1784610000000,1,47.79006772009079,1,0.0051549036332722,HIGH
ADA,1784610000000,1,-30.987205848754307,1,0.0043085134894779,HIGH
MELANIA,1784610000000,1,45.90573419733434,0,0.0033679317064787,LOW
YGG,1784610000000,1,71.93352671017593,0,0.0059767482125584,LOW
ME,1784610000000,1,67.25761124121657,0,0.0026494195795917,MID
PURR,1784610000000,1,38.16319213915877,0,0.0034603942980573,MID
ADA,1784610900000,1,38.38087410010818,1,0.0043615909066765,HIGH
COMP,1784610900000,1,19.16648194598393,0,0.0024087487509244,LOW
VVV,1784610900000,1,239.72612270714768,1,0.0054745549035383,HIGH
FOGO,1784610900000,1,22.999350016249288,0,0.0031250743136727,MID
KAS,1784610900000,1,73.20778857582306,0,0.0022171945757571,LOW
APT,1784610900000,1,82.70504527813668,1,0.0039493952662666,MID
OP,1784611800000,1,-28.976724854530364,1,0.0034872816551932,MID
ANIME,1784611800000,1,98.7072284780233,0,0.0029918307562627,LOW
PAXG,1784611800000,1,23.84729064039432,0,0.0009790733367582,HIGH
kLUNC,1784611800000,1,-232.0834916926729,0,0.0024574750911627,LOW
GRAM,1784612700000,1,9.363486503194064,0,0.0031695311540538,HIGH
YGG,1784612700000,1,260.6897767332545,0,0.0070505684186112,LOW
BIGTIME,1784612700000,1,54.74505557961614,0,0.0041383183924119,LOW
FET,1784613600000,1,9.058898197511787,0,0.0024580202380022,MID
AR,1784613600000,1,28.65706575328245,0,0.0025564507311096,LOW
WCT,1784613600000,1,29.11617677860766,0,0.0030400705361578,LOW
RENDER,1784613600000,1,11.943798323695464,0,0.0021025814150978,MID
VVV,1784614500000,1,325.3946845883609,1,0.0074442676150188,HIGH
0G,1784614500000,1,17.01947841142783,1,0.0047021798721293,MID
AR,1784614500000,1,19.25672877846776,0,0.0025669589917937,LOW
ONDO,1784614500000,1,-1077.1813808560653,1,0.0041455138929526,HIGH
AAVE,1784615400000,1,-109.3738709815504,0,0.0031659055390385,HIGH
ETHFI,1784615400000,1,73.48554315508247,1,0.0044608624597958,MID
IO,1784615400000,1,36.56414580360614,0,0.0040178301468824,MID
BNB,1784615400000,1,1.511304287474032,0,0.0015334132825673,HIGH
VINE,1784615400000,1,30.51206434316412,0,0.0030877753744191,HIGH
PROVE,1784615400000,1,58.113849186791086,0,0.0031315288784407,LOW
CAKE,1784615400000,1,13.981532583315346,0,0.0019194176510557,MID
PROVE,1784616300000,1,116.06511833014788,0,0.0031613239005838,LOW
ONDO,1784616300000,1,-767.1651081316013,1,0.0052681739978003,HIGH
BANANA,1784616300000,1,-301.1521369459244,0,0.0032117151794748,MID
OP,1784616300000,1,44.44224422442265,0,0.0035298820163287,MID
IOTA,1784617200000,1,33.72170388705934,0,0.0026242460291285,LOW
IMX,1784617200000,1,-124.88409216010032,0,0.0026023612510627,MID
ONDO,1784617200000,1,-561.796836509789,1,0.0054718262857132,HIGH
HBAR,1784617200000,1,16.848323261051235,0,0.0018930198723782,MID
PNUT,1784618100000,1,68.05637138796817,0,0.0027756116787338,MID
ONDO,1784618100000,1,-474.70541635486336,1,0.0054786352334119,HIGH
SOPH,1784618100000,1,99.40334378265504,0,0.003687863175325,LOW
SUSHI,1784619000000,1,16.877228880444722,1,0.0034837148504788,HIGH
CFX,1784619000000,1,41.74907773242166,0,0.002360748007161,LOW
BTC,1784619000000,1,-87.06161489178012,0,0.002014206389844,HIGH
ONDO,1784619000000,1,55.205128205128055,1,0.0054994164235974,HIGH
ME,1784619900000,1,138.66923313828212,0,0.0031271203426983,MID
RUNE,1784619900000,1,52.12727592189963,0,0.0023174109394625,LOW
POL,1784619900000,1,90.88924252068792,0,0.0017087673681149,HIGH
PENDLE,1784619900000,1,151.01210523161777,1,0.0036934879552984,MID
FET,1784619900000,1,55.79777319071896,0,0.0025261387848467,MID
COMP,1784619900000,1,45.07142039601673,0,0.0025418001497845,LOW
BNB,1784619900000,1,1.6838407494161762,0,0.0015380830445752,HIGH
XLM,1784620800000,1,28.238610923100406,0,0.0027865127253895,MID
BNB,1784620800000,1,9.480499219969271,0,0.0015370412122238,HIGH
DOGE,1784620800000,1,19.24754463074468,0,0.002322915178242,HIGH
AAVE,1784620800000,1,44.05239830695318,0,0.0031524184251501,HIGH
IMX,1784620800000,1,32.906642728903925,0,0.0026209842986193,MID
ME,1784620800000,1,129.96652911508417,0,0.003203076125975,MID
TAO,1784620800000,1,23.07169716720892,0,0.0027428036715142,HIGH
STABLE,1784620800000,1,-381.7311436824652,0,0.0026511874178272,LOW
FET,1784620800000,1,21.95944090852436,0,0.002532344368747,MID
CAKE,1784620800000,1,4.063144511935937,0,0.0019311548642164,MID
ME,1784621700000,1,186.9407384895893,0,0.0032304484061995,MID
ETH,1784621700000,1,-1.453369077692661,0,0.0024737977453804,HIGH
BANANA,1784622600000,1,67.66249581052425,1,0.0036215910857345,MID
GRAM,1784622600000,1,43.38472032742099,0,0.0029867046764674,HIGH
CC,1784623500000,1,21.685459468068537,0,0.0026938982031539,HIGH
ETC,1784624400000,1,33.66789364895098,0,0.0024622893566088,LOW
TAO,1784625300000,1,28.95047676102116,0,0.0027076262967462,HIGH
BNB,1784625300000,1,18.42437541034605,0,0.0015382193994725,HIGH
ALGO,1784626200000,1,20.36448598130734,0,0.0021181307386194,HIGH
PURR,1784626200000,1,117.10381630869529,0,0.0033882201797706,MID
ONDO,1784626200000,1,93.1395510183853,1,0.0063120259356576,HIGH
HBAR,1784628000000,1,-117.28152277561828,0,0.0019104478458839,MID
LIT,1784628000000,1,9.435677530016736,1,0.0054769565781469,HIGH
BANANA,1784628900000,1,113.98950656182348,1,0.0040193863698216,MID
VIRTUAL,1784628900000,1,164.0669157105162,1,0.0050327309851509,HIGH
ONDO,1784628900000,1,94.3182330734919,1,0.0064888427593286,HIGH
IOTA,1784635200000,1,26.94658177305347,0,0.002614834535914,LOW
IMX,1784636100000,1,56.3266045149852,0,0.0031806394044924,MID
NOT,1784636100000,1,50.61930294906151,0,0.0027036067856257,LOW
DASH,1784637000000,1,39.078565870248376,0,0.0024713782684395,MID
REZ,1784637000000,1,62.73859242072733,0,0.0041354616620228,LOW
STABLE,1784638800000,1,175.71222076215506,0,0.0028499596801569,LOW
XLM,1784638800000,1,157.77991016741598,0,0.0030778897773553,MID
TRX,1784638800000,1,-35.575273236521305,0,0.000674320666444,HIGH
TRX,1784639700000,1,14.32628123290215,0,0.0006895005737214,HIGH
CC,1784639700000,1,50.52644836271932,0,0.0021263792604258,HIGH
ICP,1784639700000,1,19.78413152251655,0,0.0026012168350176,HIGH
MEME,1784641500000,1,34.174721189589974,0,0.0029275422729876,LOW
LTC,1784642400000,1,9.095933263816438,0,0.0022961038369172,HIGH
STABLE,1784642400000,1,52.07924136139357,0,0.0028717721196905,LOW
XRP,1784642400000,1,18.811202233468578,0,0.0022568993999537,HIGH
STBL,1784643300000,1,254.3790896159316,1,0.0043679967516192,MID
RESOLV,1784643300000,-1,35.369059190669745,0,0.0053369617714691,LOW
PURR,1784644200000,-1,-1.0414375848127302,0,0.003621940095385,MID
NOT,1784644200000,1,50.191489361701976,0,0.0028234532085298,LOW
GRAM,1784644200000,1,-55.23295899712723,1,0.0070212225719265,HIGH
VIRTUAL,1784644200000,1,48.5205196338942,1,0.0045290915689527,HIGH
SYRUP,1784644200000,1,65.65702694268116,0,0.0046038631498452,LOW
MOVE,1784646000000,1,102.24389127848336,0,0.0026800390641787,MID
PURR,1784646000000,-1,89.0344988213373,0,0.0036863515302414,MID
STABLE,1784646000000,1,130.34700994973832,0,0.0032207173141092,LOW
PURR,1784647800000,-1,24.579769178547284,0,0.0036281475475471,MID
DYM,1784648700000,1,48.88067444876797,0,0.0025021857250556,MID
AAVE,1784648700000,1,51.51518934665011,0,0.003196987230371,HIGH
MERL,1784649600000,1,185.7530016194773,0,0.0033986088345614,MID
AAVE,1784649600000,1,46.6578892805307,0,0.0032052483243578,HIGH
VINE,1784649600000,1,-670.8045658203539,1,0.0042261009546293,HIGH
VINE,1784650500000,1,-630.2642583583488,1,0.0051875872304763,HIGH
APE,1784650500000,1,-320.8617813931224,0,0.0027663987241971,LOW
PURR,1784651400000,-1,58.86478126380965,0,0.0035895399301082,MID
WLFI,1784652300000,-1,147.60777813424562,0,0.0016148910797217,MID
HMSTR,1784653200000,1,159.1621621621617,0,0.0061553484138539,LOW
MANTA,1784653200000,-1,134.22674325833725,0,0.0026419831947748,LOW
PURR,1784654100000,-1,6.13672248633182,0,0.0036945865778468,MID
HYPE,1784654100000,-1,16.101882194082826,0,0.0029746167104118,HIGH
NEAR,1784654100000,-1,25.54177477945024,0,0.0033012853497813,HIGH
CASHCAT,1784654100000,-1,609.7722967940056,0,0.0227741004454669,HIGH
HYPE,1784655000000,-1,45.56058471584587,0,0.0030402482383438,HIGH
APE,1784655000000,1,-78.18796992481083,0,0.0029889086039867,LOW
NIL,1784655000000,1,105.78527542091116,1,0.0039168167523147,HIGH
PURR,1784655000000,-1,32.06712850313588,0,0.0036803035699963,MID
TNSR,1784655900000,-1,12.73316551289946,0,0.0021628570460004,LOW
RSR,1784655900000,-1,92.846645367411,0,0.0036450334620188,LOW
ARB,1784655900000,-1,28.531531531531808,0,0.0027520158279082,HIGH
BRETT,1784655900000,-1,32.026269702276295,0,0.0023282363152148,LOW
CFX,1784657700000,1,21.95497254952956,0,0.0025560000416935,LOW
NEO,1784657700000,1,125.8135593220326,0,0.0023751917898508,LOW
FIL,1784657700000,1,-134.82205333158564,0,0.0025012553492558,MID
FIL,1784658600000,1,-17.930992846108147,0,0.0026552160943416,MID
APE,1784659500000,1,76.50825148660364,0,0.0031006199451341,LOW
TRX,1784659500000,1,16.113497770092515,0,0.0006856029049202,HIGH
NIL,1784660400000,1,86.78117474610067,1,0.0040218562320647,HIGH
HBAR,1784660400000,1,16.021269237419048,0,0.0016039271984431,MID
HBAR,1784663100000,1,60.045378343913946,0,0.0015493656999246,MID
BANANA,1784664000000,1,116.37335693974936,1,0.0057466238974238,MID
JTO,1784664000000,1,42.552024795328464,1,0.0053671000205344,HIGH
SYRUP,1784665800000,-1,22.530990276495096,0,0.0038354803727408,LOW
USUAL,1784665800000,1,116.30585683297258,0,0.0047654301505362,MID
INIT,1784666700000,1,16.174414818565715,0,0.0026114985072673,LOW
XMR,1784666700000,1,43.67741661716128,0,0.0028310615486356,HIGH
MOODENG,1784667600000,-1,40.93947272632612,0,0.0019407859075706,MID
XMR,1784667600000,1,19.860690900880623,0,0.0028364852799545,HIGH
BIO,1784668500000,1,-242.54116059379243,0,0.0029131482303568,MID
BIO,1784669400000,1,-66.17656186500076,0,0.0032383420723075,MID
BIO,1784670300000,1,290.25408192495,1,0.0045079716334407,MID
BIO,1784671200000,1,140.00234832287762,1,0.0049558924053513,MID
EIGEN,1784673900000,-1,62.64551422319481,0,0.0035300034096632,MID
SPX,1784673900000,-1,77.91125584598139,0,0.0046026950772951,HIGH
AVAX,1784674800000,-1,19.667054661296227,0,0.0019107351543779,HIGH
PENGU,1784674800000,-1,68.70172084130003,0,0.0027502216855369,HIGH
XMR,1784677500000,1,42.31341780649505,0,0.0028994641285851,HIGH
XMR,1784678400000,1,84.70716321279407,0,0.0030799524867737,HIGH
PAXG,1784678400000,1,-50.983940069039015,0,0.0010090391513629,HIGH
VINE,1784679300000,1,266.7964351806755,1,0.0064495259940219,HIGH
GRIFFAIN,1784679300000,1,75.44946931241388,0,0.0029705660556056,MID
ZORA,1784681100000,1,96.69788519637476,0,0.0032223183808286,LOW
BOME,1784681100000,1,68.77033492823011,0,0.0025265873367529,HIGH
RUNE,1784681100000,1,28.04164389550841,0,0.0020496918732266,LOW
PAXG,1784682000000,1,-4.459356910055854,0,0.0011265481221566,HIGH
SOPH,1784682000000,1,249.1177894312225,0,0.0053532482391053,LOW
SOPH,1784682900000,1,331.00000000000097,0,0.005390536385605,LOW
BRETT,1784682900000,-1,-299.3994430077577,0,0.0037364618538185,LOW
SPX,1784683800000,1,283.10463714538355,1,0.0052038835577572,HIGH
ZORA,1784684700000,1,182.6843366277328,0,0.0032948403252402,LOW
INIT,1784685600000,1,51.6555100587493,0,0.0028875608940515,LOW
PAXG,1784686500000,1,16.205056521209766,0,0.0011204688880732,HIGH
INIT,1784687400000,1,49.27159968814173,0,0.0029637521675417,LOW
PAXG,1784687400000,1,6.473607501152953,0,0.0010960589240538,HIGH
CHIP,1784687400000,1,32.15396133064269,0,0.0029541598609616,MID
MOODENG,1784688300000,-1,-49.77537368036101,0,0.0019248372515611,MID
PAXG,1784689200000,1,21.71528955657819,0,0.0011095063643453,HIGH
MOODENG,1784689200000,-1,-20.55995282400853,0,0.0019165648597114,MID
ZEC,1784691900000,-1,-148.87612046296516,0,0.0040942380752578,HIGH
BRETT,1784692800000,-1,89.13759213759192,0,0.0038908765407541,LOW
ICP,1784694600000,-1,-83.44723206981205,0,0.00172875097899,HIGH
RENDER,1784696400000,-1,37.47777040477767,0,0.0017019320988748,MID
SOPH,1784696400000,-1,33.980639547530245,0,0.0065255809741334,LOW
FOGO,1784697300000,-1,-17.271599516962187,0,0.0027670783584104,MID
PENGU,1784697300000,-1,62.75781876503646,0,0.0027677830785469,HIGH
SUI,1784697300000,-1,9.996731125200997,0,0.0018937684699745,HIGH
SUPER,1784697300000,-1,7.596674274536278,0,0.001879070138628,LOW
kSHIB,1784697300000,-1,18.27156700543479,0,0.0014711495684083,MID
AVNT,1784697300000,-1,22.352387349808566,0,0.00351893238127,MID
FET,1784697300000,-1,-51.26876045823148,0,0.0022203258412943,MID
LIT,1784697300000,-1,8.596788581624255,0,0.0070079529247,HIGH
ZEN,1784697300000,-1,-25.35899408568457,0,0.0019863963094886,MID
XPL,1784697300000,-1,41.07366598457461,0,0.0039898915499209,HIGH
ATOM,1784697300000,-1,-89.73849698448142,0,0.0015290396874142,MID
CAKE,1784698200000,-1,5.633093525180504,0,0.0013542845576617,MID
LTC,1784698200000,-1,13.6041316254794,0,0.0019643592170871,HIGH
DOGE,1784698200000,-1,28.56269812829162,0,0.0017661191134654,HIGH
RSR,1784698200000,-1,94.00889248180968,0,0.0027241474238304,LOW
SNX,1784698200000,-1,35.029539223489856,0,0.0034891268367743,MID
ALGO,1784698200000,-1,-12.68088920760102,0,0.0017688708853968,HIGH
HEMI,1784699100000,-1,464.32673267326754,0,0.0158388393537962,MID
FET,1784699100000,-1,13.770947558537715,0,0.0022221648815739,MID
XPL,1784699100000,-1,14.866909753873518,0,0.0039957004669104,HIGH
DASH,1784699100000,-1,-81.23802072569471,0,0.0028022966337754,MID
ICP,1784699100000,-1,-0.2511110093007103,0,0.0017910414367375,HIGH
FOGO,1784699100000,-1,25.653295128939806,0,0.0027445857590427,MID
MEGA,1784699100000,-1,15.597424609806197,0,0.0029974098367725,MID
FARTCOIN,1784700000000,-1,35.08407792588199,0,0.0032530646117043,HIGH
ETC,1784700000000,-1,24.2593532754498,0,0.0015792965836287,LOW
RUNE,1784700000000,-1,-37.385250537270025,0,0.0023884999873804,LOW
SEI,1784700000000,-1,36.53256005908048,0,0.0018678076074169,MID
APT,1784700000000,-1,15.242122719734493,0,0.0021970143891483,MID
DASH,1784700900000,-1,25.85530699666864,0,0.002900322549522,MID
PENDLE,1784700900000,-1,36.81545850976409,0,0.0036761975842501,MID
BIGTIME,1784700900000,-1,70.07048256964444,0,0.0039370561089579,LOW
HYPE,1784700900000,-1,73.37649320335031,0,0.0037200703314218,HIGH
SUI,1784700900000,-1,28.32558785043001,0,0.0019228789844878,HIGH
ATOM,1784700900000,-1,21.506466984341905,0,0.0015160839075076,MID
PENGU,1784700900000,-1,16.357960961446565,0,0.0027917695419017,HIGH
INJ,1784700900000,-1,-29.255773395427365,0,0.0033438397018428,HIGH
ICP,1784700900000,-1,57.953084595492605,0,0.0018934470027335,HIGH
MEME,1784700900000,-1,54.471264367815415,0,0.0027164212390556,LOW
RUNE,1784701800000,-1,-61.47420991558819,0,0.0023967100136223,LOW
POL,1784701800000,-1,-87.50775179153977,0,0.001879467716525,HIGH
WCT,1784701800000,-1,25.12470206883403,0,0.0017500346148283,LOW
INJ,1784701800000,-1,50.75722543352565,0,0.0033792939195591,HIGH
ENS,1784701800000,-1,5.220943408803649,0,0.0035509548891255,MID
NOT,1784701800000,-1,51.64480874316924,0,0.0025731521352951,LOW
KAS,1784702700000,-1,21.229467308034423,0,0.0020021494667544,LOW
NOT,1784702700000,-1,79.19178082191831,0,0.0025879431339072,LOW
FET,1784703600000,-1,23.61473547549456,0,0.0021593712286535,MID
DASH,1784704500000,-1,8.627560299335585,0,0.0029129542780607,MID
ASTER,1784705400000,-1,0.5382858613313273,0,0.0011721982525396,HIGH
RESOLV,1784705400000,-1,121.012931262917,0,0.0049508858495843,LOW
S,1784705400000,-1,20.637720826076755,0,0.0020421964092757,LOW
GRASS,1784706300000,1,78.35540690616975,1,0.0042233173654409,HIGH
MEGA,1784706300000,-1,52.7471535881325,0,0.003141654288419,MID
DASH,1784707200000,-1,51.084913313902746,0,0.0029270480620285,MID
ETHFI,1784707200000,1,-51.65341973262233,1,0.0041410472834029,MID
ETHFI,1784708100000,1,81.37559925851787,1,0.0042704612824664,MID
HBAR,1784708100000,1,-310.7965718803831,0,0.0023974729877497,MID
APEX,1784709000000,-1,28.566343746597795,0,0.0021524644197511,MID
ATOM,1784709000000,-1,12.729722336205503,0,0.001574629203441,MID
CC,1784709000000,-1,62.454545454545865,0,0.0021337749076501,HIGH
MON,1784710800000,1,59.13266162888425,1,0.0042987329945664,HIGH
ETHFI,1784710800000,1,135.81305388718562,1,0.0043874485400275,MID
BANANA,1784712600000,1,238.6894383572545,1,0.0059081012853296,MID
STBL,1784713500000,1,-136.62240608822626,1,0.0047213253444009,MID
TRX,1784714400000,1,8.816749484910964,0,0.0007564590033433,HIGH
BANANA,1784714400000,1,86.67669192647504,1,0.0059540188423879,MID
STBL,1784714400000,1,-2.562535543986613,1,0.004847867811042,MID
BANANA,1784715300000,1,140.94867916655838,1,0.0059701582087376,MID
UNI,1784715300000,1,-44.81996241497059,1,0.0035956205141496,HIGH
STBL,1784715300000,1,50.52247508811695,1,0.0048676755251122,MID
TRX,1784715300000,1,10.318400581166449,0,0.0007593561888227,HIGH
BLUR,1784716200000,1,56.33791380387341,0,0.0031361816715356,LOW
PYTH,1784717100000,1,90.76164258807012,0,0.0034464686311762,MID
BOME,1784718900000,1,-26.809523809523096,0,0.0027783127098592,HIGH
BLUR,1784718900000,1,82.6333169048794,0,0.0032678580406304,LOW
GMX,1784718900000,1,104.03616411211011,0,0.0036308360887914,LOW
GRIFFAIN,1784718900000,1,72.62930353313138,0,0.0031221448980608,MID
IO,1784719800000,1,58.53248267374872,0,0.0027408147030412,MID
TRB,1784719800000,-1,43.98932671007605,0,0.0021016734800476,LOW
GRIFFAIN,1784721600000,1,157.41597521849684,1,0.0035888838758588,MID
SUSHI,1784721600000,1,-21.686131386860552,0,0.0029594470745669,HIGH
DYDX,1784721600000,1,54.44375299186312,0,0.0029381297205415,MID
ORDI,1784721600000,-1,13.368459671501398,0,0.0033054452015529,LOW
MEGA,1784721600000,-1,122.93975961308377,0,0.0035306754755605,MID
GRIFFAIN,1784722500000,1,109.63250883392188,1,0.0035796374854667,MID
ENS,1784723400000,1,39.76457883369339,1,0.0036339959276425,MID
JUP,1784723400000,-1,-29.562500000000544,0,0.0029041085798431,HIGH
FARTCOIN,1784724300000,-1,39.83604135893628,0,0.0030835894089061,HIGH
APEX,1784724300000,-1,16.68719238762042,0,0.0022547745914814,MID
WIF,1784724300000,-1,24.869940278699648,0,0.0021536293504219,MID
BLUR,1784726100000,1,39.11682841970524,0,0.0039910604952094,LOW
BOME,1784727000000,1,67.58823529411681,0,0.0029229112667572,HIGH
PAXG,1784727000000,1,7.401799753257874,0,0.0011991242501054,HIGH
IO,1784727000000,1,50.50006445790882,0,0.0030493458727013,MID
CASHCAT,1784727900000,-1,631.6177200256764,0,0.0213773928782067,HIGH
BLUR,1784727900000,1,179.3433832821816,0,0.0041009267593292,LOW
PAXG,1784727900000,1,19.675189965021435,0,0.0012189467876941,HIGH
RSR,1784728800000,1,74.9423226812161,0,0.0030435696377898,LOW
GMX,1784728800000,1,98.66209456188498,0,0.0037869074515048,LOW
DYDX,1784728800000,1,75.8954635108482,0,0.0030248662299775,MID
BLUR,1784728800000,1,161.16760504948704,0,0.0043591822674063,LOW
BOME,1784728800000,1,182.18518518518468,0,0.003345154903628,HIGH
BLUR,1784729700000,1,367.7571801566584,0,0.0048118433198919,LOW
NXPC,1784729700000,1,14.823899869291632,0,0.0028476612384146,LOW
ATOM,1784729700000,-1,3.850253459378764,0,0.0015446922519565,MID
TRX,1784729700000,-1,12.554471147981287,0,0.000836084137768,HIGH
MORPHO,1784729700000,-1,-136.54482194023748,0,0.0046480283357599,HIGH
RUNE,1784729700000,-1,23.158788435061368,0,0.0025754968390001,LOW
STRK,1784729700000,1,40.81530165149922,0,0.002329312235165,MID
POL,1784730600000,-1,24.435539184555807,0,0.0014652485088171,HIGH
HBAR,1784732400000,1,200.06723264411863,0,0.0031942359228657,MID
STRK,1784733300000,1,13.722408026755172,0,0.0023767173268705,MID
SOL,1784733300000,1,18.48733010387623,0,0.0020369867549476,HIGH
kBONK,1784733300000,1,83.20689655172313,1,0.0049415477160933,HIGH
POL,1784733300000,-1,63.42820643842522,0,0.0015157639150849,HIGH
SUPER,1784733300000,1,25.16545191180135,0,0.0019081342563073,LOW
AERO,1784734200000,-1,73.09888185998705,0,0.0046516268591549,HIGH
MELANIA,1784734200000,1,92.74597018543196,0,0.0032287660757968,LOW
HYPE,1784735100000,-1,29.225822016958148,0,0.004255000088486,HIGH
AERO,1784735100000,-1,152.5147750799926,0,0.0044987628340387,HIGH
ADA,1784735100000,1,49.82976451413457,0,0.0029986349461529,HIGH
ZEC,1784735100000,-1,77.66420083418633,0,0.0039000614789487,HIGH
INIT,1784735100000,1,260.2945575405071,0,0.0047114060488927,LOW
CELO,1784735100000,1,-106.5013093539132,0,0.002734566773706,LOW
MORPHO,1784735100000,-1,571.0230257823894,1,0.0079409849128201,HIGH
HYPE,1784736000000,-1,49.84152722374838,0,0.0042560809082524,HIGH
AERO,1784736000000,-1,69.95134216304227,0,0.0044874479566151,HIGH
APT,1784736000000,1,32.63330093942306,0,0.0024330973871573,MID
UNI,1784736000000,1,94.22330248113892,1,0.0040777262087184,HIGH
WLFI,1784736000000,-1,43.52416022992677,0,0.0030616976217902,MID
PUMP,1784736900000,-1,75.24726134585195,0,0.0056417769758374,HIGH
LDO,1784736900000,1,44.374556638637976,1,0.0038096533584473,HIGH
WLFI,1784736900000,-1,150.4438613375944,0,0.003248514186887,MID
ADA,1784737800000,1,29.236549577589884,0,0.0030338455211444,HIGH
LDO,1784737800000,1,84.8769230769235,1,0.0038821156291457,HIGH
SUI,1784737800000,1,90.45433977786918,0,0.0023085388037612,HIGH
WLD,1784737800000,1,286.40620954024945,1,0.0046424190567236,HIGH
ENA,1784737800000,1,59.14465159328407,1,0.0041073252022519,HIGH
ENA,1784738700000,1,28.964322982458025,1,0.0041142991988407,HIGH
TRUMP,1784738700000,1,18.70542635658951,0,0.0025844249718504,MID
WIF,1784739600000,1,11.260711739158488,0,0.0023757559080573,MID
WLD,1784739600000,1,68.57694521610667,1,0.0048794055005493,HIGH
TRUMP,1784739600000,1,75.92465162165448,0,0.0026207749881962,MID
kPEPE,1784739600000,1,38.166380789021815,0,0.002650973185205,HIGH
CC,1784740500000,-1,-63.29004399543788,0,0.0021699004690087,HIGH
CELO,1784741400000,1,28.962410020351875,0,0.0029604370867636,LOW
SUSHI,1784741400000,1,52.23908165026691,1,0.003575977240057,HIGH
CC,1784741400000,-1,-34.849734585545235,0,0.0021753679542905,HIGH
BRETT,1784742300000,-1,-260.6112412177977,0,0.0049255749118692,LOW
NEAR,1784745000000,-1,21.155885984217875,0,0.0030762395024913,HIGH
JUP,1784745900000,-1,46.07392749722897,0,0.0031844223217737,HIGH
CASHCAT,1784745900000,-1,402.4054054054051,0,0.0222821945623001,HIGH
BRETT,1784746800000,-1,-264.3390928725693,0,0.0049475980583044,LOW
VVV,1784746800000,-1,135.09641941619105,0,0.0056050820063204,HIGH
STBL,1784747700000,1,51.73453749315887,1,0.0051410990186812,MID
STX,1784748600000,1,22.431748284836388,0,0.0020151977129181,LOW
CELO,1784750400000,1,89.10793264353838,0,0.0034721701273131,LOW
DYDX,1784751300000,1,33.7647058823528,1,0.0035773421796751,MID
STBL,1784751300000,1,63.77585989668617,1,0.0051815737294651,MID
DYDX,1784752200000,1,88.79307662388072,1,0.0036124120013449,MID
STBL,1784752200000,1,332.8666339789163,1,0.005856827263341,MID
CC,1784752200000,-1,62.24611826891419,0,0.0021433845419259,HIGH
NXPC,1784753100000,1,30.509975062343045,0,0.0030636759128227,LOW
BRETT,1784753100000,-1,-386.0159772379072,0,0.0050601757484435,LOW
BRETT,1784754000000,-1,103.07734806629708,0,0.0051321759687509,LOW
STBL,1784754000000,1,64.95335745878529,1,0.0059266581809928,MID
NXPC,1784754900000,1,46.20238324043834,0,0.0032492819371886,LOW
STBL,1784755800000,1,152.98752099832072,1,0.0060827736164085,MID
NOT,1784758500000,-1,52.09641873278221,0,0.0027484915572479,LOW
NOT,1784761200000,-1,79.87292817679459,0,0.0028066184377395,LOW
XLM,1784761200000,-1,60.89604810996694,0,0.0029650555793879,MID
RENDER,1784761200000,-1,20.331777881474963,0,0.0016884508302726,MID
SKR,1784764800000,1,41.98106060606041,1,0.0035803329526419,MID
GRAM,1784764800000,-1,38.6834745192953,0,0.0041888618702501,HIGH
0G,1784765700000,1,181.1013089283809,1,0.0040873139147195,MID
WLFI,1784766600000,-1,398.9368628118561,0,0.0050363512784745,MID
YGG,1784766600000,1,34.86307053941916,0,0.004144274292874,LOW
WLFI,1784767500000,-1,119.5164926047748,0,0.0052915042792398,MID
CASHCAT,1784768400000,-1,77.00165806545161,0,0.0255349688661704,HIGH
STABLE,1784769300000,1,-1025.5326846239573,0,0.0030716478850181,LOW
2Z,1784769300000,-1,-93.8933381641742,0,0.0019181338615858,MID
JTO,1784769300000,-1,47.96889757368452,0,0.0052940045035454,HIGH
STABLE,1784771100000,1,-903.3703802392816,0,0.0036332713413702,LOW
JTO,1784771100000,-1,82.20157244600823,0,0.0053308675019373,HIGH
SNX,1784772000000,-1,80.30692262416717,0,0.0050884189457221,MID
MON,1784772000000,-1,50.72319344753208,0,0.00568018704555,HIGH
JTO,1784772000000,-1,27.01467750713333,0,0.0053347444278478,HIGH
CASHCAT,1784772000000,-1,395.438975262793,0,0.0259058672349303,HIGH
INJ,1784772900000,-1,27.6146479315489,0,0.0033732325324998,HIGH
JTO,1784772900000,-1,91.60737937559192,0,0.0053688436623017,HIGH
IMX,1784773800000,-1,11.917170448299892,0,0.0021120593568603,MID
IMX,1784775600000,-1,50.6743231509996,0,0.0021610359680379,MID
APE,1784775600000,-1,59.74837900020999,0,0.0031191805439231,LOW
kBONK,1784775600000,-1,175.44886753603282,1,0.0054449445153638,HIGH
FIL,1784775600000,-1,-23.22326484387716,0,0.0029778245034534,MID
POLYX,1784776500000,-1,40.04393730203834,0,0.0041453230956906,LOW
XLM,1784776500000,-1,31.70339442576736,0,0.0029933302463674,MID
TNSR,1784780100000,1,46.627791563275565,0,0.0025117479877872,LOW
STABLE,1784781900000,1,67.78947368421011,0,0.0038676670838308,LOW
TNSR,1784781900000,1,52.589870290302535,0,0.0025932136980414,LOW
AXS,1784781900000,-1,18.69746899574892,0,0.0017533160480702,LOW
MOODENG,1784782800000,1,151.78836115561586,0,0.0028861586249606,MID
VINE,1784782800000,-1,31.69301934398659,0,0.0050498943072297,HIGH
WLFI,1784783700000,1,-531.6653309430918,1,0.0066020165670627,MID
WLFI,1784784600000,1,-545.8671206565393,1,0.0066284932153099,MID
WLFI,1784785500000,1,-442.3194318318119,1,0.0068986395187943,MID
NEO,1784785500000,1,54.99220272904603,0,0.002652524996674,LOW
BERA,1784785500000,1,103.54885654885636,0,0.0040383172618431,LOW
STABLE,1784785500000,1,-89.9587589081268,0,0.0051066074426421,LOW
UNI,1784786400000,1,17.670232281735284,1,0.0043002579285341,HIGH
SOPH,1784786400000,-1,7.924186148131517,0,0.0021088230456277,LOW
SKY,1784786400000,-1,-166.17016317016348,0,0.003319913044183,MID
WLFI,1784786400000,1,-247.3855114303936,1,0.0071990392589539,MID
BERA,1784786400000,1,102.97993037067316,0,0.0043120522069321,LOW
BERA,1784787300000,1,37.43402600061344,0,0.0043092344213496,LOW
SOPH,1784787300000,-1,27.701754385965184,0,0.0021403345741997,LOW
WLFI,1784787300000,1,141.28376355230836,1,0.0074670020919765,MID
CASHCAT,1784788200000,-1,137.87038576467737,0,0.0250744924428497,HIGH
STABLE,1784788200000,1,132.95242935556027,0,0.0052864200682417,LOW
STABLE,1784789100000,1,48.22742949888436,0,0.0052745774971201,LOW
ZEN,1784790000000,-1,2.373455131650143,0,0.0022667126680861,MID
NOT,1784790000000,-1,80.79888268156478,0,0.003312442422977,LOW
SKY,1784790000000,-1,-130.9359028204053,0,0.0033953112778452,MID
AIXBT,1784790000000,-1,30.04621052061247,0,0.0024937505921692,MID
FIL,1784790000000,-1,67.78270119880415,0,0.0030625506556078,MID
MNT,1784790000000,-1,34.80035633456965,0,0.0017684358255592,MID
ALT,1784790000000,-1,17.694046482012084,0,0.0021184812326286,MID
kLUNC,1784790000000,-1,23.41677822400755,0,0.0022408574796591,LOW
OP,1784790000000,-1,25.23677055009479,0,0.0028151768592522,MID
VIRTUAL,1784790000000,-1,66.11028580655679,1,0.0035590611367997,HIGH
UMA,1784790900000,-1,65.79850294457599,0,0.002073043612606,LOW
STABLE,1784791800000,1,215.202485976228,0,0.005843635558948,LOW
SKY,1784791800000,-1,154.91032009737845,0,0.003666368209756,MID
STABLE,1784792700000,1,51.91528762805383,0,0.0058405909068614,LOW
WLFI,1784793600000,1,181.779456777394,1,0.0076594239270075,MID
MELANIA,1784793600000,1,140.62657091561852,0,0.0038329347352471,LOW
TRUMP,1784793600000,1,15.356482897877465,1,0.0037760390815509,MID
PNUT,1784793600000,-1,23.73147023086245,0,0.0024062824853478,MID
ASTER,1784794500000,1,44.89393554935332,0,0.0014988214341288,HIGH
MELANIA,1784794500000,1,236.4020787107318,0,0.0045547077708132,LOW
WLFI,1784794500000,1,273.88232102390504,1,0.007706431728692,MID
TRX,1784794500000,-1,26.653633334351465,0,0.0008355915107631,HIGH
TRUMP,1784794500000,1,50.65526492287007,1,0.0037834304116144,MID
CC,1784794500000,-1,12.776799800714906,0,0.0023311357082729,HIGH
RSR,1784794500000,1,97.93167701863344,0,0.0031162986338053,LOW
ATOM,1784794500000,1,27.498136225008125,0,0.001800512990451,MID
POPCAT,1784795400000,1,9.12720086237839,0,0.0024806722716102,MID
LIT,1784795400000,-1,46.56964535171971,0,0.0053466669440756,HIGH
WLFI,1784795400000,1,36.01603463862528,1,0.0077161259144758,MID
CC,1784795400000,-1,46.99166805532439,0,0.0022212412656642,HIGH
SKY,1784795400000,-1,25.2803559024914,0,0.003623232025292,MID
RESOLV,1784795400000,1,126.42366026289145,0,0.0040848395861798,LOW
NEO,1784796300000,1,119.45685083405589,0,0.0031443263956919,LOW
SUPER,1784798100000,1,186.29247873401505,0,0.0029678914630316,LOW
COMP,1784799000000,1,77.23672679679154,0,0.0025494702198256,LOW
POPCAT,1784800800000,1,48.29446988376125,0,0.0026369405988895,MID
PROVE,1784800800000,-1,0.6414711543456657,0,0.0021897793532255,LOW
S,1784802600000,-1,1.9804930688130336,0,0.002759932668229,LOW
kFLOKI,1784802600000,1,32.87856485740488,0,0.0023612154664865,LOW
KAITO,1784803500000,1,-20.463859512952595,1,0.0063428158821036,HIGH
ALGO,1784803500000,-1,-76.92221887247543,0,0.0021608017001674,HIGH
AERO,1784803500000,-1,17.54467271858509,0,0.00457234593944,HIGH
TIA,1784804400000,-1,69.968023665306,0,0.0029701302584471,MID
MERL,1784804400000,1,104.98775396604492,1,0.0037720874124763,MID
MANTA,1784806200000,-1,60.168124392613294,0,0.0025075620690706,LOW
AERO,1784806200000,-1,68.06036517801243,0,0.0045653455258883,HIGH
DYM,1784806200000,-1,-245.0981842636175,0,0.0025053626748462,MID
TRB,1784806200000,-1,-36.98355196085022,0,0.0020304120306563,LOW
WLFI,1784807100000,1,577.3868214777137,1,0.0080080790531289,MID
PENGU,1784807100000,-1,-275.05408886027027,0,0.0030969716114908,HIGH
AERO,1784808000000,-1,50.72553786313333,1,0.0045957944603759,HIGH
BANANA,1784808000000,1,57.70038910505859,1,0.0047158726386294,MID
ACE,1784808000000,-1,-64.19951040391683,1,0.0095733694431651,HIGH
KAITO,1784808000000,1,270.894975443898,1,0.0067815153703549,HIGH
TRUMP,1784808000000,1,118.67941690259622,1,0.0039936330580994,MID
WLFI,1784808000000,1,894.1792266778226,1,0.0086763994911312,MID
PENGU,1784808900000,-1,-86.06188925081406,0,0.0032421411903195,HIGH
PENDLE,1784808900000,-1,29.37273073505208,0,0.0043112550833608,MID
WLFI,1784808900000,1,964.6223796957923,1,0.0086919208448908,MID
GMT,1784808900000,-1,15.284106891701814,0,0.0030626619134955,LOW
TRB,1784808900000,-1,11.994547437295694,0,0.0020212628523838,LOW
DOGE,1784809800000,-1,-268.5226471082241,0,0.0023673959932543,HIGH
ETHFI,1784809800000,-1,40.79174591940632,0,0.0037622485035769,MID
ETH,1784809800000,-1,-105.95739874980372,0,0.0024796044504366,HIGH
OP,1784809800000,-1,-175.77707543194296,0,0.0028712341715832,MID
ICP,1784809800000,-1,19.547395545739583,0,0.0021426564023896,HIGH
TNSR,1784809800000,-1,-69.94293911380358,0,0.0033769974775365,LOW
MINA,1784809800000,-1,-48.14421687014961,0,0.0022828541071274,LOW
XRP,1784809800000,-1,-103.7399482927687,0,0.0021957884900485,HIGH
PENDLE,1784809800000,-1,41.00510204081573,0,0.0043290530449512,MID
GALA,1784809800000,-1,-62.7907324364738,0,0.002716725933043,LOW
MOVE,1784809800000,-1,-236.463035019455,0,0.0025488991895476,MID
BOME,1784809800000,-1,164.86570743405292,0,0.0040700431450077,HIGH
ME,1784809800000,1,56.67865340474391,0,0.0025473315127879,MID
PENGU,1784809800000,-1,37.84967320261556,0,0.0032567676055751,HIGH
SOL,1784809800000,-1,-108.7836185023749,0,0.0025519411563728,HIGH
WLD,1784809800000,-1,37.30547305897236,0,0.0054772389169315,HIGH
PEOPLE,1784809800000,-1,-130.7163553183382,0,0.0023272704662324,HIGH
XLM,1784809800000,-1,69.42003621001896,0,0.0030610637684825,MID
FET,1784809800000,-1,5.480104370516569,0,0.0026737278168749,MID
TRB,1784809800000,-1,18.8504609081598,0,0.0020265389051803,LOW
kSHIB,1784809800000,-1,-139.03818615751732,0,0.002242213775954,MID
MOODENG,1784809800000,-1,-100.35744089012418,0,0.0036027997360694,MID
kPEPE,1784810700000,-1,-120.18750000000016,0,0.0033346505553867,HIGH
PEOPLE,1784810700000,-1,18.020447162240764,0,0.0023374540522019,HIGH
MNT,1784810700000,-1,-61.753260684073794,0,0.0020018773986971,MID
GRIFFAIN,1784810700000,-1,0.5112359550576611,0,0.0043042004386124,MID
RUNE,1784810700000,-1,-32.86328216135513,0,0.0023935281901726,LOW
DOGE,1784810700000,-1,-225.5592204108574,0,0.0023866454168247,HIGH
MOVE,1784810700000,-1,35.988208444276445,0,0.0025563085715659,MID
IO,1784811600000,-1,50.5117056856184,0,0.0030886324021131,MID
PAXG,1784811600000,-1,17.80546886610217,0,0.001274632836877,HIGH
STX,1784811600000,-1,32.21126760563363,0,0.0020490837049838,LOW
ALGO,1784811600000,-1,30.59217156349632,0,0.0021952472776634,HIGH
AAVE,1784811600000,-1,71.13293740001497,0,0.0041419317637244,HIGH
ALT,1784811600000,-1,33.659228562320024,0,0.0021615432851824,MID
AVAX,1784812500000,-1,64.33744926364297,0,0.0028782492342957,HIGH
DOGE,1784812500000,-1,-122.0476190476177,0,0.0025537165094969,HIGH
ETHFI,1784812500000,-1,70.3414823869312,0,0.0037634166512814,MID
kPEPE,1784812500000,-1,39.88777698355918,0,0.0033607823636691,HIGH
KAITO,1784813400000,1,87.33090607429284,1,0.0069056781520615,HIGH
HEMI,1784813400000,1,193.99812382739225,1,0.0064529051170127,MID
BANANA,1784813400000,1,68.97943444730083,1,0.0047364222628873,MID
SAND,1784814300000,-1,-186.5430866861831,0,0.0021049081221106,LOW
BNB,1784814300000,-1,12.899936400256006,0,0.001426226247205,HIGH
TAO,1784814300000,-1,54.81540367540804,0,0.0031351510320591,HIGH
ALT,1784814300000,-1,19.36064526433497,0,0.0022299205122443,MID
KAITO,1784814300000,1,161.66928917756852,1,0.0069334244505543,HIGH
RUNE,1784814300000,-1,46.11868390129345,0,0.0024178087332768,LOW
GRIFFAIN,1784814300000,-1,20.571007660578573,0,0.0039885949343316,MID
JTO,1784815200000,1,85.1139275852443,1,0.0059196618078836,HIGH
ZRO,1784816100000,1,197.3660533667276,1,0.0037029840772811,HIGH
KAITO,1784816100000,1,101.2884113998027,1,0.0069949074408348,HIGH
BOME,1784817000000,1,266.05829596412605,1,0.0050663774275728,HIGH
ZRO,1784817000000,1,217.972567679608,1,0.0037032723423953,HIGH
JTO,1784817000000,1,25.15601200092312,1,0.0059461199022244,HIGH
CC,1784817000000,-1,41.63909711109262,0,0.0022654605862713,HIGH
ALGO,1784817900000,-1,39.65982153770958,0,0.0020377051374103,HIGH
ADA,1784817900000,-1,-14.821029611679515,1,0.0036578309865336,HIGH
VIRTUAL,1784817900000,-1,57.46838484041128,0,0.0034344001557725,HIGH
RUNE,1784817900000,-1,9.236157846435392,0,0.0021995320711704,LOW
LTC,1784817900000,-1,16.756904179014462,0,0.001873593998384,HIGH
LINK,1784817900000,-1,23.902972306458075,0,0.0022748492620448,HIGH
TIA,1784817900000,-1,42.76724088919213,0,0.0030591781453786,MID
ICP,1784817900000,-1,27.170813219457624,0,0.002146973696079,HIGH
GALA,1784817900000,-1,27.150753768843863,0,0.0026580343482471,LOW
ARB,1784817900000,-1,21.311183144246566,0,0.0038835838349426,HIGH
BSV,1784818800000,-1,35.1194409148667,0,0.0018656607076006,LOW
CAKE,1784818800000,-1,35.54265144353198,0,0.0014229601073515,MID
SEI,1784818800000,-1,20.60965372507804,0,0.0023282490306328,MID
STRK,1784818800000,-1,41.75043029259954,0,0.0031695103873356,MID
AIXBT,1784818800000,-1,84.71445909416859,0,0.0027441036568647,MID
kNEIRO,1784818800000,-1,-92.52702702702749,0,0.0021754352436349,MID
ARB,1784818800000,-1,43.60375160200368,0,0.0038688555694537,HIGH
XLM,1784818800000,-1,82.84879534755046,0,0.0029309487082033,MID
RENDER,1784818800000,-1,44.103155911446855,0,0.0020409705672048,MID
MOVE,1784818800000,-1,-93.32382050542935,0,0.002568031470092,MID
GRAM,1784818800000,-1,63.57156443176436,0,0.0036037782798537,HIGH
TNSR,1784818800000,-1,57.81946222791267,0,0.0033680945959243,LOW
PYTH,1784818800000,-1,17.433792384155055,0,0.0031997385659906,MID
XRP,1784818800000,-1,49.493438320210224,0,0.002061451562822,HIGH
NIL,1784818800000,-1,223.3163880359371,0,0.005786023745937,HIGH
FOGO,1784818800000,-1,-90.84610252418462,0,0.0028700889493789,MID
BABY,1784818800000,-1,54.68306361160002,0,0.002809957003891,LOW
ADA,1784818800000,-1,81.34808434808463,1,0.0035602059684921,HIGH
ENS,1784818800000,-1,100.98770232389766,0,0.0027860707027993,MID
BIO,1784818800000,-1,81.5405987011482,0,0.0031133409297824,MID
ASTER,1784818800000,-1,48.58390064843754,0,0.0022391992147903,HIGH
MEME,1784818800000,-1,55.02707930367436,0,0.0024718452489487,LOW
MELANIA,1784818800000,-1,46.806997883202285,0,0.0054718910948791,LOW
IOTA,1784818800000,-1,54.79043215967181,0,0.0026311749393893,LOW
FIL,1784818800000,-1,68.16405040902039,0,0.0030635131729573,MID
TURBO,1784818800000,-1,-65.89308176100644,0,0.0028330305206446,LOW
GAS,1784818800000,-1,44.735021919143946,0,0.0027976447955808,LOW
TAO,1784818800000,-1,20.2991612301966,0,0.0029481684178757,HIGH
W,1784818800000,-1,75.21229050279399,0,0.0030033017072308,MID
EIGEN,1784818800000,-1,-449.7805519053883,0,0.0041316039243813,MID
kLUNC,1784818800000,-1,27.452306314375903,0,0.0023999464093867,LOW
USUAL,1784818800000,-1,54.87037037037002,0,0.0030393415289222,MID
WLD,1784818800000,-1,79.82464302041109,0,0.0055948585582487,HIGH
CHIP,1784818800000,-1,33.39059235797576,0,0.0034762926380458,MID
DOGE,1784818800000,-1,69.12305906254498,0,0.0030754816593195,HIGH
BNB,1784818800000,-1,29.26492696071366,0,0.0014103499467178,HIGH
AVNT,1784818800000,-1,63.20914170076013,0,0.0033318376422213,MID
PENGU,1784818800000,-1,92.72536722231374,0,0.003164126011209,HIGH
LTC,1784818800000,-1,66.90434142752032,0,0.0020206655456088,HIGH
DASH,1784818800000,-1,4.289958082741301,0,0.0028557534346641,MID
LINK,1784818800000,-1,61.6103780419722,0,0.0023087725461088,HIGH
WIF,1784818800000,-1,-235.03896631037856,0,0.0031585914361869,MID
SOL,1784818800000,-1,55.10353232585442,0,0.0023469882409893,HIGH
NOT,1784819700000,-1,-31.0898876404486,0,0.0030134382560516,LOW
ETC,1784819700000,-1,12.382136212477857,0,0.0018196227278971,LOW
POL,1784820600000,-1,51.78914677999381,0,0.0024502795262191,HIGH
NOT,1784821500000,-1,25.24858757062216,0,0.0030605754781061,LOW
POL,1784821500000,-1,18.619496855345712,0,0.0023978334709613,HIGH
PYTH,1784822400000,-1,-59.89438843940775,0,0.0035228596780258,MID
POL,1784822400000,-1,30.451397087759588,0,0.0023992058607364,HIGH
ORDI,1784822400000,1,49.55954010402438,0,0.0040994968382105,LOW
BCH,1784822400000,-1,-83.45544368118846,0,0.0021173075661133,MID
POL,1784823300000,-1,104.83808428814932,0,0.0024846322001727,HIGH
TNSR,1784823300000,-1,3.422607578676681,0,0.0036164884828569,LOW
PYTH,1784824200000,-1,34.410823038106514,0,0.0035306729756858,MID
APE,1784824200000,1,49.676631329426165,0,0.0035833352996771,LOW
COMP,1784825100000,1,14.0232083073263,0,0.0028079721998733,LOW
GRAM,1784825100000,-1,45.94296784718831,0,0.0036724585722129,HIGH
HEMI,1784826000000,-1,-232.98118335772497,0,0.0078520901757882,MID
MOVE,1784826000000,-1,-47.84742127327766,0,0.0027686333100015,MID
PURR,1784827800000,-1,-864.9059395138413,0,0.0051815606367519,MID
SPX,1784828700000,-1,119.84013358501558,0,0.0043653510471916,HIGH
IOTA,1784828700000,-1,83.79958748710831,0,0.0026610702722535,LOW
MERL,1784828700000,-1,16.270072992699742,0,0.0049508708364225,MID
MEME,1784828700000,-1,55.252427184465326,0,0.0026783635442849,LOW
APT,1784828700000,-1,76.14262159933908,0,0.0036098338354086,MID
OP,1784828700000,-1,56.190701678862986,0,0.0026374081507983,MID
POPCAT,1784828700000,-1,77.49535603715263,0,0.0035655568215303,MID
RSR,1784828700000,1,119.5114854517624,0,0.0041557144110881,LOW
W,1784828700000,-1,87.09009009008837,0,0.0032902903960332,MID
SAND,1784828700000,-1,38.40832110071527,0,0.0021662152598375,LOW
CRV,1784828700000,-1,56.50095969289784,0,0.002671185143771,HIGH
WIF,1784828700000,-1,-185.6765188834158,0,0.0033256754776251,MID
AZTEC,1784828700000,-1,66.78623374715316,0,0.0026894150824062,LOW
EIGEN,1784828700000,-1,32.429583702391284,0,0.0043273773082318,MID
DYM,1784828700000,-1,149.99026425591077,0,0.0029834014613056,MID
DOT,1784828700000,-1,19.543166447841603,0,0.0024279527132676,HIGH
JUP,1784828700000,-1,83.6680933019479,0,0.0035705863520789,HIGH
BABY,1784828700000,-1,212.0980715345303,0,0.0044576904736535,LOW
ETH,1784828700000,-1,29.490013315578743,0,0.002206202154785,HIGH
FOGO,1784828700000,-1,35.275357424292814,0,0.0030003468550047,MID
AVAX,1784828700000,-1,-145.22883179344402,0,0.0031875586229526,HIGH
NOT,1784828700000,-1,82.22727272727326,0,0.0032991284598015,LOW
RENDER,1784828700000,-1,47.82333807684531,0,0.0020859670331578,MID
TURBO,1784828700000,-1,73.14213197969592,0,0.0029804743837064,LOW
IO,1784828700000,-1,11.85282203618674,0,0.003252076794358,MID
PURR,1784828700000,-1,-604.4970460869939,0,0.0056590857761647,MID
ATOM,1784828700000,-1,14.595720720720347,0,0.0023032305800827,MID
GRASS,1784828700000,-1,67.45391255917662,0,0.0045738530035848,HIGH
ZK,1784828700000,-1,87.5562742561457,0,0.0031806527195809,LOW
VIRTUAL,1784828700000,-1,74.5091308730928,0,0.0032972932633369,HIGH
XRP,1784828700000,-1,12.420899854862434,0,0.0018377528717523,HIGH
HYPER,1784828700000,-1,93.96764148180192,0,0.0025896315520611,MID
AR,1784828700000,-1,-1.3729254799871626,0,0.0023058907656954,LOW
ZEC,1784828700000,-1,104.9036984240118,0,0.0032450018146389,HIGH
TNSR,1784828700000,-1,35.65979381443253,0,0.0035441249642247,LOW
SOL,1784828700000,-1,51.7582831823294,0,0.002284456465565,HIGH
VVV,1784829600000,-1,169.00872629635853,0,0.0052387471433344,HIGH
WIF,1784829600000,-1,127.31122201427826,0,0.0035561452096117,MID
BIO,1784829600000,-1,58.193857522225855,0,0.003023251427257,MID
BCH,1784829600000,-1,23.735414876348816,0,0.0021077635772257,MID
PURR,1784829600000,-1,115.45942311469608,0,0.0055123523988957,MID
REZ,1784829600000,-1,66.90131578947226,0,0.0032679882318178,LOW
AVAX,1784829600000,-1,121.0001284975431,0,0.0035211502991731,HIGH
EIGEN,1784830500000,-1,77.28545941123978,0,0.0044532999821019,MID
kFLOKI,1784830500000,-1,21.12602299068024,0,0.0023978511534186,LOW
WIF,1784830500000,-1,6.731683581259645,0,0.0035598267098625,MID
HYPE,1784831400000,-1,48.50732127476304,0,0.0036890909915241,HIGH
MORPHO,1784832300000,1,27.49999999999997,0,0.0035345663038913,HIGH
kSHIB,1784832300000,-1,4.29927007299367,0,0.0022566428957266,MID
PURR,1784832300000,-1,110.01146054162636,0,0.0074534528962538,MID
REZ,1784833200000,-1,104.3049938093272,0,0.0032260867923099,LOW
BRETT,1784833200000,-1,153.2864473991141,0,0.005826810366252,LOW
CASHCAT,1784833200000,-1,511.4702399882576,0,0.0275928346515046,HIGH
AZTEC,1784833200000,-1,36.74679817459038,0,0.0028615319322403,LOW
kSHIB,1784833200000,-1,26.26115581565649,0,0.0022474194599853,MID
CHIP,1784833200000,-1,133.76921486891447,0,0.0033410645540345,MID
ME,1784833200000,1,145.27995255041532,0,0.0036917623591059,MID
CHIP,1784834100000,-1,36.82821915910525,0,0.0033693006947751,MID
GRASS,1784835000000,-1,75.4765976597664,0,0.0045693011970079,HIGH
ETHFI,1784835000000,-1,122.15392365386732,0,0.0036636359190309,MID
ZEC,1784835900000,-1,91.01880376075306,0,0.0035973295340438,HIGH
AZTEC,1784835900000,-1,39.74134119380916,0,0.0028886634226732,LOW
kLUNC,1784835900000,-1,30.079064386680827,0,0.0024987174292305,LOW
GRAM,1784835900000,-1,54.68438401318475,0,0.0035358364225794,HIGH
SUSHI,1784837700000,1,37.744722992473456,1,0.0037405757702992,HIGH
XPL,1784842200000,-1,71.80102191215467,0,0.0036321251151584,HIGH
XPL,1784843100000,-1,62.5619864414344,0,0.0037168174492305,HIGH
AZTEC,1784843100000,-1,59.837288386190586,0,0.0029427932686692,LOW
EIGEN,1784843100000,-1,-71.2128240109141,0,0.0046104962064318,MID
LIT,1784843100000,-1,-262.52997779422566,0,0.0047503275443162,HIGH
FOGO,1784844000000,-1,106.57975598734734,0,0.0033116009711735,MID
PUMP,1784844900000,-1,-248.20255863539464,0,0.0044612642315274,HIGH
PUMP,1784845800000,-1,46.15346805024637,0,0.0050923047928286,HIGH
EIGEN,1784848500000,-1,47.66789497927304,0,0.0045718443645599,MID
GMX,1784849400000,1,92.80629708661738,0,0.004226204254499,LOW
USUAL,1784850300000,-1,55.54800936768114,0,0.0029353152526503,MID
PURR,1784850300000,-1,69.88961038961007,0,0.0080193740452074,MID
MON,1784850300000,-1,-106.2910033983181,0,0.0036566728059822,HIGH
TAO,1784851200000,-1,32.51470204209573,0,0.0025676581863067,HIGH
EIGEN,1784851200000,-1,228.3503305004729,0,0.0051130420356746,MID
ADA,1784851200000,-1,35.16111144237086,0,0.0031598634321187,HIGH
ALT,1784851200000,-1,51.75922048639101,0,0.0021414332282248,MID
kLUNC,1784851200000,-1,-89.18961715774601,0,0.0025414231801885,LOW
AZTEC,1784851200000,-1,35.587117839121376,0,0.0029280448684518,LOW
kNEIRO,1784851200000,-1,58.90885640584681,0,0.0025179553103471,MID
WIF,1784851200000,-1,50.26604990187908,0,0.0034336018873736,MID
INJ,1784851200000,1,-384.2462862509825,0,0.0032424214074321,HIGH
ZETA,1784851200000,-1,5.973975471132309,0,0.0019232143109685,MID
MON,1784851200000,-1,86.72490435416253,0,0.0040850435631407,HIGH
AR,1784851200000,-1,32.587188612099375,0,0.0024363532016339,LOW
ATOM,1784851200000,-1,6.882818014964322,0,0.0023021068827782,MID
RESOLV,1784851200000,-1,158.97145453573404,0,0.00533485469278,LOW
0G,1784851200000,-1,-268.7125422976655,0,0.0052301030253314,MID
RENDER,1784851200000,-1,29.01852987260662,0,0.0021220389273908,MID
HEMI,1784851200000,-1,206.72972972972943,0,0.0082630861851307,MID
SPX,1784852100000,-1,30.7947045167369,0,0.0039582303616592,HIGH
INJ,1784852100000,1,-285.1076790666538,0,0.0032484714818915,HIGH
PEOPLE,1784853000000,-1,24.381185214158528,0,0.0025422348839084,HIGH
SUI,1784853000000,-1,33.646382691007304,0,0.0027201408031249,HIGH
MOVE,1784853000000,-1,39.33116755266749,0,0.0029919615519115,MID
STX,1784853000000,-1,-1128.7668711656445,0,0.0016806235303434,LOW
kNEIRO,1784853000000,-1,120.80122057541452,0,0.0027788170844813,MID
VIRTUAL,1784853000000,-1,18.01500835636148,0,0.0033296470153724,HIGH
W,1784853000000,-1,88.11617312072917,0,0.0032741247578366,MID
CRV,1784853000000,-1,39.98893880114002,0,0.0024223300862265,HIGH
kLUNC,1784853000000,-1,108.02034754195776,0,0.0029709376125943,LOW
SPX,1784853000000,-1,96.96736970128396,0,0.0040224573320387,HIGH
ETH,1784853000000,-1,25.41518335835275,0,0.0020804197062038,HIGH
ONDO,1784853000000,-1,80.1432192648924,0,0.0049993776258693,HIGH
INJ,1784853900000,1,-136.97418915338946,0,0.0033427357346199,HIGH
ANIME,1784854800000,1,186.36635105608144,0,0.0027183938519329,LOW
GRAM,1784855700000,-1,122.26967777855116,0,0.0038042360221058,HIGH
ANIME,1784855700000,1,295.88368743248014,0,0.0029482708995129,LOW
AERO,1784856600000,1,54.05083965953491,1,0.0041197879013276,HIGH
INJ,1784856600000,1,39.027054916602935,0,0.0034314910596955,HIGH
SPX,1784856600000,-1,71.72684509809629,1,0.0040293364433489,HIGH
SKY,1784857500000,-1,258.5914510288799,0,0.0078576841154277,MID
SPX,1784857500000,-1,17.914251568568222,1,0.0040395253178075,HIGH
VVV,1784857500000,-1,38.11349036402573,0,0.0046529662201972,HIGH
SKY,1784858400000,-1,83.53182566226103,0,0.0078569966106608,MID
SPX,1784859300000,-1,51.861048655454574,1,0.0040273050432989,HIGH
ETC,1784860200000,-1,-3.297871706655249,0,0.0022818816158613,LOW
ARB,1784860200000,-1,48.52828200023538,0,0.0027344700993636,HIGH
PUMP,1784861100000,-1,74.17750826901823,0,0.0051714447987024,HIGH
ARB,1784861100000,-1,62.95995288574687,0,0.0027854308498835,HIGH
STX,1784861100000,-1,-1017.2050741269154,0,0.0019147369950534,LOW
LIT,1784861100000,-1,53.74091441969624,0,0.0043072449430286,HIGH
AXS,1784861100000,-1,51.28064102852138,0,0.0019038390714849,LOW
YGG,1784861100000,-1,88.07665618562181,0,0.0042366459731484,LOW
PAXG,1784861100000,-1,47.489976620405365,0,0.001210467557385,HIGH
STX,1784862000000,-1,-359.2189054726359,0,0.0070671699097397,LOW
LAYER,1784866500000,1,57.6448467117708,0,0.0028198329822387,LOW
LAYER,1784867400000,1,99.42015021622166,0,0.0028502259837094,LOW
INJ,1784869200000,1,41.33606739082247,1,0.0035366115004041,HIGH
0G,1784869200000,-1,-56.32874591432917,0,0.0044474876327044,MID
INJ,1784870100000,1,69.02991728533861,1,0.0035365599690733,HIGH
ZRO,1784872800000,1,28.072602330445733,1,0.0050044603275722,HIGH
XPL,1784873700000,1,112.98135803197424,1,0.0038616238718998,HIGH
REZ,1784874600000,1,51.09582689335441,0,0.0041286470378687,LOW
CAKE,1784876400000,1,38.37242314002445,0,0.0017485289308681,MID
TNSR,1784876400000,1,6.351620947629462,0,0.0032614886729896,LOW
GMX,1784876400000,1,-324.2719922564479,0,0.0045157233804862,LOW
TNSR,1784877300000,1,736.6706154290666,0,0.0083972192671468,LOW
PEOPLE,1784879100000,1,114.078609923807,0,0.0032883531776741,HIGH
XMR,1784880000000,1,48.59643818136463,0,0.0029680005179814,HIGH
BLUR,1784880000000,1,12.970359013671082,0,0.0030324661637175,LOW
XPL,1784881800000,1,28.991937562987264,1,0.0039055871992776,HIGH
SAND,1784883600000,-1,1.1917620844084509,0,0.0023755453235611,LOW
GMX,1784883600000,1,89.40832231577453,0,0.0046288825575978,LOW
SUI,1784883600000,-1,-314.84917988157605,0,0.0028907574130071,HIGH
BIO,1784884500000,1,-88.52583895049652,1,0.0040154056386,MID
GMX,1784884500000,1,24.893035067512564,0,0.0046149181967846,LOW
SUI,1784884500000,-1,16.899412558437717,0,0.002889656278208,HIGH
GMT,1784885400000,1,155.1843191196706,0,0.0029083080249172,LOW
GMX,1784885400000,1,18.55142829688906,0,0.0047305181257276,LOW
GMX,1784886300000,1,59.95736069662004,0,0.0047088969921476,LOW
ATOM,1784887200000,-1,-37.295513003714746,0,0.0023191059445876,MID
DOT,1784887200000,-1,9.081055161849104,0,0.002338616789893,HIGH
TRX,1784888100000,1,10.868789194403051,0,0.0007736261627399,HIGH
CRV,1784889000000,-1,-202.33071438964075,0,0.0025570429594643,HIGH
CRV,1784889900000,-1,-74.03664511071952,0,0.0027458513073065,HIGH
PUMP,1784889900000,-1,52.34034311012743,0,0.005229134287404,HIGH
MET,1784889900000,-1,-373.6972639011489,0,0.0073172866571372,MID
PENDLE,1784890800000,-1,21.576380804553263,0,0.0033115630512842,MID
GMT,1784890800000,1,90.39469409853766,0,0.0031578568158319,LOW
MET,1784891700000,-1,48.386157457337134,0,0.0073301986712659,MID
FARTCOIN,1784892600000,-1,-339.00493218248886,0,0.0035732948451354,HIGH
POPCAT,1784892600000,-1,13.319588102789194,0,0.0038914462135044,MID
VINE,1784893500000,-1,-213.1651297447995,0,0.0027793880192853,HIGH
FARTCOIN,1784893500000,-1,-316.489305845107,0,0.0035751584400218,HIGH
SYRUP,1784896200000,-1,-141.7769204192097,0,0.0038659158983994,LOW
MET,1784896200000,-1,22.705288863184336,0,0.0076203085364836,MID
FARTCOIN,1784896200000,-1,-233.60143346836944,0,0.0035302431615876,HIGH
SUI,1784897100000,-1,-210.1119918531364,0,0.0029000801436503,HIGH
CFX,1784897100000,-1,-431.5872086601121,0,0.0027753111810897,LOW
SAND,1784897100000,-1,-27.1039146542867,0,0.0023425995188171,LOW
COMP,1784897100000,-1,19.699493626679427,0,0.0028453291926855,LOW
TAO,1784897100000,-1,34.924677376876424,0,0.0026018325659263,HIGH
kPEPE,1784897100000,-1,-133.8139534883721,0,0.0027526267763618,HIGH
GOAT,1784897100000,-1,-109.9226566768126,0,0.0031193953170575,LOW
TRUMP,1784897100000,-1,-63.07715171061685,0,0.003268911225126,MID
NEAR,1784897100000,-1,-262.48211023960465,0,0.0030730576756778,HIGH
TRB,1784898000000,-1,78.53112692599913,0,0.0027219114141281,LOW
COMP,1784898000000,-1,89.60344625483394,0,0.0028268621254981,LOW
BNB,1784898000000,-1,70.53072406346496,0,0.0014958510936429,HIGH
FOGO,1784898000000,-1,-140.0809814537488,0,0.0040401867508925,MID
TIA,1784898000000,-1,38.32712456344519,0,0.0030379162415823,MID
SEI,1784898000000,-1,-70.86821879635121,0,0.0027511698972348,MID
MOVE,1784898000000,-1,-110.93523885668472,1,0.0034870188092665,MID
ETC,1784898000000,-1,-150.86956062047835,0,0.0024983063508542,LOW
ARB,1784898000000,-1,-42.35599284436458,0,0.003004572626715,HIGH
KAS,1784898000000,-1,67.21099489703585,0,0.0025483137544047,LOW
FARTCOIN,1784898000000,-1,-7.796163069542506,0,0.0041929141212102,HIGH
AIXBT,1784898000000,-1,35.566877200827015,0,0.0033483951491141,MID
ADA,1784898000000,-1,-94.70411757561104,0,0.003090339367054,HIGH
PENDLE,1784898000000,-1,-188.12461568653097,0,0.0032834945564002,MID
kFLOKI,1784898000000,-1,96.2771084337339,0,0.0024473505041006,LOW
CRV,1784898000000,-1,78.88992009528934,0,0.0030715184723491,HIGH
ICP,1784898000000,-1,49.5599511943315,0,0.0025308178205216,HIGH
APT,1784898000000,-1,25.24858757062205,0,0.0034361918067306,MID
TAO,1784898000000,-1,99.02454965726211,0,0.0027245348431845,HIGH
IO,1784898000000,-1,-118.62694731011597,0,0.0036151224528715,MID
SAND,1784898000000,-1,33.26126126126158,0,0.0024998783745994,LOW
SOL,1784898000000,-1,-126.71715652033828,0,0.0021543813214558,HIGH
NIL,1784898000000,-1,-157.8364648573416,0,0.0057897734903401,HIGH
TRUMP,1784898000000,-1,117.83626366600546,0,0.0034388254018597,MID
BSV,1784898000000,-1,-117.67370803470465,0,0.0021883736631498,LOW
GAS,1784898000000,-1,-91.08392715756044,0,0.0023768986345665,LOW
MOODENG,1784898000000,-1,34.84739488369474,0,0.0028599494886118,MID
2Z,1784898000000,-1,-47.60186278368006,0,0.0027887802938552,MID
OP,1784898000000,-1,61.55848561111797,0,0.0028588286077153,MID
WCT,1784898000000,-1,-265.17045952926287,0,0.0025127875950404,LOW
FIL,1784898000000,-1,118.28851540616247,0,0.0027367308938882,MID
AZTEC,1784898000000,-1,-56.973013493252736,0,0.0030190479759102,LOW
ATOM,1784898000000,-1,111.3065161994907,0,0.0024577156222828,MID
NEAR,1784898000000,-1,-132.66494143285112,0,0.0033848487104127,HIGH
RUNE,1784898000000,-1,-73.33719078962913,0,0.0019305663238011,LOW
ZK,1784898000000,-1,-17.189041693954223,0,0.0029789591759111,LOW
MET,1784898000000,-1,91.46780977030195,0,0.0076050875816442,MID
LINK,1784898000000,-1,-53.28013216491861,0,0.0025942246561877,HIGH
AXS,1784898000000,-1,4.636110826181015,0,0.0025514685956226,LOW
AVAX,1784898000000,-1,42.18950437317754,1,0.0035867465425449,HIGH
DASH,1784898000000,-1,-31.478563689830903,0,0.0027984465247971,MID
AAVE,1784898000000,-1,83.30058172984745,0,0.0030504857241525,HIGH
SUI,1784898000000,-1,-187.25715709618527,0,0.002918549409805,HIGH
kLUNC,1784898000000,-1,62.69164454985264,0,0.0031503352812995,LOW
PENGU,1784898000000,-1,65.4931506849319,0,0.0026606805613355,HIGH
STRK,1784898000000,-1,123.8498942917557,0,0.0028638664375056,MID
MEME,1784898000000,-1,55.479532163742,0,0.0032022614154217,LOW
ONDO,1784898000000,-1,193.1703790543176,0,0.0051511021336386,HIGH
ZETA,1784898000000,-1,-115.56464861575972,0,0.0025235260690932,MID
SAGA,1784898000000,-1,284.081339712918,0,0.004632910274694,LOW
kPEPE,1784898000000,-1,-87.15660446395908,0,0.0028161561186188,HIGH
ALT,1784898000000,-1,-103.911458333334,0,0.0022828043429097,MID
BTC,1784898000000,-1,-36.1002331002331,0,0.0016151935548647,HIGH
BERA,1784898000000,-1,-469.0947489208245,0,0.0050015370430128,LOW
ZEC,1784898000000,-1,48.22413584479416,0,0.0037662152443589,HIGH
APE,1784898000000,-1,-120.79293242405382,0,0.003937942524523,LOW
XLM,1784898000000,-1,30.87195291243264,0,0.0023909513752763,MID
DOT,1784898000000,-1,96.01616125850433,0,0.0024821839643565,HIGH
RENDER,1784898000000,-1,66.45399532388942,0,0.0024905372882664,MID
PYTH,1784898000000,-1,6.235843870258465,0,0.0034246327152897,MID
YGG,1784898000000,-1,25.45261545195883,0,0.0042072729871134,LOW
GRASS,1784898000000,-1,-518.4224279184754,0,0.004161209391897,HIGH
TURBO,1784898000000,-1,22.67394094993644,0,0.0032110413044603,LOW
SAGA,1784898900000,-1,93.46302250803885,0,0.0046850857533759,LOW
TURBO,1784898900000,-1,35.860103626942546,0,0.0033279043560652,LOW
VIRTUAL,1784899800000,-1,12.59189899161142,0,0.0030835665471613,HIGH
PAXG,1784900700000,1,15.95571256246724,0,0.0009980670081911,HIGH
BNB,1784900700000,-1,31.56860883738539,0,0.0014825690880095,HIGH
RUNE,1784900700000,-1,5.337899325821688,0,0.0017679468357786,LOW
SUSHI,1784900700000,-1,74.19679150835145,0,0.004266406831553,HIGH
WCT,1784900700000,-1,-245.6054353419768,0,0.0025300039293367,LOW
ZETA,1784900700000,-1,15.320610687022151,0,0.0025316151558957,MID
LINK,1784900700000,-1,31.60290760543119,0,0.0025188724514736,HIGH
PENDLE,1784900700000,-1,20.696682464453826,0,0.003152232532932,MID
SOL,1784900700000,-1,-77.57051161034511,0,0.002111136666125,HIGH
XRP,1784900700000,-1,-38.711015474773504,0,0.0018893214521048,HIGH
MET,1784900700000,-1,164.49217935349432,0,0.0076152498415723,MID
PYTH,1784900700000,-1,-273.96802665548665,0,0.0034026762951786,MID
kNEIRO,1784900700000,-1,12.797788309636616,1,0.0035243329086871,MID
BTC,1784900700000,-1,15.709657301443762,0,0.0016287248543559,HIGH
AERO,1784900700000,-1,67.8058378690814,0,0.0041773444166692,HIGH
WCT,1784901600000,-1,-142.43387379383603,0,0.0026215201097985,LOW
MERL,1784901600000,-1,403.7816918284224,0,0.0050581456838009,MID
BERA,1784901600000,-1,-320.9720940574797,0,0.0050183034736208,LOW
PYTH,1784902500000,-1,87.73031196924927,0,0.0035743699323357,MID
GRASS,1784902500000,-1,-99.2452471482896,0,0.0052772130695465,HIGH
XLM,1784902500000,-1,7.173514949414216,0,0.0028615142918869,MID
SUI,1784902500000,-1,17.918168126289196,0,0.0028033895846273,HIGH
kPEPE,1784902500000,-1,22.84933530280673,0,0.0028023893452009,HIGH
FOGO,1784902500000,-1,65.33449154505446,0,0.0039119109054419,MID
GALA,1784902500000,-1,114.8882624295234,0,0.0028398382076956,LOW
SOL,1784902500000,-1,9.311605379223687,0,0.0021178537995436,HIGH
IOTA,1784902500000,-1,71.50646798275125,0,0.0027526480737199,LOW
ORDI,1784902500000,-1,101.05975595848945,0,0.0041992385814614,LOW
NOT,1784902500000,-1,54.30659025787949,0,0.0026985642029822,LOW
POPCAT,1784902500000,-1,124.52921060131158,0,0.0038163776805165,MID
SYRUP,1784903400000,-1,75.36080798699895,0,0.0041108779609485,LOW
NEAR,1784903400000,-1,49.17005217005136,0,0.0039323070436706,HIGH
GRASS,1784903400000,-1,189.79584189532204,0,0.0055312418201493,HIGH
BERA,1784903400000,-1,37.108462320641074,0,0.005120178467541,LOW
MINA,1784903400000,-1,59.50990872647508,0,0.0025614338240292,LOW
ASTER,1784904300000,1,19.131238242779,0,0.0017819740460385,HIGH
AERO,1784904300000,-1,86.3507502549414,0,0.0042041249508322,HIGH
LIT,1784905200000,-1,19.56469345623961,0,0.0045560536276331,HIGH
JTO,1784905200000,-1,66.16513807784774,0,0.0038517513441186,HIGH
ASTER,1784905200000,1,48.56340884438148,0,0.0015489775401108,HIGH
MEME,1784906100000,1,72.90132827324457,0,0.0035282832406181,LOW
ACE,1784907000000,1,-1741.6363636363646,0,0.0109921875715358,HIGH
MEME,1784907000000,1,34.807183364838195,0,0.0035007686611181,LOW
MEME,1784907900000,1,90.98496240601528,0,0.003540843979358,LOW
JTO,1784907900000,-1,44.911109600911416,0,0.0038859238261787,HIGH
MOVE,1784908800000,-1,-52.22149673530932,0,0.0033973125089658,MID
ACE,1784908800000,1,-1224.8649517684896,0,0.0117069491661873,HIGH
PYTH,1784908800000,-1,109.63400732799528,0,0.0034795667159565,MID
ACE,1784909700000,1,-1301.026998961578,0,0.0121041287205896,HIGH
ETHFI,1784910600000,-1,-655.7332641177268,0,0.0031280736995729,MID
ASTER,1784910600000,1,31.91685716969834,0,0.0014886537902998,HIGH
ACE,1784910600000,1,-653.6506506506498,0,0.012616971520426,HIGH
XRP,1784911500000,-1,28.313317369679933,0,0.0018723096846827,HIGH
BERA,1784911500000,-1,131.40390993192568,0,0.0052247440418802,LOW
HEMI,1784911500000,1,-661.9299763965387,1,0.0080287647908205,MID
ETHFI,1784912400000,-1,9.669396619986085,0,0.0030812268256061,MID
ACE,1784912400000,1,202.6807051909884,0,0.0131180657187156,HIGH
XMR,1784913300000,1,-76.15128014740327,0,0.0031793226772997,HIGH
XAI,1784913300000,1,111.6131805157596,0,0.0031488338110644,LOW
ACE,1784913300000,1,255.54108956602005,0,0.0143296726681144,HIGH
VVV,1784913300000,1,48.8344537134527,1,0.0059149598179721,HIGH
XPL,1784914200000,1,197.3081664098622,1,0.0044314032070986,HIGH
PENDLE,1784914200000,-1,47.66666666666701,0,0.0035331170650871,MID
SAGA,1784914200000,1,-589.4661654135348,0,0.0058825733345611,LOW
CELO,1784915100000,-1,-51.16296835212775,0,0.0033852586012531,LOW
VVV,1784916000000,1,151.69701827508928,1,0.0057023491566831,HIGH
HEMI,1784916000000,1,146.81273408239738,1,0.007960631417934,MID
HYPER,1784916900000,-1,99.19237351070494,0,0.003290210340257,MID
HEMI,1784916900000,1,83.20689655172443,1,0.0081904840490623,MID
SUI,1784917800000,-1,32.329197461951274,0,0.0025847037457603,HIGH
SAGA,1784917800000,1,41.378698224852826,0,0.006101066835641,LOW
ETHFI,1784917800000,-1,94.4636517910374,0,0.0029160572786459,MID
HEMI,1784918700000,1,175.73426956045958,1,0.0083597771970335,MID
EIGEN,1784918700000,-1,11.423076923078003,1,0.0050097480680049,MID
SAGA,1784918700000,1,70.3137829912019,0,0.0061537052947053,LOW
XMR,1784920500000,1,1.1088010518524465,0,0.0031155086521392,HIGH
ALGO,1784920500000,1,-128.09521995810445,0,0.002484562836457,HIGH
ALGO,1784922300000,1,-15.8765505020671,0,0.0025635502664893,HIGH
TRX,1784922300000,1,28.31492577760504,0,0.0008513411182159,HIGH
ALGO,1784923200000,1,35.18677445128611,0,0.0026046701016506,HIGH
ALGO,1784924100000,1,61.219326514407896,0,0.0026751735117037,HIGH
WLD,1784925000000,-1,90.43482920662876,0,0.0041060895248414,HIGH
LIT,1784925000000,-1,-204.58528231725168,0,0.0044179382246322,HIGH
ETC,1784925900000,-1,24.56541073984886,0,0.0022501092450068,LOW
CFX,1784925900000,-1,123.48586266589726,0,0.0025876040758526,LOW
SEI,1784926800000,-1,20.984070956648097,0,0.0026858575473561,MID
WLD,1784926800000,-1,-542.1669428792394,1,0.0044544501603399,HIGH
ETC,1784926800000,-1,64.76231066413199,0,0.0023305188657548,LOW
PYTH,1784926800000,-1,61.64050805171253,0,0.0034510041177349,MID
YGG,1784926800000,-1,17.574955706693324,0,0.0045137604265307,LOW
NIL,1784926800000,-1,5.246451080874197,0,0.0034092610253167,HIGH
NEO,1784927700000,-1,14.176922299686003,0,0.0022484098853393,LOW
LDO,1784927700000,-1,13.021361815754055,0,0.0042829397830328,HIGH
HYPE,1784928600000,-1,16.649122807017875,0,0.0033385397905591,HIGH
WLD,1784928600000,-1,-461.1601049136413,1,0.0045760512394462,HIGH
ETHFI,1784928600000,-1,-325.12950445200687,0,0.0031209473728055,MID
FOGO,1784929500000,-1,163.0144669749807,0,0.0039118210113757,MID
ALT,1784929500000,-1,31.63060686015861,0,0.0022834989766637,MID
ETHFI,1784929500000,-1,-235.51435564341523,0,0.0032473446642506,MID
AAVE,1784929500000,-1,29.282444396457823,0,0.002858130474627,HIGH
DASH,1784929500000,-1,67.55503292568248,0,0.0023814015509719,MID
YGG,1784929500000,-1,52.191445325973824,0,0.0045381185525252,LOW
HYPE,1784929500000,-1,47.65212403593284,0,0.00339022250374,HIGH
WLD,1784929500000,-1,21.588004566343923,1,0.0066409032389006,HIGH
TIA,1784930400000,-1,10.013516311259528,0,0.0028213312336075,MID
SPX,1784930400000,-1,72.96558667398841,1,0.0050652419053482,HIGH
ETHFI,1784930400000,-1,-131.87272035570726,0,0.0033882195542863,MID
ZEC,1784930400000,-1,36.71356845960754,0,0.003310380107487,HIGH
AERO,1784930400000,-1,67.28332967274308,0,0.0041530810310862,HIGH
PENDLE,1784931300000,-1,-158.2899871716976,0,0.0032717299641307,MID
SEI,1784937600000,-1,14.14050644483012,0,0.002784955866959,MID
PROVE,1784937600000,1,252.243871619914,0,0.0037199790132504,LOW
AAVE,1784937600000,-1,-145.15234480889052,0,0.0029493548917504,HIGH
0G,1784937600000,-1,29.006517690874936,0,0.0041959848213899,MID
ETHFI,1784939400000,-1,159.02250446708828,1,0.0038095052190588,MID
HBAR,1784939400000,-1,60.286618380262425,0,0.003278195150986,MID
ALGO,1784940300000,1,170.38283884593122,0,0.0037964266149378,HIGH
CC,1784940300000,-1,-3.0,0,0.0023228220600751,HIGH
PENDLE,1784940300000,-1,6.503767564997935,0,0.0032663621601888,MID
LIT,1784943000000,-1,81.59728687991259,0,0.0046236588146241,HIGH
2Z,1784943000000,1,60.566089567495446,0,0.0032552848265819,MID
MON,1784943900000,-1,-218.1792382374905,0,0.0037955504268017,HIGH
S,1784944800000,-1,25.40053358578256,0,0.0026045441559904,LOW
ENS,1784944800000,-1,3.970422175236679,0,0.0023647283835064,MID
ONDO,1784945700000,-1,59.7526058285464,0,0.0043128306023716,HIGH
NXPC,1784945700000,1,55.45495529915091,0,0.0028959743683498,LOW
XMR,1784947500000,1,36.25603053848414,0,0.003148568587434,HIGH
ENS,1784947500000,-1,39.905444794216514,0,0.0023258134380038,MID
UNI,1784950200000,-1,-226.8049509176278,0,0.0039798187963907,HIGH
FARTCOIN,1784951100000,-1,28.614785992218017,0,0.0039678824524752,HIGH
UNI,1784951100000,-1,-185.2763094408408,0,0.0039604001783564,HIGH
MON,1784951100000,-1,-112.32841118841336,1,0.0039773069030649,HIGH
WIF,1784952000000,1,96.22522767432304,0,0.0033918160709926,MID
CC,1784952000000,-1,41.1367373431412,0,0.0023674731612578,HIGH
UNI,1784955600000,-1,12.214497242373112,0,0.0039585914180696,HIGH
BLUR,1784956500000,-1,80.83315158124427,0,0.00334597800478,LOW
FARTCOIN,1784957400000,-1,12.481137456204328,0,0.0039996366223948,HIGH
PUMP,1784957400000,-1,30.370411568410155,0,0.003464847615115,HIGH
MINA,1784957400000,-1,36.474284671201225,0,0.0024464764208993,LOW
DYDX,1784960100000,-1,48.39081491149292,0,0.0034198595459458,MID
APT,1784960100000,-1,42.32482793352418,0,0.0029150436811157,MID
ADA,1784960100000,-1,37.74074074074037,0,0.0023606153717717,HIGH
ADA,1784961000000,-1,18.02269214122174,0,0.0023563673543812,HIGH
UNI,1784961000000,-1,57.75866221468121,0,0.0038739964134893,HIGH
MORPHO,1784961000000,-1,30.57112882920668,0,0.0028008232566025,HIGH
kPEPE,1784961000000,-1,19.455089820359017,0,0.0025104984255969,HIGH
TNSR,1784961000000,1,73.4655904842819,0,0.0130278716132267,LOW
VINE,1784962800000,-1,10.810565082287786,0,0.0047737975105592,HIGH
NEAR,1784964600000,-1,3.734006734005993,0,0.003529654489091,HIGH
SUI,1784964600000,-1,32.27738264580424,0,0.0023457656724018,HIGH
CELO,1784964600000,-1,-22.571810616587644,0,0.0021543213627723,LOW
MORPHO,1784964600000,1,15.556597622749567,0,0.0048374832813203,HIGH
VVV,1784965500000,1,54.31990704879925,1,0.0055107477641944,HIGH
RENDER,1784965500000,-1,3.228804761574509,0,0.0021443042055836,MID
MEGA,1784965500000,-1,107.20717056096896,0,0.0039612203060239,MID
PUMP,1784966400000,-1,92.8826847151713,0,0.0037606956772603,HIGH
ANIME,1784966400000,-1,53.88282138794016,0,0.0037918363961207,LOW
SUI,1784966400000,-1,32.56288941363832,0,0.0023070354617592,HIGH
FARTCOIN,1784966400000,-1,28.896622229492227,0,0.003817056993059,HIGH
MINA,1784966400000,-1,3.87947165657729,0,0.0022101186577463,LOW
CELO,1784966400000,-1,66.09528827337063,0,0.0021997731025652,LOW
PYTH,1784966400000,-1,-222.03323262839868,0,0.0038365220855157,MID
SOPH,1784966400000,-1,12.996343692870342,0,0.0023541149285879,LOW
NEO,1784966400000,-1,16.4254166240672,0,0.0021777126303571,LOW
LAYER,1784967300000,1,126.40482849324944,0,0.0034340963738575,LOW
BLUR,1784968200000,-1,52.290621328357325,0,0.0033759406413374,LOW
LTC,1784969100000,-1,15.759679776628603,0,0.0015751141648834,HIGH
RENDER,1784969100000,-1,26.180851802959644,0,0.0021846965379446,MID
PYTH,1784969100000,-1,74.96004547669389,0,0.0039507748070848,MID
UNI,1784970000000,-1,77.74962105553288,0,0.0039155055777724,HIGH
LTC,1784970000000,-1,18.184127192120663,0,0.0015334400166593,HIGH
DOT,1784970900000,1,21.470818548880484,0,0.0023670954183423,HIGH
IO,1784971800000,-1,44.877209040344574,0,0.0033915608489355,MID
DOT,1784971800000,1,24.15529895293081,0,0.0023648541766481,HIGH
kSHIB,1784973600000,1,34.6914016489977,0,0.0021142450055317,MID
RUNE,1784973600000,1,39.81803504995433,0,0.0017451594929442,LOW
0G,1784975400000,1,101.51227604512292,1,0.0050700037507363,MID
WLFI,1784978100000,-1,60.76157469596872,0,0.0032891526790197,MID
SUSHI,1784979000000,-1,49.9230769230769,0,0.0031197184177727,HIGH
AIXBT,1784979000000,-1,36.16004540295098,0,0.0024662263176776,MID
SKY,1784979900000,1,18.85107392099688,0,0.0034343461309089,MID
CC,1784984400000,1,-179.34768073547735,0,0.002566029844748,HIGH
AVAX,1784986200000,1,-537.4273546937885,0,0.0022873601903674,HIGH
kSHIB,1784986200000,1,-1511.8619402985073,0,0.0023019315171972,MID
VVV,1784986200000,1,149.17066984932163,1,0.0057086395872946,HIGH
kSHIB,1784987100000,1,-1352.353049907577,0,0.0024336689964075,MID
AVAX,1784987100000,1,-431.6993853661558,0,0.0024923708446678,HIGH
kSHIB,1784988000000,1,-1299.3389362192038,0,0.0024497566474483,MID
AVAX,1784988000000,1,82.34481442464813,0,0.0027300244979946,HIGH
W,1784988900000,1,95.68421052631558,0,0.0038764472686695,MID
kSHIB,1784988900000,1,-1094.4051841746257,0,0.0027345808185063,MID
kSHIB,1784989800000,1,-967.3179765130992,0,0.0027950395021514,MID
kSHIB,1784990700000,1,-905.3402340234032,0,0.0027570651023098,MID
BERA,1784990700000,1,-38.29087400055151,0,0.0046028537076676,LOW
AZTEC,1784990700000,1,74.25321888411926,0,0.0027000249525816,LOW
XRP,1784991600000,1,-47.74885844748975,0,0.0010040851467594,HIGH
kSHIB,1784991600000,1,-840.4274229566759,0,0.0028323599651165,MID
USUAL,1784991600000,1,67.01166861143442,0,0.0029971837460935,MID
BERA,1784991600000,1,21.06738868832861,0,0.0046655661634209,LOW
MON,1784991600000,-1,45.693472182046285,0,0.0034294466041262,HIGH
GOAT,1784992500000,1,-10.742934572203891,0,0.0022487358946145,LOW
kSHIB,1784992500000,1,-713.3584781174409,0,0.0031933743201745,MID
MOODENG,1784992500000,1,-27.6445497630334,0,0.0023425498002158,MID
IMX,1784992500000,1,84.36030221942389,0,0.0024557070068461,MID
DOGE,1784993400000,1,-71.05966798108352,0,0.0017762717454443,HIGH
kFLOKI,1784993400000,1,-208.5684454756376,0,0.0030681392964989,LOW
kBONK,1784993400000,1,46.40711462450677,1,0.0037656635588901,HIGH
PEOPLE,1784993400000,1,-446.2029795158294,0,0.0027432768282837,HIGH
MOODENG,1784993400000,1,47.96400161790526,0,0.0023806042959524,MID
kSHIB,1784993400000,1,-438.6223175965666,1,0.0039988637367106,MID
kSHIB,1784994300000,1,-319.3889474794346,1,0.0043184477853054,MID
PNUT,1784994300000,1,-143.02897151134815,0,0.0029351989505829,MID
UMA,1784994300000,1,52.79613590939407,0,0.0014547793322361,LOW
PEOPLE,1784994300000,1,-427.0740740740741,0,0.0026776726298578,HIGH
GOAT,1784994300000,1,110.50651329321234,0,0.002587383323661,LOW
NOT,1784994300000,1,-87.50704225352013,0,0.0022203448497231,LOW
TURBO,1784994300000,1,71.53416149068369,0,0.0031661175169882,LOW
TNSR,1784995200000,-1,-27.76780185758628,0,0.0099071046864832,LOW
PENGU,1784995200000,1,-149.1892247043373,0,0.0018519532009277,HIGH
kNEIRO,1784995200000,1,20.15580549123408,0,0.0031333046137888,MID
kBONK,1784995200000,1,49.407468064198994,1,0.0039249596897165,HIGH
kFLOKI,1784995200000,1,114.28755673392232,0,0.0040804254308788,LOW
WIF,1784995200000,1,44.93608521970695,0,0.0034252566365492,MID
AVAX,1784995200000,1,-207.1524056511312,0,0.0031887258422511,HIGH
FET,1784995200000,1,-302.41672067401254,0,0.0019912155715362,MID
kSHIB,1784995200000,1,213.4590565652444,0,0.0053532182661706,MID
AIXBT,1784995200000,1,47.28457755428929,0,0.0024259988796179,MID
PEOPLE,1784995200000,1,-289.6593164277837,0,0.002783350833974,HIGH
AR,1784995200000,1,17.947470190137466,0,0.001863669664181,LOW
POPCAT,1784995200000,1,-13.461710140885147,0,0.0031153687921004,MID
DOGE,1784995200000,1,5.076307178166468,0,0.0019825798419153,HIGH
BOME,1784996100000,1,-229.24434389140208,1,0.0043902829364589,HIGH
kBONK,1784996100000,1,39.469781117281904,1,0.0039301773824407,HIGH
AERO,1784996100000,-1,63.36026249170448,0,0.0036646718551748,HIGH
BERA,1784996100000,1,92.21760180752024,0,0.0048626812162014,LOW
INJ,1784996100000,-1,109.89777583431052,1,0.0040716257947222,HIGH
kLUNC,1784997000000,1,88.35513163194308,0,0.0027023931824975,LOW
BERA,1784997000000,1,135.95543842836614,0,0.0048383151559811,LOW
NOT,1784997000000,1,-30.93296089385543,0,0.0023607025259529,LOW
PEOPLE,1784997000000,1,67.87043430855891,0,0.0029593440891712,HIGH
DOGE,1784997000000,1,22.81433111737271,0,0.0020573691439254,HIGH
AVAX,1784997000000,1,93.86098654708516,0,0.0034146387675831,HIGH
kPEPE,1784997900000,1,36.85507246376712,0,0.0023187206044396,HIGH
DOGE,1784997900000,1,7.533172563856354,0,0.0020559428908415,HIGH
XRP,1784997900000,1,5.16696914700656,0,0.0010343282853626,HIGH
kLUNC,1784997900000,1,155.62989966072416,0,0.0030295321435296,LOW
PENGU,1784998800000,1,-128.26435659671495,0,0.0018312159526961,HIGH
DOGE,1784998800000,1,19.011185558446275,0,0.0020568111997913,HIGH
TRX,1784998800000,1,11.425677706316655,0,0.0009463464427981,HIGH
kPEPE,1784998800000,1,29.45582401730939,0,0.0023602890954554,HIGH
PENGU,1784999700000,1,51.74158750603796,0,0.0020470763776944,HIGH
TRX,1784999700000,1,26.707426856713905,0,0.0009571629921491,HIGH
DOGE,1784999700000,1,19.433868259516707,0,0.0020959483840816,HIGH
WIF,1784999700000,1,-187.34093161546,1,0.0034914283875548,MID
GRAM,1784999700000,1,-222.87686895338595,0,0.0022209888408088,HIGH
kFLOKI,1785000600000,1,72.642965204236,0,0.0044969965752698,LOW
JUP,1785000600000,1,40.44831240396413,0,0.0022497910492578,HIGH
DOGE,1785000600000,1,61.11132679005895,0,0.0021891939637318,HIGH
SOPH,1785000600000,1,34.77777777777701,0,0.0019824731779929,LOW
ETH,1785000600000,1,6.608711898787991,0,0.000847601649138,HIGH
BERA,1785000600000,1,105.02223987291428,0,0.0050054033107332,LOW
GRAM,1785000600000,1,-143.0390493502991,0,0.0022708033640657,HIGH
kSHIB,1785000600000,1,159.37623762376165,0,0.006134182761276,MID
BOME,1785001500000,1,85.4955752212387,1,0.0046774208598352,HIGH
kNEIRO,1785001500000,1,116.22260329903666,0,0.0034534455081607,MID
POPCAT,1785002400000,1,67.84342909888122,0,0.0031958975248158,MID
NOT,1785002400000,1,162.28925619834666,0,0.0027432443176646,LOW
VVV,1785002400000,1,145.75309902289678,1,0.0063875656128249,HIGH
PEOPLE,1785002400000,1,-199.36101603314663,0,0.0031582300639172,HIGH
BOME,1785002400000,1,63.22516556291433,1,0.0046147886569021,HIGH
PENGU,1785002400000,1,30.359809372518164,0,0.0021643562916423,HIGH
WIF,1785002400000,1,-73.72870027902198,1,0.0036213614672089,MID
GRAM,1785002400000,1,45.73164218958667,0,0.0023415938198212,HIGH
PEOPLE,1785003300000,1,-42.24366749910866,0,0.0032474627098291,HIGH
GRAM,1785003300000,1,52.37024683122212,0,0.002334267771086,HIGH
WIF,1785003300000,1,67.83065035415261,1,0.0035472375376813,MID
PAXG,1785004200000,1,0.6991368680641186,0,0.0002252655541177,HIGH
FET,1785005100000,1,-141.81813550687642,0,0.0022337898662809,MID
PNUT,1785006000000,1,60.48459910651291,1,0.0035601016949968,MID
PEOPLE,1785006000000,1,106.54063604240358,0,0.0034203225252206,HIGH
BANANA,1785006000000,-1,55.274083368186645,0,0.0046972156308942,MID
PEOPLE,1785007800000,1,100.52693454992108,0,0.0035251946882962,HIGH
LTC,1785007800000,1,-57.42732983392137,0,0.0012335367917706,HIGH
WIF,1785008700000,1,65.86876673893622,1,0.0037634597327904,MID
BIO,1785011400000,-1,37.7386255473061,0,0.0030615908721817,MID
AVAX,1785013200000,1,-2.2611965660420483,1,0.0036270800848288,HIGH
FIL,1785015900000,1,37.489680566311804,0,0.0018103894853895,MID
FET,1785015900000,1,60.9739086803809,0,0.0024804631750108,MID
SEI,1785016800000,1,13.527818104660774,0,0.0020815962845163,MID
FIL,1785016800000,1,11.318906359756587,0,0.0018947590044155,MID
AVAX,1785017700000,1,41.48032883147451,1,0.0036741773119449,HIGH
KAS,1785018600000,1,53.66525003541593,0,0.0016033917297346,LOW
DASH,1785020400000,1,21.768369874324392,0,0.00155573971594,MID
PURR,1785020400000,-1,42.94156360283559,0,0.0033264709936091,MID
PURR,1785021300000,-1,77.07074523675512,0,0.0035191732676025,MID
PURR,1785022200000,-1,185.6360664312806,0,0.0038881649559272,MID
JTO,1785022200000,-1,61.02527045157433,0,0.0027458881402765,HIGH
JTO,1785023100000,-1,89.3055962396536,0,0.0027330141677825,HIGH
ETHFI,1785024000000,-1,-54.59681126815671,0,0.0035011797976954,MID
ETC,1785024000000,1,23.150005943184244,0,0.0016214732251321,LOW
CC,1785024000000,1,101.37737681042152,0,0.0028613327918486,HIGH
AZTEC,1785024000000,1,45.84175272118259,0,0.0028104939467471,LOW
BOME,1785025800000,1,-1318.789473684209,1,0.0047861785778938,HIGH
ETHFI,1785025800000,-1,10.312953010207597,0,0.0032221357842918,MID
BOME,1785026700000,1,-1291.209606986899,1,0.0047838334242117,HIGH
FARTCOIN,1785026700000,1,-177.6345318056118,0,0.0028332686836195,HIGH
BOME,1785028500000,1,-1037.482758620689,1,0.004947344374542,HIGH
BOME,1785029400000,1,-875.3404255319142,1,0.0050965454443164,HIGH
ICP,1785029400000,1,-1.6187209355875274,0,0.0018095601899485,HIGH
POPCAT,1785030300000,1,-0.6995099956283646,0,0.0023204106881722,MID
BOME,1785030300000,1,-610.9664570230619,1,0.0052581609735478,HIGH
ORDI,1785030300000,1,-244.7782052309584,0,0.0031790515437879,LOW
kSHIB,1785030300000,1,-344.78187403993894,0,0.00930555231643,MID
ETC,1785031200000,1,-207.07864922154903,0,0.0020655688213292,LOW
ORDI,1785031200000,1,-145.3920810946718,0,0.0032928002608172,LOW
MOODENG,1785031200000,1,7.300021128249607,0,0.0034613209056904,MID
MERL,1785031200000,1,5.987754184922286,0,0.0028843890434107,MID
WLD,1785031200000,-1,-107.1296887942262,0,0.0033565246218209,HIGH
MEME,1785031200000,1,89.93680297397593,0,0.0027353893806606,LOW
ME,1785031200000,-1,59.12144742972474,0,0.0025982272928174,MID
MEME,1785032100000,1,71.21150278293115,0,0.0027395621869285,LOW
ORDI,1785032100000,1,-116.9293795716463,0,0.0033376948569335,LOW
kPEPE,1785032100000,1,-448.85987261146585,0,0.0031427717314036,HIGH
NOT,1785033000000,1,106.28961748633849,0,0.0037481366259804,LOW
kFLOKI,1785033000000,1,61.11382399437919,0,0.0050509514040337,LOW
BRETT,1785033000000,1,-136.21685957632735,0,0.0033776407085033,LOW
kPEPE,1785033000000,1,-332.0164508225408,0,0.0033190866756798,HIGH
ORDI,1785033000000,1,12.670706226494532,0,0.0033804621832511,LOW
FARTCOIN,1785033900000,1,27.272452068617675,0,0.0029183197630936,HIGH
LTC,1785034800000,1,21.776795249690217,0,0.0012561492081935,HIGH
SOL,1785034800000,1,5.8036388373845575,0,0.0010584614242767,HIGH
ETC,1785034800000,1,53.25471205706688,0,0.0020901415956353,LOW
PUMP,1785034800000,1,68.15489874110558,1,0.0036908647648309,HIGH
ORDI,1785034800000,1,79.30026657004595,0,0.0034855020544465,LOW
ZORA,1785034800000,1,-122.53444479395984,0,0.0028027093697437,LOW
BRETT,1785034800000,1,38.08108108108091,0,0.0034099897986169,LOW
ORDI,1785035700000,1,148.25621731921925,0,0.0037213047641177,LOW
FARTCOIN,1785036600000,1,119.64295569523152,0,0.0031435269572628,HIGH
kSHIB,1785036600000,1,145.56081708449435,1,0.0096034301853516,MID
BOME,1785036600000,1,59.37006237006164,0,0.0053422679288809,HIGH
MET,1785036600000,1,45.442078823037214,1,0.0051128652497724,MID
ICP,1785037500000,1,86.89376191773377,0,0.0020413655251694,HIGH
kPEPE,1785037500000,1,-314.21751025991773,1,0.0038979396211407,HIGH
TURBO,1785037500000,1,151.76190476190465,0,0.004294791188473,LOW
ORDI,1785039300000,1,98.66289677114702,0,0.0040878818932848,LOW
MELANIA,1785039300000,1,-91.03471791692527,0,0.0021433896189784,LOW
VVV,1785039300000,1,-295.3467537178096,1,0.007220663090668,HIGH
ETH,1785040200000,1,20.321142735994545,0,0.0007978235056216,HIGH
LINK,1785040200000,1,51.10961331710814,0,0.0013134515389847,HIGH
BIO,1785040200000,-1,4.281088331097216,0,0.0026508262487283,MID
MELANIA,1785040200000,1,81.30054978619548,0,0.0026111445231621,LOW
SUI,1785040200000,1,21.73527695172457,0,0.0015612269463502,HIGH
VVV,1785040200000,1,-84.21316659479629,1,0.0072706989138192,HIGH
POPCAT,1785042000000,1,18.70238040846116,0,0.0024311461850058,MID
PEOPLE,1785042000000,1,135.16925734024215,1,0.005312781773474,HIGH
kSHIB,1785042000000,1,404.0701660417781,1,0.0106144933121167,MID
JTO,1785042000000,-1,190.8044966803608,0,0.0032090330777841,HIGH
BIO,1785042000000,-1,26.59034662977507,0,0.0026488068706739,MID
kPEPE,1785042000000,1,61.55997281685329,1,0.0044320827006707,HIGH
BOME,1785042000000,1,-186.2993890020367,0,0.0059925674361695,HIGH
MEME,1785042900000,1,107.09174311926674,0,0.0031800719728672,LOW
TRUMP,1785042900000,1,72.99547795503078,0,0.0020488137309548,MID
ORDI,1785042900000,1,72.61065422855077,0,0.004988465022426,LOW
CASHCAT,1785042900000,-1,827.4413596725396,0,0.0133458180879135,HIGH
S,1785043800000,1,43.230142052617886,0,0.002138211219468,LOW
NOT,1785043800000,1,78.74386920980831,0,0.0040390722268744,LOW
MOODENG,1785043800000,1,57.81377071146961,1,0.0043892676156747,MID
PEOPLE,1785043800000,1,-68.60134566862905,1,0.0068126117163513,HIGH
BOME,1785043800000,1,193.85039370078792,0,0.006729732663193,HIGH
CASHCAT,1785043800000,-1,442.2147906470912,0,0.0125823666110611,HIGH
LTC,1785043800000,1,19.61864117446111,0,0.001314996163016,HIGH
kPEPE,1785043800000,1,149.12981744422018,1,0.0045983175535993,HIGH
POPCAT,1785043800000,1,55.42544552222023,0,0.0025660717923997,MID
S,1785044700000,1,20.92344497607718,0,0.0021414987678199,LOW
PEOPLE,1785044700000,1,374.9732811990884,1,0.0074899922725346,HIGH
VVV,1785044700000,1,116.74360780446568,1,0.007343672907727,HIGH
BOME,1785044700000,1,94.4658869395714,0,0.0067784613234634,HIGH
DYDX,1785044700000,1,67.24826375029872,0,0.0023617016973828,MID
TAO,1785044700000,1,87.83609354612076,0,0.0018913428374594,HIGH
NOT,1785045600000,1,105.69565217391276,0,0.0040457414404426,LOW
PAXG,1785045600000,1,-0.2883027240233966,0,0.000112047477551,HIGH
BANANA,1785045600000,-1,21.884663777436405,0,0.0040622069143393,MID
INJ,1785045600000,-1,-114.6838487972514,0,0.0034518254454217,HIGH
BRETT,1785045600000,1,78.0061820507351,0,0.0038291064001499,LOW
INJ,1785046500000,-1,99.72002629632637,1,0.0044053360058391,HIGH
VVV,1785046500000,1,132.65891472868196,1,0.0074287157067735,HIGH
VVV,1785047400000,1,150.3784717424344,1,0.0074272476264555,HIGH
AAVE,1785047400000,1,-328.7130648435003,0,0.0020890922845121,HIGH
MOODENG,1785048300000,1,78.03686282529726,1,0.0047357853604431,MID
AIXBT,1785048300000,1,50.04195618734571,1,0.0035209879242951,MID
ZK,1785048300000,1,6.6774193548371965,0,0.0024100779774417,LOW
BABY,1785048300000,1,113.68518812509886,0,0.002679822361018,LOW
BNB,1785048300000,1,13.252774331103332,0,0.000721153779061,HIGH
kPEPE,1785048300000,1,127.2170283806343,1,0.0058960627474765,HIGH
GOAT,1785048300000,1,59.93549112159962,0,0.0035192878873383,LOW
DYDX,1785048300000,1,93.16900520258544,0,0.0028074334278126,MID
LINEA,1785049200000,1,33.7647058823525,0,0.0027131568047991,LOW
LTC,1785049200000,1,19.18572007594325,0,0.0013236063183477,HIGH
IO,1785049200000,1,26.225854686332745,0,0.0028261862045142,MID
SUPER,1785049200000,1,75.00348501327356,0,0.0016469837106153,LOW
SPX,1785049200000,1,38.50721224610016,0,0.0029740192005676,HIGH
BOME,1785049200000,1,205.7286527514241,1,0.0071711189276214,HIGH
STRK,1785049200000,1,-133.71895424836637,0,0.0030484706528579,MID
W,1785049200000,1,18.739130434781725,0,0.0029598622118271,MID
BIGTIME,1785049200000,1,42.55116914667423,0,0.0016368314707166,LOW
ALT,1785049200000,1,19.686760654675293,0,0.0017319986373594,MID
EIGEN,1785050100000,1,105.69565217391286,1,0.0035597151565192,MID
VINE,1785050100000,1,-184.43599955747231,0,0.0026501872902365,HIGH
LTC,1785051900000,1,51.73908413205644,0,0.0013892674230918,HIGH
LTC,1785052800000,1,22.927657584902427,0,0.0014039462626796,HIGH
CAKE,1785052800000,1,-11.520306731041378,0,0.0010364064037002,MID
IO,1785052800000,1,181.20355155049063,0,0.0031842767259055,MID
WCT,1785052800000,1,59.64180724080036,0,0.0017454578020563,LOW
HYPER,1785053700000,1,120.58799951415176,0,0.0024718179311325,MID
IO,1785053700000,1,4.894217485692322,0,0.0032247685698629,MID
STBL,1785054600000,1,11.591439688715075,1,0.0042471763870457,MID
IO,1785055500000,1,168.63445791025293,0,0.0031513988405435,MID
CAKE,1785055500000,1,23.834263117010124,0,0.0010891225358767,MID
STBL,1785055500000,1,107.91979337684678,1,0.0043405707635236,MID
WLFI,1785055500000,-1,37.3438312101332,0,0.0023800980397511,MID
FIL,1785055500000,1,39.66631222170446,0,0.0021451072552553,MID
LTC,1785056400000,1,17.356665747788657,0,0.0013751055902659,HIGH
NIL,1785056400000,1,117.6326264002012,1,0.0045175084194882,HIGH
VINE,1785057300000,1,-75.91326586135716,0,0.0032267021093355,HIGH
ENA,1785059100000,-1,58.51256918682418,0,0.0021924974071621,HIGH
IMX,1785060000000,1,60.99250819416382,0,0.0022916117513571,MID
PAXG,1785060000000,1,-13.842512505852715,0,0.0001329619942414,HIGH
HYPER,1785060000000,1,90.81144649745592,0,0.0031059911122349,MID
KAS,1785060000000,1,-63.916179337232506,0,0.0018354155928702,LOW
AAVE,1785060000000,1,-220.23725819927893,0,0.0023425501952497,HIGH
KAS,1785060900000,1,6.731007159241068,0,0.0018376536995426,LOW
AAVE,1785060900000,1,-147.25905690510265,0,0.002417389576245,HIGH
KAITO,1785060900000,1,-661.3986868502648,0,0.0082601388537361,HIGH
UNI,1785061800000,1,-527.6555768245676,0,0.0020735980981098,HIGH
RENDER,1785061800000,1,21.16431735803496,0,0.0012789881270122,MID
KAS,1785061800000,1,45.41777624070594,0,0.0018922316648742,LOW
UMA,1785061800000,1,76.78142076502672,0,0.0017561172125365,LOW
PAXG,1785061800000,1,2.418852681101192,0,0.0001389259951282,HIGH
OP,1785061800000,1,14.128787067766552,0,0.0019769917448565,MID
OP,1785062700000,1,31.19899540451009,0,0.0019726275601423,MID
APT,1785063600000,1,79.20044261776941,0,0.002922573954314,MID
UNI,1785063600000,1,-164.8572927597064,0,0.0031280277292212,HIGH
KAITO,1785063600000,1,-485.71538599319416,0,0.008421653747606,HIGH
ETHFI,1785064500000,1,9.692178744193455,0,0.0029885561643713,MID
KAITO,1785064500000,1,-38.20219799089888,0,0.0092988593198674,HIGH
ETHFI,1785065400000,1,20.86179249785246,0,0.0030014216925455,MID
CC,1785066300000,1,57.43513295729256,0,0.0027764559992367,HIGH
MINA,1785066300000,1,49.59420354178712,0,0.001958627795231,LOW
HYPER,1785066300000,1,103.37830234296078,0,0.003552616164897,MID
UNI,1785066300000,1,-97.8830904778041,0,0.0033170544775189,HIGH
ETH,1785067200000,1,12.343915343915826,0,0.0008656093981328,HIGH
UNI,1785067200000,1,41.25924008696582,0,0.0033732921603315,HIGH
NIL,1785067200000,1,95.81640517478618,1,0.0045915977738466,HIGH
BTC,1785067200000,1,1.3359090697926508,0,0.0005896014668329,HIGH
KAITO,1785067200000,1,109.48216234365884,0,0.0093223259939455,HIGH
APT,1785068100000,1,117.8222187352884,0,0.0031709763422717,MID
LINK,1785068100000,1,28.721698113209023,0,0.0014346655323633,HIGH
UNI,1785068100000,1,138.4767921675171,1,0.0035040152271599,HIGH
KAITO,1785070800000,1,128.7089232795523,0,0.0094871460638873,HIGH
PENDLE,1785071700000,1,-127.96676415846947,0,0.0024219065341654,MID
INIT,1785071700000,-1,-47.00419789000849,0,0.0019514240008403,LOW
POLYX,1785071700000,1,52.08124483613296,0,0.0017055811603621,LOW
AAVE,1785072600000,1,23.78237761076232,0,0.002703360373686,HIGH
TNSR,1785073500000,1,39.016806722689445,0,0.0048003442982381,LOW
APE,1785073500000,-1,34.16168840274875,0,0.0026649482305325,LOW
BTC,1785074400000,1,10.296433154501464,0,0.0006835191761879,HIGH
ETH,1785074400000,1,12.306661036629704,0,0.0009906666748782,HIGH
MINA,1785075300000,1,163.49728631046486,0,0.0026152209595608,LOW
YGG,1785075300000,1,284.9373312867196,0,0.0044974623432893,LOW
AAVE,1785076200000,1,50.38354421212773,0,0.0026712143283601,HIGH
BNB,1785077100000,1,-1.9522578842603733,0,0.0007461740869877,HIGH
LDO,1785077100000,1,106.88726859033964,0,0.0033611718978568,HIGH
ETH,1785077100000,1,-272.78606807882835,0,0.0010233312600982,HIGH
BSV,1785077100000,1,-93.14334269247811,0,0.0025738417715601,LOW
MERL,1785078000000,1,22.855429640223587,1,0.0037178241056374,MID
PURR,1785078000000,1,-220.6516058626501,1,0.0044523658281896,MID
ETH,1785078900000,1,-247.46542860140548,0,0.001097048963353,HIGH
LINK,1785078900000,1,-332.6896831081014,0,0.0015179450774638,HIGH
PURR,1785078900000,1,51.61685449046663,1,0.0044791455863892,MID
AAVE,1785078900000,1,28.76430678769288,0,0.0028642199778741,HIGH
SOL,1785079800000,1,-0.8758430248007101,0,0.0012316828816049,HIGH
UNI,1785079800000,1,30.551929235931887,1,0.0043212126329762,HIGH
LINK,1785079800000,1,-310.79673712052045,0,0.0015482270968623,HIGH
ETH,1785079800000,1,-207.2842215256004,0,0.0011641386657433,HIGH
PAXG,1785079800000,1,-51.75166198847621,0,0.0001449006921505,HIGH
LTC,1785079800000,1,-104.97403145782688,0,0.0016081194326696,HIGH
XLM,1785080700000,1,20.866348448686573,0,0.0017375178238365,MID
LTC,1785080700000,1,-24.99597787833165,0,0.0017811357867718,HIGH
UNI,1785080700000,1,82.96713021491846,1,0.0043294912938396,HIGH
ONDO,1785080700000,1,-231.32895534451384,0,0.0033591710590383,HIGH
LINK,1785080700000,1,-269.682180464251,0,0.0016482446622804,HIGH
SOL,1785080700000,1,17.67210855507152,0,0.0012406394649608,HIGH
ONDO,1785081600000,1,188.541488282314,1,0.0039247502162058,HIGH
PENDLE,1785081600000,1,15.291089626338604,0,0.0023585775266578,MID
PAXG,1785081600000,1,-114.01538461538551,0,0.0001471032561266,HIGH
MERL,1785081600000,1,-415.1114683815642,1,0.0049108500832021,MID
ETH,1785082500000,1,31.369629745351816,0,0.0013026281254731,HIGH
LINK,1785082500000,1,33.77533508343895,0,0.0018336143142958,HIGH
SUSHI,1785082500000,1,115.68368998381642,0,0.0029917527544301,HIGH
MERL,1785082500000,1,173.26940278874085,1,0.0052129253579629,MID
PURR,1785082500000,1,58.94029850746249,1,0.0046118626989925,MID
HYPE,1785082500000,1,52.57239567545693,0,0.0019765088595646,HIGH
JUP,1785082500000,1,37.226538929761446,0,0.0022690900525104,HIGH
ONDO,1785082500000,1,95.98795892738478,1,0.0039454019438019,HIGH
ENS,1785083400000,1,-400.3480266989214,0,0.0023036611057177,MID
PUMP,1785083400000,1,87.61833688699407,1,0.004329685552865,HIGH
LTC,1785083400000,1,12.85017414336076,0,0.0018324442640412,HIGH
PAXG,1785083400000,1,1.4288069286228424,0,0.0001495387755796,HIGH
RSR,1785083400000,1,106.63194988253646,0,0.0039243125447256,LOW
PURR,1785083400000,1,81.19995272985125,1,0.0047218645769762,MID
BTC,1785083400000,1,12.277542013240536,0,0.0007172835956291,HIGH
HEMI,1785084300000,-1,87.38619556285902,0,0.0047757143854039,MID
ETC,1785084300000,1,132.86349419124178,0,0.0031213392677064,LOW
ENS,1785085200000,1,32.927074732777946,0,0.0023186432531107,MID
NIL,1785085200000,1,14.866959868060077,1,0.0045757206277445,HIGH
XMR,1785086100000,-1,-186.77834878784608,0,0.0023097781739188,HIGH
BLUR,1785087000000,1,96.7833650626924,0,0.0026492956992655,LOW
ONDO,1785087000000,1,96.67672413793149,1,0.0043797757765785,HIGH
NIL,1785087900000,1,126.76060935799734,1,0.0048315998349842,HIGH
MERL,1785087900000,1,29.32702434955056,1,0.0060300920784737,MID
GRIFFAIN,1785087900000,1,28.71726325328528,0,0.0028632072548353,MID
BCH,1785089700000,1,5.382620034460876,0,0.0013557424238986,MID
XMR,1785090600000,-1,-148.79135885381788,0,0.0022853141846275,HIGH
BCH,1785091500000,1,163.94872615834998,0,0.0022255490770456,MID
MERL,1785093300000,1,100.62694300518174,1,0.0064384934601096,MID
WLD,1785094200000,1,32.970204208796936,1,0.0040641627723962,HIGH
STX,1785095100000,1,32.460992907802144,0,0.0038545868141551,LOW
MERL,1785096000000,1,82.74928542262047,1,0.0067357156248302,MID
PUMP,1785096900000,1,-537.6744309158282,1,0.0047872190589111,HIGH
LIT,1785097800000,1,72.29411764705888,0,0.0032394799880491,HIGH
HBAR,1785099600000,-1,74.91420780007975,0,0.0016513651595185,MID
PAXG,1785099600000,1,-57.11654736427816,0,0.0001669369759905,HIGH
WIF,1785100500000,-1,15.260075648884992,0,0.0033248954630312,MID
MERL,1785100500000,1,115.89234473763474,1,0.007156045203766,MID
PUMP,1785100500000,1,-90.44855967078234,1,0.005309826177556,HIGH
CRV,1785101400000,1,-108.10150213562402,0,0.0021026043781882,HIGH
NIL,1785101400000,1,77.1514837103143,0,0.0062945262471785,HIGH
PUMP,1785101400000,1,62.6565656565656,1,0.0055960925002781,HIGH
ENS,1785102300000,1,102.91293047433338,0,0.0028358321256014,MID
PAXG,1785102300000,1,-36.64935894286933,0,0.0001970836015924,HIGH
WIF,1785102300000,-1,50.664921465969584,0,0.0032775721850804,MID
BNB,1785103200000,1,18.1996941683469,0,0.0007612954127802,HIGH
LINK,1785103200000,1,-169.91748325655536,0,0.0022994257778091,HIGH
DASH,1785103200000,1,24.112654603058136,0,0.0015900333018561,MID
PUMP,1785103200000,1,223.8244575936885,1,0.0060689849046279,HIGH
PAXG,1785103200000,1,-13.779293956246088,0,0.0003249537691422,HIGH
ENA,1785103200000,1,-162.9292228120315,1,0.0042021356275181,HIGH
PENDLE,1785103200000,1,-226.24915386618068,0,0.0024322793065742,MID
VIRTUAL,1785103200000,1,104.97840431913689,0,0.0026191653584678,HIGH
SOL,1785103200000,1,-108.03207487643184,0,0.0014202185621883,HIGH
NEO,1785103200000,1,13.600432617335285,0,0.0015545903599282,LOW
AAVE,1785103200000,1,-194.81132648413345,1,0.0034903691203644,HIGH
ETH,1785103200000,1,-170.75059357902342,0,0.0014906359819351,HIGH
XRP,1785103200000,1,31.277467075591066,0,0.001148008654304,HIGH
BTC,1785103200000,1,-62.84073159130314,0,0.0009299923715119,HIGH
ZEC,1785103200000,1,-42.666798889329634,0,0.002842370457664,HIGH
JUP,1785103200000,1,-148.89346628181605,0,0.0023219429435307,HIGH
XLM,1785103200000,1,-116.89395698568066,0,0.0019033153642618,MID
0G,1785103200000,1,12.292251925690556,0,0.002143485407406,MID
SOL,1785104100000,1,-43.72546323577648,0,0.0014610389688814,HIGH
LTC,1785104100000,1,21.4970831862806,0,0.0020297914255785,HIGH
AAVE,1785104100000,1,-23.874751491054468,1,0.003911093212652,HIGH
MET,1785104100000,1,185.48700967906265,1,0.0055048081088412,MID
ENA,1785104100000,1,-86.51554223113918,1,0.0042459410362937,HIGH
DASH,1785104100000,1,13.718341540519097,0,0.001601510018089,MID
NEO,1785104100000,1,5.041009146648134,0,0.001550098766517,LOW
PEOPLE,1785105000000,1,19.30009557183836,1,0.0096530153204173,HIGH
XPL,1785105000000,1,-90.873669788701,0,0.0026585665009819,HIGH
PUMP,1785105000000,1,338.1306042884999,1,0.0061055068551432,HIGH
SPX,1785105000000,1,-63.77961545204754,1,0.0036134203931588,HIGH
TIA,1785105000000,1,44.59055028354862,0,0.0026362849369404,MID
SAND,1785105000000,1,48.78641368205798,0,0.0020293302842662,LOW
PENDLE,1785105000000,1,76.17605407145284,0,0.0025484044028348,MID
AAVE,1785105000000,1,55.54336177813092,1,0.0038631135484113,HIGH
JUP,1785105000000,1,57.88992974238754,0,0.0024008588849275,HIGH
XLM,1785105000000,1,26.621503017004112,0,0.0019802921972814,MID
BTC,1785105000000,1,35.962824881201584,0,0.0010075888130465,HIGH
NEAR,1785105000000,1,-205.4202420242021,0,0.0018939290144858,HIGH
SOL,1785105000000,1,40.83733218521253,0,0.0015016015622792,HIGH
ETH,1785105000000,1,-130.8759244042721,0,0.0015612136112366,HIGH
LINK,1785105000000,1,34.74703782686656,0,0.0023529637655726,HIGH
PUMP,1785105900000,1,361.6086533787068,1,0.0061044911817595,HIGH
LIT,1785105900000,1,-584.8028879854212,1,0.0035800322294472,HIGH
ZEC,1785105900000,1,38.362194953811546,0,0.0028613828721677,HIGH
NEAR,1785105900000,1,-162.982467674776,0,0.0019341682497872,HIGH
ETH,1785105900000,1,20.08876346844536,0,0.0015618608768556,HIGH
LINK,1785105900000,1,20.778642455686427,0,0.002360162602409,HIGH
SPX,1785105900000,1,62.94932315168356,1,0.0037066209018226,HIGH
RUNE,1785106800000,1,16.771478492770242,0,0.0015613611255451,LOW
OP,1785106800000,1,2.2703699799720143,0,0.0019945938700672,MID
WLD,1785106800000,1,54.34105339710767,1,0.0043498276210898,HIGH
LIT,1785106800000,1,31.354688950789573,1,0.0036356564853409,HIGH
ETH,1785106800000,1,36.869147413617775,0,0.0015965404112713,HIGH
AZTEC,1785106800000,1,20.78848637259588,0,0.0029034571739635,LOW
SAND,1785106800000,1,55.87191030691343,0,0.0021479169769375,LOW
GRASS,1785106800000,1,51.211367267747455,1,0.0040840272442229,HIGH
KAS,1785108600000,1,39.31793051668916,0,0.0021557405064589,LOW
NEAR,1785108600000,1,-0.2726776850491195,0,0.0019516177658689,HIGH
ZEC,1785108600000,1,36.01960784313743,0,0.0029606361525208,HIGH
ENA,1785108600000,1,38.73089627835327,1,0.0044631743787048,HIGH
BSV,1785108600000,1,55.00464037122975,0,0.0028623190096093,LOW
RUNE,1785109500000,1,4.118091433033282,0,0.0015816160951898,LOW
AAVE,1785109500000,1,63.0163562912604,1,0.0039506731744368,HIGH
2Z,1785109500000,-1,12.047924367823908,0,0.0016610376046318,MID
POL,1785109500000,1,12.594190197568867,0,0.0012254053683785,HIGH
POL,1785110400000,1,21.336539575848207,0,0.0012238798741596,HIGH
XMR,1785110400000,-1,-65.10827826777452,0,0.0023634222323228,HIGH
PAXG,1785110400000,1,49.34200019476203,0,0.0006524683661549,HIGH
FOGO,1785110400000,1,52.41732639674135,0,0.002046560538269,MID
PEOPLE,1785111300000,1,54.97555625195818,1,0.009853566368465,HIGH
NIL,1785112200000,1,-899.2191555943151,0,0.0068753421026125,HIGH
NIL,1785113100000,1,46.45195003823597,0,0.0068880091549872,HIGH
JTO,1785113100000,1,-558.3029154666272,0,0.0031353787563656,HIGH
JTO,1785114000000,1,-516.4749391318938,0,0.0031435125617729,HIGH
LIT,1785114900000,1,-406.1773888144848,1,0.0037607052734853,HIGH
MORPHO,1785114900000,1,80.78907229943384,0,0.0035389190561546,HIGH
kLUNC,1785114900000,-1,54.48529991922014,0,0.0022004132704268,LOW
JTO,1785115800000,1,119.338840512532,0,0.0033229915820077,HIGH
NIL,1785115800000,1,259.3719610020983,0,0.0073012984883513,HIGH
LIT,1785115800000,1,-424.3871235147827,1,0.0037574864437934,HIGH
LIT,1785116700000,1,-387.0506561438944,1,0.0037456797343723,HIGH
PEOPLE,1785116700000,1,308.04432757325407,1,0.011460319115019,HIGH
BOME,1785116700000,1,158.29032258064518,1,0.011816260200246,HIGH
ONDO,1785116700000,1,50.73729514175922,1,0.0050333846111765,HIGH
JTO,1785116700000,1,122.21624516022638,0,0.0033519806297661,HIGH
NIL,1785116700000,1,191.17949405996268,0,0.0073742140441155,HIGH
JTO,1785117600000,1,191.68302658486564,0,0.0034111523421567,HIGH
NIL,1785118500000,1,153.38909607102582,0,0.0083308133730274,HIGH
SKY,1785119400000,-1,116.73939073780596,0,0.0033626530888767,MID
TAO,1785119400000,1,33.95565321614108,0,0.0026324848373023,HIGH
MEGA,1785120300000,1,116.78633935674502,0,0.0031621462172625,MID
0G,1785120300000,1,37.36553232045738,0,0.002461515560134,MID
LIT,1785122100000,1,-192.29004990782803,1,0.0039598234810164,HIGH
ZRO,1785122100000,1,-556.9016689219659,1,0.0035404572823552,HIGH
APE,1785123000000,1,-650.1546923808237,0,0.0030338693066522,LOW
AERO,1785123900000,1,216.0062930231497,1,0.0038202792287187,HIGH
NEAR,1785123900000,1,65.91724546384495,0,0.0022549801488015,HIGH
LIT,1785123900000,1,21.562343694176764,1,0.0039341541508381,HIGH
SEI,1785124800000,1,8.730594719018502,0,0.0020120313490069,MID
PURR,1785124800000,1,9.08802411779266,1,0.0046821334312409,MID
APE,1785127500000,1,-738.587804553322,0,0.0032280300364981,LOW
MANTA,1785127500000,-1,-285.1725656499759,0,0.0019383295616183,LOW
ORDI,1785128400000,-1,32.36787953485847,0,0.0058586955002108,LOW
USUAL,1785129300000,1,76.27519818799422,0,0.0026596909795162,MID
APE,1785129300000,1,57.90698444223612,0,0.0032413850649328,LOW
JTO,1785131100000,1,28.9572164612268,1,0.003527242763667,HIGH
LINK,1785131100000,1,16.206869280308705,0,0.0024482088091398,HIGH
ZRO,1785131100000,1,-605.5581240423681,1,0.00392187732168,HIGH
PENDLE,1785132000000,1,43.47609346151451,0,0.002690989717824,MID
LDO,1785132000000,1,184.7980922098558,1,0.0045916343893963,HIGH
ADA,1785132000000,1,27.606733481366525,0,0.0017832073754124,HIGH
BTC,1785132000000,1,11.794930067263548,0,0.0011245996397892,HIGH
APE,1785132000000,1,-557.8632517872365,0,0.0030820696042762,LOW
JUP,1785132000000,1,43.55252676770351,0,0.0023087544955165,HIGH
WLFI,1785132900000,-1,40.014705882353866,0,0.002186457612415,MID
HEMI,1785132900000,-1,-283.2574216317204,0,0.0043187573234285,MID
MANTA,1785132900000,-1,-268.8520475561427,0,0.0020783351088563,LOW
REZ,1785133800000,1,27.74558032282934,0,0.0030971839713389,LOW
MANTA,1785133800000,-1,56.7113949245313,0,0.0020859848688369,LOW
JTO,1785133800000,1,58.62328711586841,1,0.0035136245122252,HIGH
PROVE,1785134700000,-1,-337.7789295536282,0,0.002182863654137,LOW
JTO,1785134700000,1,13.259900830704913,1,0.0035685478093236,HIGH
LDO,1785134700000,1,32.62857213548747,1,0.0045704350478136,HIGH
AAVE,1785135600000,1,47.05397978211848,1,0.0041750538889674,HIGH
JTO,1785135600000,1,26.74276527331219,1,0.0035689409019501,HIGH
REZ,1785135600000,1,117.98298676748712,0,0.0033178733982388,LOW
GRIFFAIN,1785136500000,1,71.776785714285,0,0.0032120261712685,MID
JTO,1785136500000,1,61.8830503043896,1,0.0035790682556096,HIGH
ONDO,1785137400000,1,73.63752843970737,1,0.0051772803085618,HIGH
APEX,1785137400000,1,18.60994057266304,0,0.0020887387461826,MID
LDO,1785138300000,1,22.38696638075596,1,0.00457669482745,HIGH
ZRO,1785138300000,1,15.713271101675325,0,0.0034529212771188,HIGH
ATOM,1785139200000,-1,18.70609941393453,0,0.0016874822244505,MID
DOT,1785139200000,-1,-210.1795886075949,0,0.0020355322888836,HIGH
CELO,1785139200000,-1,-271.58534961490346,0,0.0024723770222153,LOW
PROVE,1785139200000,-1,-222.3122538060264,0,0.0022547812021864,LOW
NIL,1785139200000,1,253.15786100174017,1,0.01205536738598,HIGH
JTO,1785140100000,1,82.90462833099589,1,0.0037057339261763,HIGH
MOVE,1785140100000,-1,-616.1678586453514,0,0.0025122433852544,MID
SKR,1785141000000,-1,18.559923906150484,0,0.0027884576628641,MID
JTO,1785141000000,1,34.35792067403168,1,0.0037075957872511,HIGH
ZRO,1785141000000,1,137.9178499531714,1,0.0037917052616972,HIGH
MINA,1785141000000,-1,32.24569661413816,0,0.0033222838989404,LOW
ZETA,1785141000000,-1,49.86069651741186,0,0.001644810874352,MID
WCT,1785141000000,-1,29.655111780960844,0,0.0016224722770972,LOW
HEMI,1785141000000,-1,22.56455048998692,0,0.0044664005586857,MID
MOVE,1785141000000,-1,-557.1481950601641,0,0.0025299228891001,MID
AVAX,1785141900000,-1,23.533996683250173,0,0.0017321088372351,HIGH
MOVE,1785141900000,-1,-247.93794905290605,0,0.0040034571350861,MID
kFLOKI,1785142800000,-1,167.08046817849342,0,0.0035206718692956,LOW
AXS,1785142800000,-1,66.63091066308667,0,0.0017787589944685,LOW
MOVE,1785142800000,-1,28.721723911616177,0,0.0040240920560761,MID
GMT,1785142800000,-1,76.87448295535658,0,0.0021472872781186,LOW
PYTH,1785142800000,1,138.8008025609821,0,0.0028534888862143,MID
COMP,1785142800000,-1,51.81049562682286,0,0.0016872994716352,LOW
ARB,1785142800000,-1,70.84615384615425,0,0.0023770956941002,HIGH
CAKE,1785142800000,-1,49.16148624508813,0,0.001355336718047,MID
GALA,1785142800000,-1,-299.6751918158573,0,0.0019561349956196,LOW
ME,1785142800000,-1,-260.91505791505864,0,0.001941464695694,MID
MANTA,1785142800000,-1,20.44273275284566,0,0.0023328640123525,LOW
DOGE,1785142800000,-1,22.188219663419176,0,0.0017372209758697,HIGH
CHIP,1785143700000,-1,52.98516393155828,0,0.0023471522803027,MID
SOPH,1785143700000,-1,31.293552812069933,0,0.0017445155435948,LOW
PENGU,1785144600000,1,3.2015503875963782,0,0.0027372668353494,HIGH
BABY,1785144600000,1,138.10859904888176,0,0.003295819882524,LOW
BABY,1785145500000,1,151.1575833073811,0,0.0032921970226654,LOW
HBAR,1785146400000,-1,20.333333333332533,0,0.0018155748777096,MID
KAS,1785146400000,1,56.13382387528224,0,0.0023056539312329,LOW
ALGO,1785146400000,-1,14.083528831462951,0,0.0016178473303898,HIGH
FET,1785146400000,-1,34.8544847940464,0,0.0021048534371851,MID
NIL,1785147300000,1,293.76239413006954,0,0.0126135329133881,HIGH
MELANIA,1785148200000,1,58.49764861931875,0,0.0027269241587896,LOW
CASHCAT,1785148200000,-1,-524.218956091102,0,0.0165013073250353,HIGH
TRX,1785148200000,-1,-102.97583665579256,0,0.0004059426542448,HIGH
PUMP,1785148200000,1,282.44688816097266,1,0.0086800160184397,HIGH
ZRO,1785149100000,1,74.6048513633857,1,0.005022721422915,HIGH
CASHCAT,1785149100000,-1,-540.5699960932403,0,0.0175403892624976,HIGH
AZTEC,1785150000000,1,123.12612612612608,0,0.0028218831751139,LOW
PNUT,1785150000000,-1,62.92889098187014,0,0.0033324629146353,MID
ATOM,1785150000000,-1,-224.6106604866741,0,0.001725847802687,MID
NOT,1785150900000,-1,-142.6648044692726,0,0.0019572617023765,LOW
MELANIA,1785151800000,1,94.32067764027455,0,0.0028648896116891,LOW
PROVE,1785153600000,-1,21.25614489003913,0,0.002205870776845,LOW
RESOLV,1785153600000,-1,-615.7720378105086,0,0.0033497360037318,LOW
ALGO,1785154500000,-1,49.75001814794104,0,0.0017058932909956,HIGH
MON,1785154500000,-1,81.21877295206313,0,0.0038429281738333,HIGH
GALA,1785154500000,-1,84.44855967078234,0,0.0020075266272057,LOW
NOT,1785154500000,-1,-115.04481792717056,0,0.0019826356678797,LOW
GRASS,1785155400000,1,53.55068668691065,1,0.0045107923541259,HIGH
TNSR,1785155400000,-1,44.33354370463785,0,0.0047384602409206,LOW
RESOLV,1785155400000,-1,-601.6462494451824,0,0.0034844982677839,LOW
S,1785155400000,-1,10.917279171922226,0,0.0023934265122721,LOW
AERO,1785156300000,1,202.1843086472132,1,0.0050505164236691,HIGH
VINE,1785156300000,-1,-117.03409732415084,0,0.0042129468136912,HIGH
BIGTIME,1785157200000,-1,73.4549851770954,0,0.0019488360593521,LOW
MEGA,1785158100000,-1,54.797968746283615,0,0.0045560477896534,MID
ZRO,1785159000000,1,141.9441241962,1,0.0058425267855791,HIGH
SAGA,1785159000000,-1,-49.47560030983679,0,0.0020432608457836,LOW
FARTCOIN,1785159000000,1,110.77156454491195,1,0.0037631517543396,HIGH
SOL,1785159000000,1,57.7635522114053,0,0.0020805029238891,HIGH
AERO,1785159000000,1,41.85981308411185,1,0.0054750168460389,HIGH
AERO,1785159900000,1,97.15526252487422,1,0.0054732030452248,HIGH
PYTH,1785160800000,1,130.7947451948502,0,0.0034104640739985,MID
FET,1785160800000,-1,-336.1373701744068,0,0.0024488012194253,MID
RESOLV,1785160800000,-1,-351.85057471264366,0,0.0040829853109089,LOW
TRB,1785161700000,-1,-215.8401953942776,0,0.0018330400622997,LOW
CFX,1785161700000,-1,50.081956710748194,0,0.0023149345973388,LOW
GRAM,1785161700000,-1,-75.01022949054399,0,0.0021593084330766,HIGH
ARB,1785161700000,-1,-266.32132654328615,0,0.0029686045475613,HIGH
2Z,1785161700000,-1,-153.15262767098443,0,0.0027562370207714,MID
TURBO,1785161700000,-1,-15.515644555694925,0,0.0037400408792118,LOW
POPCAT,1785161700000,-1,-123.7763522721934,0,0.0029283316989554,MID
BIGTIME,1785161700000,-1,-134.3083372884047,0,0.0026957067082604,LOW
MOODENG,1785161700000,-1,-91.0224646290096,0,0.0035576210919458,MID
CELO,1785161700000,-1,34.104894458900574,0,0.0026137198576873,LOW
SKR,1785161700000,-1,-249.88183104024728,0,0.0032116344712207,MID
VVV,1785161700000,-1,117.74136737675924,0,0.0059298141547887,HIGH
LAYER,1785161700000,-1,-81.76818322500705,0,0.0027679648305171,LOW
FET,1785161700000,-1,-319.4765609547042,0,0.0025746456730781,MID
HYPE,1785161700000,-1,-278.94770790935144,0,0.003483328852683,HIGH
ORDI,1785161700000,-1,-229.0609357997822,0,0.004078993360487,LOW
ADA,1785161700000,-1,-253.9402552561804,0,0.0028169138555988,HIGH
CHIP,1785161700000,-1,-505.7256208358579,0,0.0034098878661074,MID
AXS,1785161700000,-1,-122.50314270283894,0,0.0023985815344724,LOW
ZK,1785161700000,-1,-288.7770938667837,0,0.0031489190670539,LOW
S,1785161700000,-1,-247.7645135636664,0,0.0026937347961236,LOW
kLUNC,1785161700000,-1,-275.3653485434293,0,0.0027356071762922,LOW
CAKE,1785161700000,-1,-0.1412235563182111,0,0.0017935130561332,MID
WCT,1785161700000,-1,-354.2000613449889,0,0.0022264375935393,LOW
DOT,1785161700000,-1,-196.53381193835017,0,0.0024303371413728,HIGH
BABY,1785161700000,-1,-87.39516796293205,0,0.0042799177513145,LOW
ATOM,1785161700000,-1,-315.8663540445484,0,0.0019928560172571,MID
ANIME,1785161700000,-1,-140.71996939556237,0,0.0025731840275444,LOW
PNUT,1785161700000,-1,95.01577814965351,0,0.0038113311933403,MID
BERA,1785161700000,-1,102.46225712156864,0,0.0032782484933514,LOW
DYDX,1785161700000,-1,-329.3686426951738,0,0.0030640396405927,MID
ZETA,1785161700000,-1,-150.93830657853263,0,0.0022954710760429,MID
IMX,1785161700000,-1,-225.7962544397803,0,0.0022448048085474,MID
ALT,1785161700000,-1,-81.7269681742032,0,0.0022478798042282,MID
TIA,1785161700000,-1,-284.0270207041761,0,0.0034066006232079,MID
NOT,1785161700000,-1,-87.50704225352166,0,0.0021606697384572,LOW
RENDER,1785161700000,-1,-173.16332946080877,0,0.0023154253777887,MID
WIF,1785161700000,-1,-168.25116860886067,0,0.0031932715784033,MID
INIT,1785161700000,-1,-191.3167525822217,0,0.0026834607370013,LOW
COMP,1785161700000,-1,-143.629596940277,0,0.0019006822820749,LOW
kFLOKI,1785161700000,-1,-359.371986222732,0,0.0035291794799841,LOW
W,1785161700000,-1,108.73184357542029,0,0.0032447281341415,MID
SAND,1785161700000,-1,-37.15730337078637,0,0.0027032077696104,LOW
TNSR,1785161700000,-1,44.57373929590781,0,0.0031750354260466,LOW
SUI,1785161700000,-1,-92.2045454545448,0,0.0026548069428328,HIGH
XMR,1785162600000,-1,68.52578692844605,0,0.0027119714474056,HIGH
CAKE,1785162600000,-1,68.2383967762828,0,0.0019168782219268,MID
STRK,1785162600000,-1,-218.8273381294967,0,0.0033471291994783,MID
AXS,1785162600000,-1,-101.78970901514624,0,0.0030339440893893,LOW
PENGU,1785162600000,-1,-128.79643849044243,0,0.0049491933485945,HIGH
LTC,1785162600000,-1,92.9771729966917,0,0.0027133298751769,HIGH
TRB,1785162600000,-1,-173.4545454545456,0,0.0025445624636119,LOW
MINA,1785162600000,-1,189.26271226084023,0,0.0031538030834099,LOW
APT,1785162600000,-1,-151.0750246791709,0,0.0034282494814005,MID
ETC,1785162600000,-1,72.41017018240989,0,0.0035224070048006,LOW
UNI,1785162600000,-1,96.92656315568615,0,0.0044365330460124,HIGH
YGG,1785162600000,-1,96.3248144634792,0,0.0046227793822263,LOW
JUP,1785162600000,-1,73.96476964769673,1,0.0039062360777897,HIGH
DYM,1785162600000,-1,-276.87640449438186,0,0.0034525289632103,MID
SUI,1785162600000,-1,118.90739063555792,0,0.0029147195317167,HIGH
AR,1785162600000,-1,119.34775420225957,0,0.0027520179368767,LOW
HYPER,1785162600000,-1,116.24084400662086,0,0.0031649909397789,MID
FET,1785162600000,-1,-440.8737541528229,0,0.0026745283609939,MID
CELO,1785162600000,-1,97.2287830918388,0,0.0028160443684189,LOW
XRP,1785162600000,-1,-133.82734475769294,0,0.0021129787880531,HIGH
HYPE,1785162600000,-1,70.24421665050468,0,0.003504328062954,HIGH
BTC,1785162600000,-1,30.66951124903025,0,0.0020440093653303,HIGH
MNT,1785162600000,-1,-9.69244497323141,0,0.0023157412009224,MID
ALGO,1785162600000,-1,149.0602306864957,0,0.0024040762064909,HIGH
ETHFI,1785162600000,-1,267.1448425783448,0,0.0055529432133879,MID
AVAX,1785162600000,-1,142.97307710018637,0,0.0027044862820396,HIGH
MON,1785162600000,-1,46.7855769704739,0,0.0043149837971147,HIGH
OP,1785162600000,-1,-338.349092908191,0,0.0037162497274024,MID
LINEA,1785162600000,-1,168.26148705096173,0,0.0029790523083057,LOW
USUAL,1785162600000,-1,188.15890083631865,0,0.0041421989374675,MID
ADA,1785162600000,-1,-114.11812614432802,1,0.0037046145429944,HIGH
MOODENG,1785162600000,-1,151.8836316785008,0,0.0038729929885662,MID
ASTER,1785162600000,-1,42.65549393135525,0,0.0012258519068563,HIGH
FARTCOIN,1785162600000,-1,140.8905488284342,0,0.0049679283270981,HIGH
HEMI,1785162600000,-1,164.82911944202223,0,0.0049157100422655,MID
CHIP,1785162600000,-1,-300.0441908106527,0,0.004300242207946,MID
BABY,1785162600000,-1,-95.80936454849495,0,0.0044030490447088,LOW
DOGE,1785162600000,-1,135.74186673441417,0,0.002650231188644,HIGH
GALA,1785162600000,-1,221.358974358974,0,0.0036223119122215,LOW
ZEC,1785162600000,-1,85.2975009753796,0,0.0042940416843307,HIGH
SEI,1785162600000,-1,50.40574790676626,0,0.0034329489973229,MID
IO,1785162600000,-1,-156.83544480022397,0,0.0041341878365791,MID
FIL,1785162600000,-1,-118.47826086956486,0,0.0033591816385488,MID
BNB,1785162600000,-1,89.65316948103633,0,0.0016839736097207,HIGH
BERA,1785162600000,-1,169.3634238971667,0,0.0038080721062085,LOW
SAND,1785162600000,-1,114.39545888883892,0,0.0029762318117753,LOW
W,1785162600000,-1,248.42857142857105,0,0.0039631645987749,MID
SUSHI,1785162600000,-1,-121.459394400102,0,0.0043762411836751,HIGH
DOT,1785162600000,-1,73.59003443386672,0,0.0025557917010499,HIGH
SUPER,1785162600000,-1,127.22798883417852,0,0.0025305841149206,LOW
ATOM,1785162600000,-1,-241.0422691879868,0,0.0023297780828665,MID
HBAR,1785162600000,-1,55.86142673070159,0,0.0022119996680315,MID
S,1785162600000,-1,168.37459517812297,0,0.0032350598038736,LOW
COMP,1785162600000,-1,-61.9496248660237,0,0.0022368942225776,LOW
MANTA,1785162600000,-1,68.52588555858256,0,0.0025288422802874,LOW
kLUNC,1785162600000,-1,-79.0523872548058,0,0.0041958411660692,LOW
2Z,1785162600000,-1,152.0244687269562,0,0.003170831696926,MID
RENDER,1785162600000,-1,-131.07199723087547,0,0.0026477126489275,MID
STBL,1785162600000,-1,-208.658894419701,0,0.0058815218363206,MID
ZK,1785162600000,-1,-182.63399573369307,0,0.0038147950419534,LOW
TURBO,1785162600000,-1,227.1790281329924,0,0.0043252024094116,LOW
MEME,1785162600000,-1,152.94541910331338,0,0.0035091219805883,LOW
GRAM,1785162600000,-1,105.8065283917036,0,0.0024013669919693,HIGH
GOAT,1785162600000,-1,114.5909740982048,0,0.0029982290429239,LOW
AVNT,1785162600000,-1,-100.33629804419812,0,0.0038137069225783,MID
RUNE,1785162600000,-1,73.85778951339213,0,0.002265478652259,LOW
POL,1785162600000,-1,-204.7200115719443,0,0.0017703100541029,HIGH
ME,1785162600000,-1,-68.359477124182,0,0.0027750427194973,MID
POLYX,1785162600000,-1,-74.77447250086452,0,0.002325598623709,LOW
POPCAT,1785162600000,-1,-53.75534487299286,0,0.0034820057735516,MID
BIO,1785162600000,-1,-108.72409168014552,1,0.0042074044052631,MID
TRX,1785162600000,-1,-62.62158544746492,0,0.0006248048470665,HIGH
AIXBT,1785162600000,-1,174.62386192258413,1,0.0041347561383689,MID
0G,1785162600000,-1,150.9823008849558,0,0.004509509888045,MID
GMT,1785162600000,-1,-39.400698893418536,0,0.0029607133888489,LOW
DASH,1785162600000,-1,132.96491228070096,0,0.0027293498627674,MID
IMX,1785162600000,-1,-191.50913859519684,0,0.0027010578353088,MID
TRUMP,1785162600000,-1,-21.817727597170222,0,0.0028782221705629,MID
WIF,1785162600000,-1,147.62257330298394,0,0.0036060179105162,MID
NOT,1785162600000,-1,139.85714285714323,0,0.0025786073951751,LOW
RESOLV,1785162600000,-1,-604.0610388853265,0,0.0044029865540465,LOW
DYDX,1785162600000,-1,-178.758580666557,0,0.0038819074859215,MID
IOTA,1785162600000,-1,-133.26382927634447,0,0.003123108859551,LOW
ZEN,1785162600000,-1,-28.87064676616852,0,0.0026527362105588,MID
TAO,1785162600000,-1,-160.81330582774638,0,0.0029597489716989,HIGH
WCT,1785162600000,-1,-202.05188444514204,0,0.0033120481974754,LOW
XLM,1785162600000,-1,-100.4025974025968,0,0.0031552203530771,MID
ZETA,1785162600000,-1,-35.23726627981928,0,0.0033319667474843,MID
NEAR,1785162600000,-1,-339.4517583408481,0,0.0032806551180759,HIGH
ARB,1785162600000,-1,-220.9664860778626,0,0.0032940615968307,HIGH
kBONK,1785162600000,-1,-26.64864864864886,0,0.0047407380390079,HIGH
kFLOKI,1785162600000,-1,-286.4763148079063,0,0.0038443652160607,LOW
TNSR,1785162600000,-1,193.3308657869325,0,0.0034140892755687,LOW
SOPH,1785162600000,-1,-201.32011199253384,0,0.0022065892245488,LOW
MOVE,1785162600000,-1,-157.9680948040117,1,0.005659866973309,MID
ALT,1785162600000,-1,-54.02908657934963,0,0.0027288768589802,MID
TIA,1785162600000,-1,-213.34780280265448,0,0.0038283837014545,MID
VINE,1785163500000,-1,50.302433371957314,0,0.0045352440283195,HIGH
CC,1785163500000,-1,71.2161440960642,0,0.0022801961937613,HIGH
SKR,1785164400000,-1,41.35746901500349,0,0.0033873121955377,MID
MON,1785165300000,-1,27.12940827817769,0,0.0043535016137719,HIGH
FET,1785165300000,-1,16.32045303131144,0,0.0028004286777793,MID
CHIP,1785165300000,-1,-277.8857763463405,0,0.0053616379081906,MID
RESOLV,1785165300000,-1,47.68363979255025,0,0.0045632196068384,LOW
IOTA,1785165300000,-1,24.112516945323023,0,0.0032973155652891,LOW
MET,1785166200000,-1,-243.52478134110905,0,0.0067263965184425,MID
INJ,1785166200000,-1,13.4470260029568,1,0.00386983460288,HIGH
ZEC,1785166200000,-1,89.97328567591579,0,0.0044374049793118,HIGH
IOTA,1785166200000,-1,36.59857324224629,0,0.0032914552679128,LOW
SKY,1785166200000,-1,44.35568003110003,0,0.003654677638608,MID
HBAR,1785166200000,-1,76.81186154185372,0,0.0022890159553928,MID
CHIP,1785166200000,-1,66.44968672152191,0,0.0053847871216091,MID
HYPE,1785167100000,-1,47.86133319398749,0,0.0035967104985906,HIGH
RESOLV,1785167100000,-1,12.401931165214291,0,0.0045331477155889,LOW
DYDX,1785168000000,-1,60.23321407771002,0,0.0040136751135403,MID
PENGU,1785168000000,-1,59.79953726656725,1,0.0051567935984341,HIGH
MELANIA,1785168900000,1,213.69626998223785,0,0.0036309838867195,LOW
STBL,1785168900000,-1,136.77688610608837,0,0.0062714869786089,MID
MELANIA,1785169800000,1,110.23425336164055,0,0.0036470941210455,LOW
GRIFFAIN,1785171600000,1,51.46865273454916,1,0.0044708506222888,MID
RESOLV,1785173400000,-1,102.99437092041444,0,0.0048056212910556,LOW
EIGEN,1785173400000,-1,40.90243902439083,0,0.0047058440400873,MID
0G,1785173400000,1,63.29834254143682,1,0.0052187100851978,MID
LINEA,1785173400000,1,53.02240896358593,0,0.0036540792690416,LOW
REZ,1785174300000,1,208.18932938125303,0,0.0055402621776076,LOW
HYPE,1785175200000,-1,83.49543740971703,0,0.0037351175915288,HIGH
NEAR,1785176100000,-1,-417.5018555523836,0,0.0034447662722945,HIGH
HYPE,1785176100000,-1,14.631708865223466,0,0.0037352527827634,HIGH
TRX,1785176100000,-1,11.652461918861396,0,0.0006518202168982,HIGH
PURR,1785176100000,-1,124.80451221798624,0,0.0060905263746004,MID
POL,1785177000000,-1,56.52460932776143,0,0.0020919497404328,HIGH
PURR,1785177000000,-1,203.58164068650728,0,0.0061121355250743,MID
NEAR,1785177000000,-1,51.06960023008384,1,0.0035227328704093,HIGH
HYPE,1785177000000,-1,44.86300544220029,0,0.0037695731080721,HIGH
EIGEN,1785177000000,-1,65.829891838742,0,0.0047280374120318,MID
RENDER,1785177000000,-1,23.326728557572576,0,0.0029900273133371,MID
kFLOKI,1785177900000,-1,-339.29145259224595,0,0.0039298008226869,LOW
PURR,1785178800000,-1,72.73362003541727,0,0.0060837081264337,MID
FIL,1785179700000,-1,36.65040627704959,0,0.0035559684704292,MID
UMA,1785180600000,1,158.22531237404286,0,0.0031581540549172,LOW
UMA,1785181500000,1,121.00661368606292,0,0.0032416237040137,LOW
KAITO,1785182400000,1,-178.35507418868528,0,0.0072111519571296,HIGH
REZ,1785186000000,1,958.6026711185297,0,0.012915826744665,LOW
KAITO,1785186000000,1,133.98630136986176,0,0.0071233644643529,HIGH
BANANA,1785186000000,1,108.39227297628663,1,0.004617880129453,MID
ATOM,1785186900000,-1,-217.8921782252608,0,0.0027216810275423,MID
UNI,1785186900000,-1,-93.12352223930512,0,0.0041273670819719,HIGH
STABLE,1785187800000,-1,-351.2939632545936,0,0.002710015263655,LOW
RUNE,1785187800000,1,71.06069364161861,0,0.0031789662899324,LOW
FIL,1785188700000,-1,-253.4919876300261,0,0.0036443837186867,MID
STABLE,1785188700000,-1,-368.54621848739606,0,0.0026699416093104,LOW
OP,1785189600000,-1,-271.97321428571377,0,0.0039133072833317,MID
FIL,1785189600000,-1,42.030420236868856,0,0.0036346596573493,MID
FET,1785189600000,-1,-455.05757145753097,0,0.002983436989921,MID
TIA,1785189600000,-1,-152.15538516832348,0,0.0038562663295019,MID
DOT,1785189600000,-1,-175.53278122843426,0,0.0027731549227765,HIGH
NEAR,1785189600000,-1,-376.9403089072118,0,0.0037743393602857,HIGH
VIRTUAL,1785190500000,-1,-274.3445060050253,1,0.0040102220088448,HIGH
S,1785190500000,-1,-178.27173913043407,0,0.0035582572460425,LOW
STABLE,1785190500000,-1,201.71961711898763,0,0.0054034208373842,LOW
kFLOKI,1785190500000,-1,-84.90866231725417,0,0.0039512905209643,LOW
NOT,1785191400000,-1,-176.41040462427696,0,0.0031326708823879,LOW
TIA,1785191400000,-1,103.3700461949916,0,0.0039539750197662,MID
BIGTIME,1785191400000,-1,-278.2145054233447,0,0.0036105792559709,LOW
POPCAT,1785191400000,-1,31.651201963569378,1,0.0038659832485167,MID
RESOLV,1785191400000,-1,31.735144523012337,0,0.006356418770548,LOW
OP,1785191400000,-1,-18.92718998862357,0,0.0041315094459455,MID
AVNT,1785191400000,-1,-410.7213884751983,1,0.0040825316803247,MID
SEI,1785191400000,-1,-64.61870254552245,1,0.00386741488412,MID
SUPER,1785191400000,-1,-134.74547689934028,0,0.0028921725562696,LOW
SUSHI,1785191400000,-1,9.180267965896755,1,0.0041595671691366,HIGH
AXS,1785191400000,-1,-142.7328289395903,0,0.003573454205978,LOW
STRK,1785191400000,-1,-280.4064171122986,0,0.0032954169751985,MID
BTC,1785191400000,-1,-100.37781032360594,0,0.0020805481208347,HIGH
ALGO,1785191400000,-1,-49.566496957655566,0,0.0026771790100151,HIGH
BERA,1785191400000,-1,-358.9114020220917,0,0.0044819059784556,LOW
GRAM,1785191400000,-1,-35.72652894252346,0,0.0024337370522317,HIGH
ICP,1785191400000,-1,-141.1098279519213,0,0.0026233762788337,HIGH
kLUNC,1785191400000,-1,89.55941717425061,0,0.0049162954818854,LOW
kPEPE,1785191400000,-1,-125.29210342417846,0,0.0052309372853073,HIGH
DASH,1785191400000,-1,-320.046347211312,0,0.0029880704735635,MID
UNI,1785191400000,-1,7.166680043877321,1,0.0041299552041904,HIGH
JUP,1785191400000,-1,-30.78837247316572,1,0.0040554590994266,HIGH
XRP,1785191400000,-1,-113.15683345780464,0,0.0023062724394057,HIGH
DYM,1785191400000,-1,-46.321299638988656,0,0.0043739791514899,MID
EIGEN,1785191400000,-1,-17.99250374812567,0,0.0049711257736382,MID
S,1785191400000,-1,-31.013777267507947,0,0.003802854516081,LOW
VIRTUAL,1785191400000,-1,-125.72077537217056,1,0.0042065827521842,HIGH
SUI,1785191400000,-1,-129.5235055136399,0,0.0032922808632095,HIGH
XLM,1785191400000,-1,-80.65314926661017,0,0.0032477987275308,MID
ZETA,1785191400000,-1,-371.6934023285895,0,0.003826896513684,MID
SKY,1785191400000,-1,97.68436705005554,0,0.0036580629992869,MID
TNSR,1785191400000,-1,6.743423189346794,0,0.0039339565962388,LOW
kFLOKI,1785191400000,-1,-25.5527831094059,0,0.0040134403553958,LOW
HYPER,1785191400000,-1,68.42972575510237,0,0.0032344432966273,MID
FARTCOIN,1785191400000,-1,-70.57843925985468,0,0.0059937528676273,HIGH
kBONK,1785191400000,-1,37.63664070436943,0,0.0050484123287999,HIGH
RENDER,1785191400000,-1,-87.85273492286115,0,0.0030757777459911,MID
FET,1785191400000,-1,-116.26523521645612,0,0.0036454450860494,MID
IMX,1785191400000,-1,-148.35126555843215,0,0.0031182707888867,MID
CELO,1785191400000,-1,38.17223457215306,0,0.0030972412385465,LOW
ETH,1785191400000,-1,-148.82135577274795,0,0.0030049488443714,HIGH
AXS,1785192300000,-1,79.72256308639902,0,0.0036895947537841,LOW
NEAR,1785192300000,-1,13.4589701387251,0,0.0037886387419184,HIGH
CHIP,1785192300000,-1,-83.21905974005932,0,0.0061677858408229,MID
IO,1785192300000,-1,-22.462264830966085,0,0.0047050529391645,MID
kPEPE,1785192300000,-1,4.0671378091866845,0,0.0053169594253317,HIGH
BERA,1785192300000,-1,-161.56929955290752,0,0.0048928870766033,LOW
AVAX,1785192300000,-1,-0.3595514343841093,0,0.0032591345570737,HIGH
DOGE,1785192300000,-1,-17.33274677868023,0,0.0030195882873738,HIGH
STBL,1785192300000,-1,142.92585878727584,0,0.0065355869063999,MID
LINK,1785192300000,-1,-98.1544777181904,0,0.0031016561120817,HIGH
ORDI,1785192300000,-1,-33.9070802733431,0,0.0045588902806824,LOW
BRETT,1785192300000,-1,90.7290783307306,0,0.0053539725523436,LOW
XPL,1785192300000,-1,-82.36409210215325,0,0.0053621767016241,HIGH
ENA,1785192300000,-1,60.80788200929054,0,0.0064280332322045,HIGH
HEMI,1785192300000,-1,142.4705752700024,0,0.0054083037196045,MID
VIRTUAL,1785192300000,-1,-12.682246281138111,1,0.004309109330545,HIGH
BTC,1785192300000,-1,-26.20876915115495,0,0.0021751165979823,HIGH
POLYX,1785192300000,-1,-90.7500877500882,0,0.0027651287582285,LOW
GMT,1785192300000,-1,-181.731009830206,0,0.0035882405790624,LOW
TIA,1785192300000,-1,137.28056112224445,0,0.0041925071111936,MID
POPCAT,1785192300000,-1,148.48553557466832,1,0.0041459176218189,MID
ALT,1785192300000,-1,-103.08628127696272,0,0.0032066275022941,MID
NOT,1785192300000,-1,-32.32551319648006,0,0.0034080603698913,LOW
kLUNC,1785192300000,-1,61.480067075240825,0,0.0049213310971968,LOW
STRK,1785192300000,-1,-131.85723974228495,0,0.0035938973635326,MID
MANTA,1785192300000,-1,144.0588235294124,0,0.0045857893435401,LOW
ICP,1785192300000,-1,-27.292655044298865,0,0.0028194885556069,HIGH
BIGTIME,1785192300000,-1,-134.2982110618746,0,0.0038511734299515,LOW
DASH,1785192300000,-1,-215.55028667363536,0,0.0030901386046404,MID
STX,1785192300000,-1,-164.36228435454922,0,0.0037120791187676,LOW
ATOM,1785192300000,-1,33.855036855036204,0,0.0030282248630116,MID
MNT,1785192300000,-1,10.711949340579764,0,0.0023613801474202,MID
SPX,1785192300000,-1,83.77607998490802,1,0.0051140124973773,HIGH
SUPER,1785192300000,-1,-10.080510285051885,0,0.0031498353152477,LOW
ALGO,1785192300000,-1,-15.343985735837208,0,0.0026962991600133,HIGH
PNUT,1785192300000,-1,43.10531424411615,0,0.0044502835017693,MID
VINE,1785192300000,-1,-251.77935363868943,0,0.0044851548999736,HIGH
CRV,1785192300000,-1,190.1266712885009,0,0.0034279605012822,HIGH
TRX,1785192300000,-1,-39.798528058877,0,0.0006925927525543,HIGH
XRP,1785192300000,-1,-63.97560975609709,0,0.0023509763014395,HIGH
SKY,1785192300000,-1,79.56698404668539,0,0.0036973582531269,MID
OP,1785192300000,-1,92.52307515249296,0,0.0042706645296145,MID
ASTER,1785192300000,-1,50.2328004659895,0,0.001534942382633,HIGH
XLM,1785192300000,-1,3.951283091002794,0,0.0033084180911432,MID
SOL,1785192300000,-1,-86.21962686264703,0,0.0030586041516174,HIGH
ZETA,1785192300000,-1,-229.2295081967212,0,0.0040536533106882,MID
ETH,1785192300000,-1,-27.30775734517088,0,0.0031983149362259,HIGH
FET,1785192300000,-1,135.9083765960439,0,0.0037449372628761,MID
2Z,1785192300000,-1,26.19085011949429,1,0.0037959273364149,MID
HYPE,1785192300000,-1,45.43218603657315,0,0.0038729343153544,HIGH
AR,1785192300000,-1,-6.891915934615383,0,0.0031281078012596,LOW
XAI,1785192300000,-1,-18.408320493066963,0,0.0035773204975375,LOW
SUI,1785192300000,-1,30.41872037216963,1,0.0035906038599436,HIGH
ADA,1785192300000,-1,77.79632861482783,0,0.0040478467754905,HIGH
LAYER,1785192300000,-1,-121.86789454447197,0,0.0030401766552117,LOW
FIL,1785192300000,-1,31.38610685699496,0,0.0045015090187999,MID
TNSR,1785192300000,-1,46.08376963350812,0,0.0039841542887918,LOW
EIGEN,1785192300000,-1,143.76113360323956,0,0.0051185081114028,MID
TRUMP,1785192300000,-1,-111.4171101912081,0,0.0033197966235399,MID
DYM,1785192300000,-1,48.508462104489055,0,0.0047518935329152,MID
BCH,1785192300000,-1,127.64805207055852,0,0.0030413448452362,MID
FARTCOIN,1785192300000,-1,56.32547744819134,0,0.006066402256453,HIGH
CFX,1785192300000,-1,-27.30247230920221,0,0.0030226143216382,LOW
JUP,1785192300000,-1,179.36239676292973,1,0.0043936992436125,HIGH
USUAL,1785192300000,-1,33.63003663003726,0,0.005074487407334,MID
kBONK,1785192300000,-1,144.91881664946706,0,0.0052761663777727,HIGH
SAND,1785192300000,-1,-246.7446572557356,0,0.0035061642412988,LOW
DOT,1785192300000,-1,120.41428533594632,1,0.0040320236642561,HIGH
DYDX,1785192300000,-1,-58.84192439862524,0,0.0044781680057614,MID
IOTA,1785192300000,-1,-16.774967127917925,0,0.0045946587134081,LOW
WLD,1785192300000,-1,-149.094946401225,0,0.0048733159173543,HIGH
SYRUP,1785192300000,-1,130.41419041843588,0,0.0041933357045159,LOW
GRAM,1785192300000,-1,6.606807109037726,0,0.0025095125241684,HIGH
ZK,1785192300000,-1,-70.41050674105155,0,0.0044490468759549,LOW
TAO,1785192300000,-1,-38.521153642244506,0,0.0033178519043529,HIGH
MET,1785192300000,-1,106.58205912334348,0,0.0062430231044307,MID
AVNT,1785192300000,-1,-285.9564065930245,1,0.0043008523912858,MID
MEGA,1785192300000,-1,-168.29965279524933,0,0.0059751657330742,MID
MEME,1785192300000,-1,95.61932938856042,0,0.0042267921333135,LOW
BABY,1785192300000,-1,47.67857756399246,0,0.0047044724817624,LOW
SEI,1785192300000,-1,99.49073596322523,1,0.0041822852297078,MID
FOGO,1785192300000,-1,34.67622751580155,0,0.0047387545523895,MID
TURBO,1785192300000,-1,48.41388174807183,0,0.0047860506978573,LOW
GRIFFAIN,1785192300000,-1,30.791656956421868,0,0.0047882254517659,MID
PENDLE,1785192300000,-1,-59.94379312654888,0,0.0044708169686861,MID
WIF,1785192300000,-1,87.43927648578797,0,0.0039816560864891,MID
RENDER,1785192300000,-1,-10.062645667066104,0,0.0031490066796397,MID
IMX,1785192300000,-1,24.883396704689225,0,0.0033040804920583,MID
TRX,1785193200000,-1,-12.538461538462537,0,0.0007617733911888,HIGH
DASH,1785193200000,-1,-122.1693290734828,0,0.0031991426626091,MID
ZEN,1785193200000,-1,-115.67317098153708,0,0.003342683898184,MID
ETH,1785193200000,-1,10.228913112498676,0,0.003172009210431,HIGH
PENGU,1785193200000,-1,-14.78848097002368,1,0.005488632623742,HIGH
TNSR,1785193200000,-1,99.10803689064484,0,0.0040290657507793,LOW
kFLOKI,1785193200000,-1,46.789723014453,0,0.0040281110289266,LOW
POL,1785193200000,-1,-96.7677590452736,0,0.0023403105651333,HIGH
GAS,1785193200000,-1,-203.5128680446132,0,0.0026682004257259,LOW
XLM,1785193200000,-1,21.438496450597924,0,0.0033299173816152,MID
BIO,1785193200000,-1,-281.9514706485622,1,0.0050381036854805,MID
SUSHI,1785193200000,-1,37.25189898071865,1,0.0042679337064109,HIGH
XPL,1785193200000,-1,129.1513688006768,0,0.0055225712633989,HIGH
BABY,1785193200000,-1,28.90480296628488,0,0.0047133339982123,LOW
AVAX,1785193200000,-1,29.39118586000214,0,0.0032570681047578,HIGH
MNT,1785193200000,-1,21.46880227709761,0,0.0023641206931413,MID
SEI,1785193200000,-1,67.81317124985286,1,0.0042221436828554,MID
STRK,1785193200000,-1,-61.13953488372094,0,0.0036589325062629,MID
GRASS,1785193200000,-1,-527.0059685771961,0,0.0059569147683195,HIGH
DYM,1785193200000,-1,33.92762186115192,0,0.0047451559046614,MID
VINE,1785193200000,-1,-184.75422138836845,0,0.0045264056813076,HIGH
NOT,1785193200000,-1,144.92899408284063,0,0.0034506087276578,LOW
LTC,1785193200000,-1,0.9086250325720236,0,0.0024361549673012,HIGH
STRK,1785194100000,-1,-61.33905284831847,0,0.0036694462458266,MID
AVAX,1785195000000,-1,37.27581883717225,0,0.0033438719302563,HIGH
TRX,1785195000000,-1,5.93379748005337,0,0.0007539757030263,HIGH
STRK,1785195000000,-1,7.309278350515044,0,0.003667335242026,MID
ENS,1785195900000,-1,-44.37931034482712,0,0.0036504989574949,MID
TRX,1785196800000,-1,17.065444218064577,0,0.000781913941263,HIGH
LAYER,1785196800000,-1,-12.635458487232624,0,0.0031765753015311,LOW
SNX,1785196800000,-1,42.88690789159163,0,0.0048931789209729,MID
kSHIB,1785196800000,-1,-343.00834376303703,0,0.0062992934943247,MID
CAKE,1785196800000,-1,40.05312317571524,0,0.0021596635501199,MID
ZEN,1785196800000,-1,56.73931933381581,0,0.0035187853775141,MID
MEGA,1785196800000,-1,29.20407749264685,0,0.0060556041395708,MID
RENDER,1785196800000,-1,10.49911190053295,0,0.0031659638676556,MID
BSV,1785196800000,-1,-57.11585365853638,0,0.0026880326321461,LOW
POL,1785196800000,-1,47.73365514789289,0,0.0024146763813811,HIGH
XMR,1785196800000,-1,17.70212269652544,0,0.0033007899264816,HIGH
KAS,1785196800000,-1,14.901897601146237,0,0.0029347507796696,LOW
GRASS,1785196800000,-1,-76.35260995282371,0,0.0067917943903111,HIGH
ORDI,1785197700000,-1,77.4667069000202,0,0.0046098026340951,LOW
PAXG,1785197700000,-1,4.399368587213891,0,0.0009972222947317,HIGH
ENS,1785197700000,-1,24.9084786419396,0,0.0036594838875007,MID
GRIFFAIN,1785198600000,-1,-289.7933435619027,0,0.00488533214588,MID
RENDER,1785198600000,-1,8.390332455328865,0,0.0031546300642649,MID
RENDER,1785199500000,-1,42.717551253662286,0,0.0031674381349232,MID
DASH,1785199500000,-1,85.02416604410978,0,0.0033254171090659,MID
GRIFFAIN,1785199500000,-1,-205.5497438341476,0,0.0049731681086712,MID
GMX,1785199500000,-1,-98.014733297252,0,0.0043834850728315,LOW
MEGA,1785199500000,-1,119.64586647508575,0,0.0061221157223985,MID
XRP,1785199500000,-1,-24.739130434782314,0,0.0024089908797326,HIGH
DOGE,1785200400000,-1,51.68951855998513,0,0.0030969622319192,HIGH
BRETT,1785200400000,-1,53.58669081032107,0,0.0054778292467639,LOW
AVNT,1785200400000,-1,-155.77249381776775,1,0.0044502992260955,MID
IMX,1785200400000,-1,108.02504518461136,0,0.0034789816562204,MID
WCT,1785200400000,-1,107.133347729849,0,0.0039877592644673,LOW
LINK,1785200400000,-1,13.823283424260524,0,0.0031528740273328,HIGH
BTC,1785200400000,-1,52.71471533262636,0,0.0022386840809512,HIGH
GMT,1785200400000,-1,-49.80658311943325,0,0.0038210624802056,LOW
ALT,1785200400000,-1,26.66841186736566,0,0.003352617390886,MID
POLYX,1785200400000,-1,-15.15318947118786,0,0.0028804814529856,LOW
TURBO,1785200400000,-1,49.01560468140428,0,0.0049371383591294,LOW
GRIFFAIN,1785200400000,-1,-58.56897801401413,0,0.0051534664504315,MID
FET,1785200400000,-1,73.84644940942064,1,0.0041721603700872,MID
kSHIB,1785200400000,-1,14.178441056474544,0,0.0064271799704504,MID
BIGTIME,1785200400000,-1,36.94008986520317,0,0.0041369335724283,LOW
ZEN,1785200400000,-1,72.71192790338254,1,0.0038227574640876,MID
TAO,1785200400000,-1,126.03225806451744,1,0.0037298100535205,HIGH
SAND,1785200400000,-1,-75.44338162892033,0,0.0036260159291536,LOW
DASH,1785200400000,-1,119.36037102822178,0,0.0035393227234047,MID
BNB,1785200400000,-1,16.132992010202972,0,0.001985915143844,HIGH
LINEA,1785200400000,-1,-162.52980688496993,0,0.004701884335352,LOW
PNUT,1785200400000,-1,87.68627450980277,0,0.0047932856756263,MID
NEAR,1785200400000,-1,34.55140966799769,0,0.0039712391713833,HIGH
FOGO,1785200400000,-1,63.43700787401603,0,0.0048265776473,MID
BERA,1785200400000,-1,39.96000484056322,0,0.0049975582569664,LOW
BIO,1785200400000,-1,-25.33271532108586,1,0.0053933200666784,MID
ALGO,1785200400000,-1,21.11605853168344,0,0.0027051281808737,HIGH
XMR,1785200400000,-1,17.21030432617667,0,0.003317222603763,HIGH
CFX,1785200400000,-1,53.571751838581264,0,0.0031836246892133,LOW
ZETA,1785200400000,-1,-122.64107676969068,0,0.0042043884656754,MID
RENDER,1785200400000,-1,32.12544802867315,0,0.0031816223294027,MID
USUAL,1785200400000,-1,83.41975308642053,0,0.0054211035037758,MID
VVV,1785200400000,-1,-113.0031655587206,0,0.0064227336888896,HIGH
SOL,1785200400000,-1,19.53236466925305,0,0.0031728160034666,HIGH
HBAR,1785200400000,-1,38.19006697090033,0,0.0022603421860173,MID
PROVE,1785200400000,-1,-94.2336374454582,0,0.003377006449667,LOW
VIRTUAL,1785200400000,-1,48.19362923725036,1,0.0044260015848836,HIGH
DYM,1785200400000,-1,71.79431563201152,0,0.0050235662700157,MID
AZTEC,1785200400000,-1,90.55806313383742,0,0.0043767653459936,LOW
S,1785200400000,-1,17.467020187923946,0,0.003856527011773,LOW
ZK,1785200400000,-1,49.99105040037672,0,0.0046069885884242,LOW
MEGA,1785201300000,-1,59.61625926799134,0,0.0062298634651563,MID
PAXG,1785201300000,-1,-15.624699853949323,0,0.0009951948932919,HIGH
TRX,1785202200000,-1,0.090999010881692,0,0.0007827488968671,HIGH
ALGO,1785202200000,-1,45.23049631958478,0,0.0028139745179833,HIGH
VVV,1785202200000,-1,117.76322357298152,0,0.0066988975371591,HIGH
LINEA,1785203100000,-1,64.94055201698495,0,0.0047599300802483,LOW
GRASS,1785203100000,-1,41.87519087537776,0,0.0067232539342486,HIGH
INIT,1785203100000,-1,-133.24340240789417,0,0.0040126497185879,LOW
DASH,1785203100000,-1,19.54641909814369,0,0.003650893222387,MID
MOVE,1785204000000,-1,-25.445363260484253,1,0.0067067928323296,MID
GMX,1785206700000,-1,53.40759825593793,0,0.0044788734815123,LOW
ANIME,1785211200000,-1,-19.0901045856802,0,0.0033893736853811,LOW
GMX,1785213000000,-1,54.0797274903338,0,0.004609391431334,LOW
PYTH,1785213000000,-1,65.75622362368973,0,0.0060323374574745,MID
ZEC,1785216600000,-1,50.07404891304348,0,0.00447255237862,HIGH
GMT,1785217500000,-1,30.66488140780462,0,0.0039157961097469,LOW
HYPE,1785218400000,-1,65.05203335096925,0,0.0043533663001302,HIGH
TRUMP,1785218400000,-1,92.09777658719524,1,0.0036300712505882,MID
ZORA,1785218400000,-1,27.125523012551945,0,0.0044015046824791,LOW
ZETA,1785218400000,-1,64.61325219743146,0,0.004217857675932,MID
BOME,1785222000000,1,156.8579040852576,1,0.0096096604892833,HIGH
UMA,1785223800000,1,132.49778993895993,0,0.0049763455513532,LOW
INJ,1785224700000,-1,-0.4177999655709503,0,0.0034532607308607,HIGH
ANIME,1785224700000,-1,37.56795131845852,0,0.0034409869770703,LOW
ME,1785224700000,-1,13.412276382734756,0,0.0033176071921448,MID
SKR,1785225600000,-1,11.96395048292712,0,0.0035138661157413,MID
kSHIB,1785226500000,-1,33.836403033585384,0,0.0056559681437035,MID
PENDLE,1785226500000,-1,31.771937001432505,1,0.0044775736194723,MID
BANANA,1785227400000,1,42.40147879102251,1,0.0051327017235422,MID
BIGTIME,1785231900000,-1,28.879194630872348,0,0.0040536670116273,LOW
PURR,1785235500000,-1,51.11753503356684,0,0.0071662438901234,MID
APT,1785236400000,-1,31.44119166523165,0,0.0034442346420893,MID
ZEC,1785236400000,-1,90.00122709952409,0,0.0045861508875211,HIGH
PURR,1785236400000,-1,82.16802776318634,0,0.0071689013426471,MID
XMR,1785238200000,-1,37.01765484772567,0,0.0030812816997012,HIGH
JTO,1785239100000,-1,54.0276602313783,0,0.0047673207724869,HIGH
KAITO,1785240900000,-1,87.32943676939414,0,0.0093568929279187,HIGH
PURR,1785243600000,-1,128.96076842019977,0,0.0072617618273218,MID
GRIFFAIN,1785243600000,-1,100.98613518197664,0,0.0054292255337046,MID
FET,1785244500000,-1,51.46076675026749,0,0.0050810840988002,MID
SOL,1785245400000,-1,35.55687138529346,0,0.0028564393109882,HIGH
PENGU,1785245400000,-1,19.283167637984214,1,0.00508979661401,HIGH
ZRO,1785245400000,-1,202.73670486351992,0,0.0060064035273495,HIGH
CFX,1785245400000,-1,17.193381322310536,0,0.0036916023462234,LOW
EIGEN,1785245400000,-1,63.63249615581731,0,0.0046818598656784,MID
ASTER,1785245400000,-1,97.79688445993575,0,0.0022144431070561,HIGH
STRK,1785245400000,-1,67.52186177715049,0,0.0035856648564109,MID
WLD,1785245400000,-1,91.13994629600325,1,0.0045889870671774,HIGH
BERA,1785245400000,-1,217.15503875968977,0,0.0051192634107614,LOW
MNT,1785245400000,-1,82.59779167827372,0,0.0025905015709568,MID
ZEC,1785245400000,-1,57.37834198466591,0,0.004316202173638,HIGH
IMX,1785245400000,-1,10.02875010857269,0,0.0038709742629562,MID
PROVE,1785245400000,-1,18.89066190448869,0,0.003104493008814,LOW
LINK,1785245400000,-1,87.14050240253195,0,0.0030182927023442,HIGH
PNUT,1785245400000,-1,41.67609828741614,0,0.0043779257996017,MID
TURBO,1785245400000,-1,62.87615283267475,0,0.0048801286502284,LOW
NEAR,1785245400000,-1,74.80682025408743,0,0.0038110836045622,HIGH
GRAM,1785245400000,-1,55.07038410410672,0,0.0031710377105502,HIGH
TRB,1785245400000,-1,71.1344799466229,0,0.0035313021176878,LOW
ZETA,1785245400000,-1,82.00510030601843,0,0.0046760707439057,MID
ENS,1785245400000,-1,72.15608434444427,0,0.0038784758506369,MID
XAI,1785245400000,-1,172.43859649122783,0,0.0043789259954663,LOW
SAND,1785245400000,-1,10.107409260980315,0,0.0038929956396791,LOW
YGG,1785245400000,-1,79.95194508009112,0,0.0045030928785218,LOW
HBAR,1785245400000,-1,25.2670792668406,0,0.0023703340499272,MID
XMR,1785245400000,-1,67.18063369854914,0,0.0031372210979295,HIGH
USUAL,1785245400000,-1,34.54693366708232,0,0.0048708109131946,MID
AR,1785245400000,-1,45.55739371012457,0,0.0031588547292698,LOW
XLM,1785245400000,-1,4.0563330589209095,0,0.0032236609589432,MID
VIRTUAL,1785245400000,-1,52.16919151077357,1,0.0041313432421862,HIGH
KAS,1785245400000,-1,58.04651162790751,0,0.0025238016304969,LOW
FET,1785245400000,-1,47.62558761842816,0,0.0050837245226756,MID
kSHIB,1785245400000,-1,47.207378301679945,0,0.0048144562301834,MID
NOT,1785245400000,-1,117.12012012011978,0,0.0045789624438451,LOW
ETC,1785245400000,-1,24.282675501057152,0,0.0026292737969103,LOW
ORDI,1785245400000,-1,74.11406455381848,0,0.0043978007711824,LOW
PENDLE,1785245400000,-1,87.3719151894343,0,0.0045297239644563,MID
APT,1785245400000,-1,50.71686016288517,0,0.0033727548296687,MID
APEX,1785245400000,-1,40.60731430246505,0,0.005075124669792,MID
MOODENG,1785245400000,-1,36.57897152034854,0,0.0043117578981255,MID
BTC,1785245400000,-1,15.897887883118948,0,0.0020123861202364,HIGH
NEAR,1785246300000,-1,94.59391112202324,0,0.003863673565703,HIGH
BCH,1785246300000,-1,41.243577545195386,0,0.0028629340918387,MID
CC,1785246300000,-1,37.89979550102201,0,0.0025041645431903,HIGH
LDO,1785250800000,-1,130.76940192477952,0,0.0054384844447851,HIGH
JUP,1785250800000,1,-49.689303904923165,1,0.0041156690463907,HIGH
JUP,1785251700000,1,134.19432371576744,1,0.0043110649460617,HIGH
SAGA,1785251700000,1,128.17283950617286,0,0.0045889645522864,LOW
XPL,1785251700000,1,13.408924566166952,1,0.0057996573754416,HIGH
VVV,1785252600000,1,51.965740531586775,1,0.0067641155150493,HIGH
LIT,1785253500000,1,-94.90371991247224,1,0.0056500524239605,HIGH
MORPHO,1785253500000,1,32.02977530901214,0,0.0031600287678873,HIGH
kBONK,1785254400000,1,49.84015852047541,1,0.0040729646266577,HIGH
AAVE,1785254400000,1,42.752934155560766,1,0.0036503457771343,HIGH
LIT,1785254400000,1,142.6519865552024,1,0.0058354314417238,HIGH
SPX,1785255300000,1,36.93964675601202,1,0.0044099607138023,HIGH
XPL,1785255300000,1,51.20243329378582,1,0.0058874310878943,HIGH
LIT,1785255300000,1,152.7433009045902,1,0.0058777558914012,HIGH
AAVE,1785256200000,1,26.568302779420183,1,0.0035738353730254,HIGH
GRIFFAIN,1785257100000,-1,70.66950336593517,0,0.0064534920939492,MID
MORPHO,1785257100000,1,58.81455633100571,0,0.0032228060841579,HIGH
CRV,1785257100000,1,46.02187485547821,1,0.0043406642886408,HIGH
LIT,1785257100000,1,146.52558454761052,1,0.0059017731573923,HIGH
RESOLV,1785258000000,-1,191.10767007977904,0,0.005782063990491,LOW
VINE,1785258900000,1,267.66001109262464,1,0.0053510786063099,HIGH
INJ,1785259800000,-1,107.3038309114938,0,0.0028266389989685,HIGH
POL,1785261600000,-1,44.910677831937406,0,0.0027512083764138,HIGH
TAO,1785268800000,1,99.77124450352896,1,0.0036675689058377,HIGH
ALT,1785276900000,1,52.331991951710336,0,0.0032175279031602,MID
CASHCAT,1785277800000,1,888.74125992231,1,0.0261911383450791,HIGH
ORDI,1785278700000,-1,86.80037619076602,0,0.0035934441371506,LOW
JTO,1785278700000,-1,90.50688210652312,0,0.0040568928345305,HIGH
HMSTR,1785278700000,-1,116.76047904191584,0,0.005485853347537,LOW
WLD,1785278700000,-1,57.28708133971301,0,0.0042572292055597,HIGH
ZRO,1785279600000,-1,84.77869427653329,0,0.0056816133823439,HIGH
BIO,1785279600000,-1,70.3857310347818,0,0.0042233297127938,MID
CASHCAT,1785280500000,1,1480.1275389132445,1,0.0332157067195201,HIGH
CASHCAT,1785281400000,1,582.8892259296708,1,0.0339250173051098,HIGH
LINK,1785283200000,1,27.44894490865348,0,0.0021393555026679,HIGH
PYTH,1785283200000,-1,11.446267231457735,0,0.0042951624877518,MID
XLM,1785283200000,1,23.86481851957692,0,0.0020348499642581,MID
TNSR,1785283200000,1,9.874155133569952,0,0.0038538694967837,LOW
FIL,1785283200000,1,35.665067381640654,0,0.002631428090547,MID
ZORA,1785284100000,-1,-201.7662782727892,0,0.0038238063490116,LOW
TAO,1785285900000,1,89.80274373329316,1,0.00383071198691,HIGH
CAKE,1785286800000,1,48.08281171307205,0,0.0019918678322301,MID
STABLE,1785286800000,-1,-23.85766727849121,0,0.0024004808022905,LOW
0G,1785286800000,-1,-594.9514814580826,0,0.0065157210618779,MID
SKY,1785286800000,1,64.47474044832434,0,0.0033185719103641,MID
COMP,1785286800000,-1,-97.53652547575196,0,0.0022235248484397,LOW
WLD,1785286800000,-1,53.81267955711881,0,0.0045454272873415,HIGH
POL,1785287700000,-1,12.88141874007453,0,0.0024413666400777,HIGH
POL,1785288600000,-1,59.70294479901522,0,0.0024727052923663,HIGH
RESOLV,1785289500000,-1,101.735305319283,0,0.0039099902352511,LOW
PURR,1785289500000,-1,20.718930671541944,0,0.0059610729537215,MID
LAYER,1785289500000,-1,-154.61034323126796,0,0.0034657723670839,LOW
COMP,1785289500000,-1,52.89367780399942,0,0.0021752051334588,LOW
ATOM,1785289500000,-1,14.140631086871675,0,0.0026975065482885,MID
EIGEN,1785289500000,-1,81.21052631578897,0,0.0036879677526349,MID
MEME,1785289500000,-1,-3.0,0,0.0036729305956158,LOW
STRK,1785289500000,-1,39.67425320056972,0,0.0027972166380931,MID
NOT,1785290400000,-1,57.24096385542152,0,0.0037249461646115,LOW
IO,1785290400000,-1,-216.32941003383948,0,0.0032209155832443,MID
APEX,1785290400000,-1,-260.38412183340046,0,0.0044135513445786,MID
ADA,1785292200000,1,157.24486856319638,0,0.0032408165300391,HIGH
USUAL,1785294000000,-1,-91.60759493670965,0,0.0034577432245288,MID
WLD,1785294900000,-1,61.01114390899099,1,0.0047639911096599,HIGH
SKR,1785294900000,-1,30.388981636059704,0,0.0032704686215535,MID
SOPH,1785294900000,-1,-90.30356697430857,0,0.002702497069778,LOW
SAND,1785294900000,-1,-106.45655304848796,0,0.0026405327443379,LOW
BRETT,1785294900000,-1,-326.2607167955027,0,0.0046897430072422,LOW
MEME,1785294900000,-1,98.2145748987857,0,0.0037780599056703,LOW
TIA,1785294900000,-1,-99.91492676846372,0,0.0031512304301301,MID
MINA,1785295800000,-1,71.7636848496397,0,0.0027967565717148,LOW
S,1785295800000,-1,97.23752969121112,0,0.002940578687976,LOW
ZK,1785295800000,-1,12.656991448874937,0,0.0034456815423312,LOW
FET,1785295800000,-1,55.53586247777215,0,0.0042616192663859,MID
WLD,1785295800000,-1,87.23159442569194,1,0.0048045089844475,HIGH
LDO,1785295800000,-1,66.58167497007994,0,0.0047578902988566,HIGH
ENA,1785295800000,-1,155.12878863162035,1,0.0039353372272139,HIGH
ETHFI,1785295800000,-1,212.09443477822424,1,0.0048374088566494,MID
WIF,1785295800000,-1,41.836862799200645,0,0.0029679544046265,MID
LTC,1785295800000,-1,-88.37466342680777,0,0.0018856027058622,HIGH
AR,1785295800000,-1,-152.16842887352124,0,0.0025294814729278,LOW
APEX,1785295800000,-1,341.3672203243413,0,0.0068796616158208,MID
STRK,1785295800000,-1,61.91164803461941,0,0.0028998143602084,MID
BRETT,1785295800000,-1,-315.5734430082263,0,0.0046961781705006,LOW
STBL,1785295800000,-1,344.79819456536814,0,0.0045679957774303,MID
IMX,1785295800000,-1,-34.24721007052969,0,0.0030258009382936,MID
BABY,1785295800000,-1,119.36818427208831,0,0.0039670657365974,LOW
NEAR,1785295800000,-1,67.77668094617295,0,0.0035472591900494,HIGH
APT,1785295800000,-1,54.64192139737938,0,0.0026000339153851,MID
GRAM,1785295800000,-1,-101.6262768580487,0,0.0030166099136908,HIGH
CFX,1785295800000,-1,-26.187990055459903,0,0.0033920538660233,LOW
ZRO,1785295800000,-1,69.53494522100475,0,0.0062381042901734,HIGH
GOAT,1785295800000,-1,117.15912965819643,0,0.004580543318333,LOW
XAI,1785295800000,-1,-244.1575562700964,0,0.0035931039469115,LOW
kPEPE,1785295800000,-1,66.19155134741412,0,0.0031077192460121,HIGH
GMT,1785295800000,-1,21.702794503627484,0,0.0035712519469647,LOW
PNUT,1785295800000,-1,-69.29270780214084,0,0.0028193793564083,MID
POLYX,1785295800000,-1,-44.4457243859341,0,0.0028348995423963,LOW
2Z,1785295800000,-1,20.85562162909801,0,0.0029368644453729,MID
TIA,1785295800000,-1,-60.47126436781604,0,0.0031846508317267,MID
INIT,1785295800000,-1,-45.232716832754654,0,0.0031781464065937,LOW
LINEA,1785295800000,-1,-7.399472063351074,0,0.0040085915572571,LOW
LTC,1785296700000,-1,4.285572358980295,0,0.0020668327766771,HIGH
PNUT,1785296700000,-1,32.82395087001056,0,0.0028281697674681,MID
W,1785296700000,-1,-107.65116279069744,0,0.0035972337678526,MID
MEME,1785296700000,-1,78.79959100204478,0,0.0039053977249033,LOW
AR,1785296700000,-1,38.850599094193,0,0.0025454405352089,LOW
WLD,1785296700000,-1,98.95497829671176,1,0.0048411002058562,HIGH
YGG,1785296700000,-1,100.45228408694705,0,0.0036658737315735,LOW
LAYER,1785296700000,-1,137.49206322142817,0,0.0038681506470237,LOW
TIA,1785296700000,-1,62.6358472704314,0,0.0032143813071555,MID
NEAR,1785296700000,-1,100.39458112737572,0,0.0035573656264157,HIGH
DYM,1785296700000,-1,118.8583396801222,0,0.004032900552238,MID
WLFI,1785296700000,-1,83.39268727705115,0,0.0017299367550728,MID
XAI,1785296700000,-1,-133.08130081300848,0,0.0037607261521483,LOW
ME,1785296700000,-1,38.8690336627031,0,0.0030882102480966,MID
kPEPE,1785296700000,-1,33.563071297989126,0,0.0031231298426423,HIGH
GRASS,1785296700000,-1,133.3077020162178,0,0.0053885951119007,HIGH
TRUMP,1785296700000,-1,58.32806992809763,0,0.003419210127919,MID
SOPH,1785296700000,-1,90.24596774193476,0,0.0027773481530775,LOW
ENA,1785296700000,-1,96.51553291379383,1,0.0039618584375868,HIGH
RENDER,1785296700000,-1,19.99346123446211,0,0.00268165636601,MID
BERA,1785296700000,-1,84.2205711332207,0,0.0041861130140375,LOW
IMX,1785296700000,-1,42.71531014700579,0,0.0030402516294813,MID
GAS,1785296700000,-1,92.3542877323668,0,0.0026477901189692,LOW
SNX,1785296700000,-1,33.0750360750361,1,0.0049964132725863,MID
TRB,1785296700000,-1,31.33860853986218,0,0.0026542577466139,LOW
NOT,1785296700000,-1,118.95121951219478,0,0.0039279205627774,LOW
MELANIA,1785296700000,-1,102.07199377351034,0,0.0028170421496929,LOW
W,1785297600000,-1,-108.3864168618285,1,0.0036636565911941,MID
IMX,1785297600000,-1,60.01764494058392,0,0.0030638740959938,MID
CFX,1785297600000,-1,98.72447200155098,0,0.0035564257967432,LOW
SYRUP,1785297600000,-1,62.64819927603014,0,0.0038932137994489,LOW
TRB,1785297600000,-1,3.73098496746716,0,0.0026583483336089,LOW
AERO,1785297600000,-1,13.859802431610667,1,0.0058228655202317,HIGH
BABY,1785297600000,-1,41.20786719595853,0,0.0039628001624379,LOW
NEO,1785297600000,-1,64.23321858864004,0,0.0022580814460192,LOW
STRK,1785297600000,-1,22.45454545454568,0,0.0029959783038221,MID
MANTA,1785297600000,-1,33.591740721380354,0,0.0036655039162436,LOW
IO,1785297600000,-1,93.75453298796444,0,0.0033693376883969,MID
kFLOKI,1785297600000,-1,24.52789657376026,0,0.0025853117407908,LOW
APEX,1785297600000,-1,146.75306675163236,0,0.0069906405024043,MID
ZETA,1785297600000,-1,-152.20194309507283,1,0.0040203391655728,MID
XAI,1785297600000,-1,-19.447368421053387,0,0.0039213358046314,LOW
SOPH,1785297600000,-1,9.61352169525899,0,0.0027778676757436,LOW
ASTER,1785297600000,-1,-65.75250016557504,0,0.0023718480418818,HIGH
AXS,1785297600000,-1,25.13390752828889,0,0.0024165911092552,LOW
ALGO,1785297600000,-1,39.860969729438736,0,0.0023242678844338,HIGH
GRAM,1785297600000,-1,80.84850422795448,0,0.0030750653503249,HIGH
TNSR,1785297600000,-1,67.30465349849294,0,0.0037267500635016,LOW
LINEA,1785297600000,-1,113.38316920322283,0,0.0041305592020182,LOW
FARTCOIN,1785297600000,-1,38.62850720173178,0,0.0043531504272874,HIGH
ATOM,1785297600000,-1,55.59832799437505,0,0.0025345068658985,MID
ENS,1785297600000,-1,63.17157002761127,0,0.0033085751897876,MID
ZRO,1785297600000,-1,52.01802314551416,0,0.0062409894732391,HIGH
NEAR,1785297600000,-1,33.21152525441735,1,0.0035596376702337,HIGH
MOVE,1785297600000,-1,11.981273408239524,1,0.0040108466713361,MID
FIL,1785297600000,-1,27.23972652769077,0,0.002777386859983,MID
PUMP,1785297600000,-1,-176.95888244596753,1,0.0071144248150325,HIGH
DYDX,1785297600000,-1,-154.663841555892,0,0.0033499312940331,MID
PURR,1785297600000,-1,75.64924111849231,0,0.0058738948312061,MID
UMA,1785297600000,-1,73.65805340223962,0,0.0054725438031216,LOW
AR,1785297600000,-1,58.29647834383822,0,0.0026821027172553,LOW
2Z,1785297600000,-1,23.97857379075112,0,0.0029862803336657,MID
POLYX,1785297600000,-1,32.556645414418234,0,0.0028583300692562,LOW
AVAX,1785297600000,-1,89.45089532223746,0,0.0029924190515885,HIGH
NOT,1785297600000,-1,58.1620795107032,0,0.0039367107608935,LOW
AIXBT,1785297600000,-1,35.61469771932036,0,0.0034357614103903,MID
APT,1785297600000,-1,23.41310089804644,0,0.0026586331978632,MID
XMR,1785297600000,1,24.93054795703957,0,0.0024594878305421,HIGH
WIF,1785297600000,-1,34.47657713928883,0,0.0029789338720588,MID
ENA,1785297600000,-1,41.11359250068817,1,0.0039678128484357,HIGH
GRAM,1785298500000,-1,58.47687468725385,0,0.0031285021081129,HIGH
INJ,1785298500000,-1,51.86450466459389,0,0.003312952916256,HIGH
PROVE,1785298500000,-1,87.9036540876738,0,0.0028522660417427,LOW
MEGA,1785298500000,-1,81.21617272361587,0,0.0049195614032122,MID
BRETT,1785299400000,-1,-231.14601344860824,0,0.0049396695321027,LOW
DASH,1785300300000,-1,59.1220089403103,0,0.0030506865012143,MID
ZETA,1785300300000,-1,21.526979677645627,1,0.0040532896970614,MID
XMR,1785308400000,1,76.67900742722209,0,0.0025317690860069,HIGH
HEMI,1785309300000,1,186.40200042562176,1,0.005343253662925,MID
CHIP,1785310200000,1,190.40030853745745,0,0.0053189646120781,MID
DYDX,1785310200000,-1,125.60269974461826,0,0.0036704912519775,MID
AZTEC,1785311100000,1,125.46517917511778,0,0.0035367473557719,LOW
AZTEC,1785312000000,1,58.04514657543489,0,0.0036146292618114,LOW
FET,1785312000000,-1,83.36227095223883,1,0.0043289175135874,MID
SKY,1785312900000,1,13.581480025299552,0,0.0033724693071109,MID
NEAR,1785312900000,-1,85.13086482373842,1,0.0039269958242926,HIGH
JUP,1785316500000,1,29.241555783008785,1,0.0046207535903148,HIGH
CC,1785316500000,1,35.00743975416562,0,0.0031088101396465,HIGH
UNI,1785316500000,1,103.36162954043802,0,0.0046507094326491,HIGH
TNSR,1785318300000,1,13.015374759769838,0,0.0037775875611403,LOW
TRB,1785318300000,1,52.30490467180943,0,0.0029286003917895,LOW
JUP,1785319200000,1,10.766379442206317,1,0.0046100383388112,HIGH
2Z,1785320100000,-1,-219.35846623924897,0,0.0033580317942103,MID
NXPC,1785320100000,-1,-73.17264064431178,0,0.003845433699513,LOW
UNI,1785320100000,1,33.85075444450013,1,0.0046665913828115,HIGH
PEOPLE,1785321900000,-1,181.6965699208446,0,0.008435519408745,HIGH
GRIFFAIN,1785321900000,-1,46.63427377220574,0,0.0057222426528592,MID
EIGEN,1785322800000,-1,117.48192771084226,0,0.0046182564577491,MID
BSV,1785322800000,-1,-30.94634302139761,0,0.0025366103216208,LOW
HYPER,1785323700000,-1,6.208260150401326,0,0.0032048361506491,MID
UNI,1785323700000,1,17.076339661923793,1,0.004505442534599,HIGH
UNI,1785324600000,1,38.55021888061713,1,0.0044972909826736,HIGH
EIGEN,1785324600000,-1,152.5555555555554,0,0.0049561888719961,MID
kSHIB,1785326400000,1,65.62133499688095,0,0.004023741940161,MID
ZK,1785326400000,-1,-290.91962754227006,0,0.0033748812258456,LOW
2Z,1785326400000,-1,15.268889677190302,0,0.0032458845910537,MID
UMA,1785327300000,-1,-608.8742569328543,0,0.0034824343709743,LOW
MOVE,1785327300000,-1,66.88564167725475,0,0.0039979717521095,MID
ZK,1785329100000,-1,130.01839880656323,0,0.0034480614147411,LOW
UNI,1785331800000,1,52.54326722210086,0,0.0042813850272912,HIGH
IMX,1785332700000,-1,19.700444928720625,0,0.0032479220713184,MID
W,1785333600000,-1,-146.19809069212448,0,0.0032852427245201,MID
APT,1785333600000,-1,128.97788478687485,0,0.0028558716885801,MID
XMR,1785333600000,1,11.762661821484834,0,0.0026397347180849,HIGH
DYM,1785333600000,-1,43.15384615384695,0,0.0033680273156001,MID
IO,1785334500000,-1,94.3649640676927,0,0.0038037862257244,MID
PEOPLE,1785335400000,-1,22.141420490258312,0,0.0081394140355996,HIGH
OP,1785335400000,-1,5.118765947576039,0,0.0031142548243797,MID
GMX,1785335400000,-1,15.213001047246902,0,0.0047266193614132,LOW
FOGO,1785335400000,-1,8.194029850746675,0,0.003193410717831,MID
WLFI,1785335400000,1,116.01966804529609,0,0.0019894268429666,MID
MNT,1785338100000,-1,126.92980216975212,0,0.0024709909147807,MID
BANANA,1785338100000,-1,73.85854239398117,0,0.0035126448309321,MID
ZORA,1785338100000,-1,67.06827164929926,0,0.003380630649533,LOW
RSR,1785338100000,-1,63.66666666666829,0,0.003078920559218,LOW
ICP,1785339900000,-1,38.85525867523211,0,0.0025724459765692,HIGH
KAITO,1785340800000,1,235.3301707779877,0,0.0089763015294812,HIGH
ENA,1785340800000,-1,39.95966845244024,0,0.0036307017978182,HIGH
IMX,1785340800000,-1,65.6876087553806,0,0.0031359443355861,MID
NOT,1785340800000,-1,58.34969325153357,0,0.0035397509910598,LOW
XPL,1785340800000,-1,202.3540116120484,0,0.0053976674080386,HIGH
NEO,1785340800000,-1,30.0104442881108,0,0.0020324657761244,LOW
BERA,1785340800000,-1,63.98056900324843,0,0.0037959430800483,LOW
STRK,1785340800000,-1,82.37490720118822,0,0.0028544266624852,MID
WCT,1785341700000,-1,23.65154522256786,0,0.0030229329017566,LOW
KAITO,1785341700000,1,270.9624322518371,0,0.0091887760781721,HIGH
ALGO,1785342600000,-1,-76.74212212005399,0,0.0020245923361427,HIGH
FIL,1785342600000,-1,108.78665398165585,0,0.0029433188970955,MID
ENA,1785342600000,-1,33.1202996083791,0,0.0036077229450593,HIGH
FIL,1785343500000,-1,89.62723150822148,0,0.0030053075873903,MID
KAITO,1785343500000,1,212.25985993365364,0,0.009135610326715,HIGH
ALGO,1785344400000,-1,78.4669252091966,0,0.0020945632983381,HIGH
PAXG,1785348000000,1,76.29883138564207,0,0.0012988162370883,HIGH
DOT,1785348000000,1,36.0929398929809,0,0.002672093247569,HIGH
COMP,1785348000000,1,69.97069111084441,0,0.0023310094190182,LOW
MORPHO,1785348000000,-1,45.65933397536535,0,0.0032591223227148,HIGH
NEO,1785349800000,-1,33.37350705754576,0,0.0024505136063359,LOW
PAXG,1785350700000,1,49.47486088060139,0,0.001497226707504,HIGH
HMSTR,1785351600000,-1,179.92682926829218,0,0.0062138449885473,LOW
VVV,1785352500000,-1,45.43005892323876,0,0.0060173655002642,HIGH
2Z,1785352500000,-1,44.963817409224255,0,0.003043876233202,MID
HYPE,1785352500000,-1,52.9573162796754,0,0.0040592337413311,HIGH
BRETT,1785352500000,-1,17.085362791863737,0,0.0058616540404579,LOW
BCH,1785353400000,-1,18.049610103812743,0,0.0023664597803615,MID
HYPE,1785353400000,-1,81.94963163434036,0,0.0041980267120698,HIGH
BRETT,1785353400000,-1,24.686886483764724,0,0.0058633036988374,LOW
LDO,1785353400000,-1,40.63738738738727,0,0.003896608628481,HIGH
ALGO,1785353400000,-1,50.95162776008549,0,0.0026170427372296,HIGH
KAS,1785353400000,-1,13.368398079441256,0,0.002064295679245,LOW
XLM,1785353400000,-1,8.117612638969907,0,0.0026128433958948,MID
PENGU,1785353400000,-1,40.56159609688073,0,0.0032817152988683,HIGH
NOT,1785354300000,-1,89.30769230769289,0,0.0038284069151784,LOW
ZK,1785354300000,-1,85.69741510390347,0,0.0038111256279192,LOW
RUNE,1785354300000,-1,76.31170427402041,0,0.0024041065256834,LOW
WIF,1785354300000,-1,50.20266013300545,0,0.0033019140406071,MID
PENGU,1785354300000,-1,70.54228681491922,0,0.0032978168533066,HIGH
PENDLE,1785354300000,-1,32.658251319356125,0,0.003769246795219,MID
DOGE,1785354300000,-1,54.98682378608052,0,0.002322141693138,HIGH
MORPHO,1785354300000,-1,79.78145695364246,0,0.0034861111742896,HIGH
ENA,1785354300000,-1,132.51353850896578,0,0.0042353926847985,HIGH
CRV,1785354300000,-1,21.5794978071224,0,0.0030435448991901,HIGH
S,1785354300000,-1,45.518038141903446,0,0.0029211301735005,LOW
TIA,1785354300000,-1,26.113478580796823,0,0.0034750254588661,MID
KAS,1785354300000,-1,23.30040911747485,0,0.0020932772875772,LOW
UMA,1785354300000,-1,74.89977304790489,0,0.0033856867819152,LOW
BRETT,1785354300000,-1,78.28016256032488,0,0.0059178849680426,LOW
BCH,1785354300000,-1,175.8230720637547,0,0.0028409716497166,MID
WCT,1785354300000,-1,125.38475395305092,0,0.00328842080012,LOW
MINA,1785355200000,-1,57.48338514181094,0,0.0024256992528843,LOW
STRK,1785355200000,-1,-145.21556886227614,0,0.0031543727983201,MID
PROVE,1785355200000,-1,19.43512005820892,0,0.0029280347109091,LOW
CRV,1785355200000,-1,13.906579074485034,0,0.0030410246779024,HIGH
BANANA,1785355200000,-1,102.85783238262448,0,0.0037554141836957,MID
AVNT,1785355200000,-1,1.4224957617742031,0,0.0040601976072191,MID
BCH,1785355200000,-1,18.39453466887084,0,0.0028203305215519,MID
ME,1785355200000,-1,2.0573162508432645,0,0.0030417541485144,MID
ZEN,1785355200000,-1,12.92821683612462,0,0.0028585528477658,MID
SOPH,1785355200000,-1,63.85523270763687,0,0.0030699693263307,LOW
NEO,1785355200000,-1,55.38523131672572,0,0.0028032224447042,LOW
GAS,1785355200000,-1,28.65082281072557,0,0.0027729382467208,LOW
FOGO,1785355200000,-1,52.11022044088256,0,0.0032122280506846,MID
FIL,1785355200000,-1,29.11071412419273,0,0.0036600478030727,MID
UMA,1785355200000,-1,98.7874875868902,0,0.0034987169636776,LOW
KAS,1785355200000,-1,50.47593582887711,0,0.0021035973050169,LOW
BIGTIME,1785355200000,-1,16.583407512908302,0,0.0031732075136057,LOW
NOT,1785355200000,-1,89.87925696594486,0,0.0038720199823512,LOW
IMX,1785355200000,-1,74.38927738927714,1,0.0037042506247133,MID
LINK,1785355200000,-1,3.8121548305490593,0,0.0026488753915359,HIGH
MERL,1785355200000,-1,46.35188488524184,0,0.0038416648461368,MID
HEMI,1785355200000,-1,63.02216458382516,0,0.005779220806906,MID
XLM,1785355200000,-1,18.210157308666663,0,0.0026450541183032,MID
HMSTR,1785355200000,-1,242.3987730061343,0,0.0062455167704818,LOW
MEME,1785355200000,-1,38.067761806980286,0,0.0046359605674082,LOW
PYTH,1785355200000,-1,31.96057365963157,1,0.0043303126442363,MID
NOT,1785356100000,-1,121.61059190031118,0,0.0039146566296959,LOW
MINA,1785356100000,-1,59.90377422645245,0,0.0025412240000088,LOW
AR,1785356100000,-1,60.38111598151969,0,0.0038729535614389,LOW
BIGTIME,1785356100000,-1,72.444584156638,0,0.0032809690899371,LOW
ENA,1785356100000,-1,24.75482804915741,0,0.0043385386874945,HIGH
SKY,1785356100000,-1,-1.2312467941342726,0,0.0032967914677979,MID
DYM,1785356100000,-1,67.31249999999984,0,0.0041266525112003,MID
SAND,1785356100000,-1,40.54818755412658,0,0.00313187620024,LOW
kNEIRO,1785356100000,-1,44.75380261761574,0,0.0035197337976773,MID
DYDX,1785356100000,-1,100.46420323325596,0,0.0049435931273442,MID
XAI,1785356100000,-1,99.38907849829378,0,0.0037320829175627,LOW
PUMP,1785356100000,-1,40.83561643835604,0,0.0067152388102675,HIGH
PENDLE,1785356100000,-1,37.96887802774412,0,0.003831588681139,MID
ICP,1785356100000,-1,83.09662501229987,0,0.0033106446536979,HIGH
AXS,1785356100000,-1,35.970387469903834,0,0.002745392925647,LOW
EIGEN,1785356100000,-1,81.55467869222103,0,0.0054884515940203,MID
kPEPE,1785356100000,-1,41.75941812756543,0,0.003474824129388,HIGH
GRIFFAIN,1785356100000,-1,42.46062307795067,0,0.0034522895568051,MID
CRV,1785356100000,-1,47.74903625628192,0,0.0031993909377773,HIGH
TRB,1785356100000,-1,16.59897482285527,0,0.0031670880809465,LOW
ME,1785356100000,-1,49.613713509843485,0,0.0031073007924724,MID
STRK,1785356100000,-1,23.42506606266539,0,0.0032546386999376,MID
MEME,1785356100000,-1,142.22821576763388,0,0.0047445175939566,LOW
PROVE,1785356100000,-1,35.995856690226766,0,0.0029572725012676,LOW
YGG,1785356100000,-1,71.23684523102513,0,0.0038997141608943,LOW
RENDER,1785356100000,-1,42.88158182215405,0,0.0029507150026741,MID
BRETT,1785356100000,-1,91.99358151476176,0,0.0060187161919121,LOW
kLUNC,1785356100000,-1,72.24469820554675,0,0.0037081496642489,LOW
GRASS,1785356100000,-1,-113.95700416088762,0,0.0070480402774786,HIGH
MOODENG,1785356100000,-1,75.86482449589256,0,0.0034363988282734,MID
DOGE,1785356100000,-1,58.28053186876627,0,0.002412797496649,HIGH
FOGO,1785356100000,-1,85.80994671403275,0,0.0034124650652523,MID
LIT,1785357900000,-1,95.2709868817498,0,0.0066427151163271,HIGH
POPCAT,1785357900000,-1,85.48454636091579,1,0.0037789650619421,MID
STRK,1785357900000,-1,65.46709775580054,0,0.0032997504193185,MID
SKY,1785357900000,-1,59.483358480518,0,0.0033084244290249,MID
LINEA,1785357900000,-1,33.79852805887654,0,0.0039722969340961,LOW
GRASS,1785357900000,-1,117.7157423853696,0,0.0071829583166733,HIGH
VVV,1785358800000,-1,56.059962267245645,0,0.0060631100742856,HIGH
STABLE,1785358800000,-1,16.22424516566737,0,0.0023856544626189,LOW
SAGA,1785358800000,-1,47.2092050209199,0,0.0036707903198573,LOW
DASH,1785360600000,-1,115.43231216840668,1,0.0037647927427625,MID
WLFI,1785369600000,1,31.32739755417376,0,0.0030659016160563,MID
STRK,1785371400000,-1,16.164430816405304,0,0.003418066553272,MID
STRK,1785372300000,-1,70.21772639691685,0,0.0034319118690662,MID
GMX,1785372300000,-1,172.3465254839007,0,0.0039878176436137,LOW
ARB,1785375000000,1,12.06969735024601,0,0.002944385304433,HIGH
NOT,1785376800000,1,56.52380952380936,0,0.0041542689931463,LOW
CAKE,1785376800000,1,16.36733376371799,0,0.0020788413980281,MID
RUNE,1785381300000,1,60.47062795408483,0,0.0026302435296499,LOW
GRIFFAIN,1785382200000,1,10.996691691053387,1,0.0036674347355464,MID
SYRUP,1785384000000,-1,62.514444375116696,0,0.0047508265118797,LOW
IOTA,1785384000000,1,12.93137254902066,0,0.0034900739432211,LOW
GRIFFAIN,1785384000000,1,93.96511774335812,1,0.0037444114201261,MID
STABLE,1785384900000,-1,-166.31802525832376,0,0.0024620051035761,LOW
STABLE,1785385800000,-1,-109.82526850675664,0,0.0025111443551984,LOW
RESOLV,1785388500000,-1,6.773260359655584,0,0.0041216353905305,LOW
YGG,1785389400000,1,29.75540746597336,0,0.0042433912823354,LOW
ALT,1785389400000,1,53.935817805383095,0,0.0029696617804437,MID
GRIFFAIN,1785389400000,1,28.293027913379625,1,0.0039299063277662,MID
INJ,1785389400000,1,-244.0456628755728,1,0.0041424609647315,HIGH
JTO,1785391200000,-1,-208.4531490015369,0,0.004024717403531,HIGH
STRK,1785391200000,-1,162.02946954813368,0,0.0038534686155523,MID
ZETA,1785393000000,1,31.31708991077536,0,0.003624816555839,MID
SOPH,1785394800000,1,123.91570881226076,0,0.0036333124776367,LOW
SUPER,1785394800000,1,95.87292026954457,0,0.0031378877871578,LOW
DYM,1785394800000,1,198.87454938716704,0,0.0042599823577629,MID
SUPER,1785395700000,1,40.73922862067002,0,0.0031491833732458,LOW
AERO,1785397500000,1,98.8463911445809,1,0.0049395815829371,HIGH
STABLE,1785397500000,-1,37.32140248356442,0,0.0026827514538067,LOW
FET,1785399300000,1,61.25817506782694,1,0.0042625794663201,MID
PROVE,1785399300000,1,85.52691218130319,0,0.003109927129599,LOW
ZETA,1785399300000,1,74.91327913279167,1,0.0038896460198303,MID
ETC,1785401100000,1,14.822686364908783,0,0.0021572870176212,LOW
STABLE,1785402000000,-1,16.667703868959553,0,0.0026069343102194,LOW
SUPER,1785405600000,1,119.38493723849514,0,0.003544477392463,LOW
BNB,1785405600000,1,-232.1193279625432,0,0.0014943287303383,HIGH
ETC,1785405600000,1,34.92556006350365,0,0.0021679874267019,LOW
CAKE,1785407400000,1,-315.764158918005,0,0.0026342188152659,MID
BNB,1785407400000,1,-147.6756300802619,0,0.0017205564374739,HIGH
JTO,1785407400000,-1,-231.8543636328189,0,0.0038431667295124,HIGH
CAKE,1785408300000,1,56.76655885248174,0,0.0025916233268134,MID
BNB,1785409200000,1,30.236112053178395,0,0.0017318725113503,HIGH
BOME,1785410100000,1,114.44966442952942,1,0.0077421013482886,HIGH
KAITO,1785410100000,-1,188.66267369429605,1,0.0111023727710077,HIGH
MEME,1785410100000,1,36.447731755422886,0,0.0041496431138249,LOW
UNI,1785410100000,1,-758.915863277827,1,0.0045031555282871,HIGH
HYPE,1785411000000,-1,21.72024607023573,0,0.0038466871763476,HIGH
VIRTUAL,1785411900000,1,37.83610188261401,0,0.0034293620613304,HIGH
LINK,1785412800000,1,17.994032033589708,0,0.0025072383144664,HIGH
PROVE,1785412800000,1,16.00046061722691,0,0.0036437231618805,LOW
SUSHI,1785412800000,1,43.26914304333764,0,0.0028681357195796,HIGH
STRK,1785413700000,-1,24.70083102493099,0,0.003993170542772,MID
BABY,1785413700000,1,64.26653271599605,0,0.0035953048322329,LOW
SKR,1785413700000,1,34.58893811249865,0,0.0037194010171711,MID
JTO,1785414600000,-1,79.98424097347004,0,0.0037568715934549,HIGH
UNI,1785415500000,1,-445.2528517110259,1,0.0046242359727723,HIGH
LDO,1785416400000,1,-100.5319010593046,1,0.0037656785608361,HIGH
BOME,1785416400000,1,61.20545746388426,1,0.008007848744962,HIGH
UNI,1785416400000,1,14.96732783280941,1,0.0046491782379171,HIGH
BCH,1785419100000,1,147.38964590074335,1,0.0041583392258171,MID
UNI,1785419100000,1,56.21298023125772,1,0.0047157001270539,HIGH
LINK,1785419100000,1,48.77454007537276,0,0.0025820462386723,HIGH
ENA,1785419100000,1,194.37320377056628,1,0.0047763364914637,HIGH
MOODENG,1785419100000,1,32.37532355479006,0,0.0032875675992554,MID
BOME,1785419100000,1,76.61783439490466,1,0.0079404385974067,HIGH
CAKE,1785421800000,1,28.4289705266095,0,0.0027631343661739,MID
BIGTIME,1785421800000,1,82.91644204851869,0,0.0041634851722724,LOW
ADA,1785421800000,1,-0.0650387414873061,0,0.0039815567443579,HIGH
GMX,1785422700000,-1,-248.41421514646285,0,0.0040082917918796,LOW
ADA,1785422700000,1,97.4645760743311,0,0.0041152750407788,HIGH
ADA,1785423600000,1,139.60452911984498,1,0.0044697210720474,HIGH
MET,1785423600000,-1,29.25613762618631,0,0.0051845365416199,MID
INIT,1785423600000,1,149.6374421013538,0,0.0039589959714788,LOW
HEMI,1785424500000,1,171.29193899782177,1,0.0064255006929056,MID
GMX,1785424500000,-1,-213.46292334268304,0,0.0041313522224377,LOW
GMX,1785425400000,-1,128.69778478414457,0,0.0054644818648419,LOW
SUI,1785425400000,1,15.874129573760657,0,0.002444258858413,HIGH
FIL,1785426300000,1,-89.81144666892934,0,0.00420934420218,MID
LDO,1785427200000,1,92.46665260159844,1,0.0039621055512973,HIGH
BNB,1785427200000,1,-1.65104122755371,0,0.0018535210918576,HIGH
SEI,1785427200000,1,24.68198559598378,0,0.0031034287650743,MID
ACE,1785427200000,-1,-247.64831804281408,1,0.005320716642838,HIGH
STRK,1785427200000,-1,40.98240703718472,0,0.0042098707595529,MID
UNI,1785427200000,1,-94.27327354668525,1,0.004880187340229,HIGH
CAKE,1785427200000,1,-147.40433212996496,0,0.0028171621023194,MID
UNI,1785428100000,1,67.37950621195199,1,0.0049014109542104,HIGH
CAKE,1785429900000,1,-18.74587526528355,0,0.0029563101169476,MID
UNI,1785429900000,1,180.67301281907788,1,0.0048497916195973,HIGH
APE,1785431700000,-1,29.55160168676452,0,0.0036005541091018,LOW
FIL,1785431700000,1,38.102146445424346,0,0.0044194768802065,MID
IO,1785431700000,1,-369.8285394097869,0,0.0049252371595825,MID
TIA,1785432600000,1,77.34573011138767,1,0.003529159806445,MID
SUI,1785433500000,1,17.437417505215755,0,0.0023830079094242,HIGH
CRV,1785435300000,1,72.65850924715161,0,0.0031317327859596,HIGH
STX,1785437100000,1,6.330366755186892,0,0.0031433745172121,LOW
IO,1785437100000,1,22.8207303578028,0,0.0049916442273173,MID
TIA,1785438000000,1,30.37783711615625,0,0.0034453372488229,MID
IO,1785438000000,1,171.00722021660815,0,0.0054152332219674,MID
EIGEN,1785438900000,1,39.94149221685428,1,0.0047584812245022,MID
TIA,1785438900000,1,20.90390026929749,0,0.0033462988882566,MID
PENGU,1785438900000,1,-206.01133479952685,0,0.0028349409113634,HIGH
PURR,1785439800000,1,31.09197048475932,1,0.004004220110291,MID
PENGU,1785439800000,1,-149.21848739495698,0,0.0027332217832908,HIGH
ACE,1785439800000,-1,123.78288431061728,1,0.0048644101841136,HIGH
PENGU,1785440700000,1,-68.09764646970451,0,0.0027580506135943,HIGH
ZEN,1785441600000,1,95.04676471343195,0,0.0027655545920002,MID
PENGU,1785441600000,1,30.14550878355991,0,0.002829569726943,HIGH
AZTEC,1785442500000,-1,33.42987249544624,0,0.0030515028659828,LOW
APE,1785444300000,-1,69.88955001859492,0,0.0031493516176358,LOW
PENGU,1785444300000,1,72.10204081632658,0,0.0028173362923513,HIGH
PURR,1785447000000,1,36.37313016384868,1,0.0040562038665005,MID
POPCAT,1785447000000,1,103.21087430540948,0,0.0027369160417317,MID
INJ,1785447900000,1,-134.64650551436574,1,0.0037295587721205,HIGH
kFLOKI,1785448800000,1,29.50218298243965,0,0.0023769902676984,LOW
INJ,1785449700000,1,70.29122125040494,1,0.0037517888045669,HIGH
PURR,1785449700000,1,43.29058140970383,1,0.0041268849240443,MID
INJ,1785450600000,1,62.90084643289032,1,0.003772610557487,HIGH
HBAR,1785451500000,1,19.10844775424706,0,0.0015893253844757,MID
HBAR,1785452400000,1,25.05518003285401,0,0.0015721447209122,MID
TNSR,1785452400000,-1,33.255767963085844,0,0.002082019918819,LOW
INJ,1785453300000,1,40.06200929338173,0,0.0038292748353612,HIGH
STX,1785456000000,1,96.75944530918316,0,0.0028111529937067,LOW
KAS,1785456000000,1,39.44146315145849,0,0.0016749979923848,LOW
PURR,1785456000000,1,3.012116727558213,1,0.004188827242346,MID
ALGO,1785456000000,1,59.86562472714628,0,0.0027594264053995,HIGH
LIT,1785456000000,1,85.76125832136786,1,0.0060011457456393,HIGH
MEME,1785456000000,1,55.139534883720245,0,0.0029146084254128,LOW
POPCAT,1785456000000,1,66.99065271413303,0,0.003071555011146,MID
INJ,1785456000000,1,107.60494539378163,0,0.0037911689734176,HIGH
INJ,1785456900000,1,94.56578299004651,0,0.0038290169147151,HIGH
kSHIB,1785457800000,1,34.84693019343942,0,0.0031538700406015,MID
IO,1785457800000,1,48.78365937859597,0,0.0051788731257668,MID
KAS,1785457800000,1,0.9532794249777514,0,0.0016400128775382,LOW
INJ,1785457800000,1,126.66601178781896,0,0.0037778646190687,HIGH
kSHIB,1785458700000,1,107.02698775171288,0,0.0033678283197763,MID
TAO,1785459600000,1,48.65447757377338,0,0.0025086517701458,HIGH
MEME,1785459600000,1,112.60693641618568,0,0.0029740175231406,LOW
SOL,1785459600000,1,56.99015682571032,0,0.0018455854099409,HIGH
AR,1785459600000,1,39.89145602195951,0,0.0023477667494134,LOW
MOODENG,1785459600000,1,67.20948684285723,0,0.0024032291885719,MID
BTC,1785459600000,1,52.40293742997898,0,0.0015552908220615,HIGH
kPEPE,1785459600000,1,57.7576840600432,0,0.0025591011243597,HIGH
AAVE,1785460500000,1,113.08820330267896,1,0.0037980883531675,HIGH
VVV,1785460500000,1,124.79806318463356,1,0.0045886111872222,HIGH
PURR,1785460500000,1,61.387929573776816,1,0.0039216923084952,MID
SKY,1785461400000,1,7.822324910243513,0,0.0027841785198966,MID
ZRO,1785462300000,-1,-433.4972316580622,0,0.0038799895468635,HIGH
ETC,1785463200000,-1,-114.90749377877772,0,0.0018384924004358,LOW
ZEC,1785464100000,-1,-26.5869471133046,0,0.003123880305451,HIGH
ZEC,1785465000000,-1,24.12026209021284,0,0.0031184540406953,HIGH
SKY,1785465000000,1,28.33829951194496,0,0.0027148854999032,MID
ETC,1785465000000,-1,-39.12272734085867,0,0.0018812271066212,LOW
APE,1785465000000,-1,33.543585839361114,0,0.0031697547544058,LOW
AVAX,1785465900000,-1,62.97520081104267,0,0.0022151868724948,HIGH
MOVE,1785465900000,-1,28.90640787024689,1,0.0047585507283725,MID
ZRO,1785465900000,-1,-210.20891757749945,1,0.0040470447831988,HIGH
APE,1785465900000,-1,72.85044437634009,0,0.0032226172391593,LOW
ETC,1785466800000,-1,14.73955921705408,0,0.0018956446704159,LOW
ALT,1785466800000,-1,67.12622720897635,0,0.0022300154191688,MID
APE,1785466800000,-1,43.18582095296662,0,0.0032368318193271,LOW
APE,1785467700000,-1,102.49996121324956,0,0.0033146625313236,LOW
ATOM,1785468600000,-1,-198.17246873257537,0,0.0021059765648938,MID
ATOM,1785470400000,-1,41.91996079712562,0,0.0031373157622075,MID
SKR,1785470400000,-1,109.79826464208234,0,0.0030362835783921,MID
CFX,1785470400000,-1,1048.550982041262,0,0.0027333945231223,LOW
OP,1785472200000,-1,3.89813750287474,0,0.0031970224342427,MID
2Z,1785472200000,-1,74.25710150171952,0,0.0021799453333893,MID
kBONK,1785473100000,-1,46.20913884007073,0,0.003726715428086,HIGH
LAYER,1785473100000,1,339.2527404852819,0,0.004487727267493,LOW
UMA,1785474000000,1,36.75147963840929,0,0.0034191385937219,LOW
CFX,1785474000000,1,675.2013116368596,0,0.0109036179328037,LOW
LAYER,1785474000000,1,257.8431907794964,0,0.0047160512915045,LOW
HEMI,1785478500000,1,66.294066695539,0,0.0057548502891193,MID
ZRO,1785479400000,-1,25.67285636264324,1,0.0038253484207745,HIGH
ARB,1785480300000,-1,37.3961428199102,0,0.002418361045487,HIGH
ZRO,1785480300000,-1,90.86122830403896,1,0.0038671394476482,HIGH
SAND,1785481200000,1,169.83434385671512,0,0.0033650628233988,LOW
WIF,1785481200000,-1,42.08947442581384,0,0.0028391588131326,MID
APT,1785481200000,-1,36.06249999999964,0,0.0026357901232279,MID
W,1785481200000,-1,-285.2085889570544,0,0.0029433160979151,MID
ZRO,1785481200000,-1,163.8385693975976,1,0.004105289162918,HIGH
kLUNC,1785481200000,-1,60.17744181821868,0,0.0025444650637085,LOW
GOAT,1785481200000,1,130.85645049619242,0,0.0035157244870481,LOW
ZETA,1785481200000,-1,50.39978640085469,0,0.003060275534739,MID
kBONK,1785481200000,-1,-134.9073083778971,0,0.0039541418958281,HIGH
FOGO,1785482100000,1,91.87666034155622,1,0.0036584259865093,MID
LINK,1785482100000,-1,49.59904739974077,0,0.0024553016909727,HIGH
HYPER,1785482100000,1,334.9468870738981,1,0.0047891421150797,MID
SPX,1785482100000,-1,27.9692453929418,0,0.0037988333862991,HIGH
SAND,1785482100000,1,36.80007404664906,0,0.0033578911081687,LOW
XLM,1785482100000,-1,17.072023141860747,0,0.0022261244901219,MID
MNT,1785482100000,-1,39.92608585217234,0,0.001319875044424,MID
SAND,1785483000000,1,247.06795324816545,0,0.0039739978424902,LOW
AXS,1785483000000,1,51.67540202501469,0,0.0024897865161166,LOW
GOAT,1785483900000,1,256.94339341576074,0,0.0045806437164758,LOW
LIT,1785484800000,-1,13.105282532669964,0,0.0059909581251849,HIGH
WLFI,1785484800000,-1,34.69005901711622,0,0.0023128916374262,MID
FOGO,1785484800000,1,177.13802783951294,1,0.0040299089222854,MID
kNEIRO,1785484800000,1,68.9304115088658,0,0.0032588941497986,MID
HYPER,1785484800000,-1,-401.191440168525,0,0.0060880966880581,MID
HYPER,1785485700000,-1,-172.417441779145,0,0.006393376973988,MID
kNEIRO,1785485700000,1,115.2151182151186,0,0.0032608946773723,MID
SEI,1785488400000,-1,37.20899044133592,0,0.0025545739062479,MID
TNSR,1785488400000,1,131.91808544812085,0,0.00304516136246,LOW
MINA,1785488400000,-1,12.828856485035388,0,0.0024741468210827,LOW
BLUR,1785489300000,-1,31.54231433506004,0,0.0030266565245666,LOW
STBL,1785489300000,1,32.9743040685228,1,0.0042368706075323,MID
RENDER,1785489300000,-1,-53.57072677358848,0,0.0025133785665628,MID
BCH,1785489300000,-1,121.5818992680218,0,0.0049461849260157,MID
ZRO,1785489300000,-1,82.57491682174505,1,0.0038028285734832,HIGH
VINE,1785489300000,-1,12.529805280134822,0,0.0023880871532744,HIGH
W,1785490200000,-1,-52.87531172069839,0,0.0029381896792769,MID
DOGE,1785490200000,-1,3.481441472581989,0,0.0019934560782419,HIGH
OP,1785491100000,-1,59.60143751449093,0,0.0033222726153157,MID
TRX,1785491100000,-1,-33.52689419378476,0,0.0006148038298716,HIGH
IMX,1785492000000,-1,86.12486963117573,0,0.0033459011075616,MID
BANANA,1785492000000,-1,-211.19103303188453,0,0.0030987293823041,MID
TRX,1785492000000,-1,0.6796271311159532,0,0.0007591028574813,HIGH
kLUNC,1785492000000,-1,10.37928238394558,0,0.002496307999096,LOW
SYRUP,1785493800000,1,41.88657042339065,0,0.0043744172485657,LOW
NIL,1785494700000,-1,-607.9985259916805,0,0.0052257011214264,HIGH
APEX,1785495600000,-1,266.29407461594764,0,0.0053379516217788,MID
NIL,1785495600000,-1,-262.29716820197893,0,0.0066083574550881,HIGH
NIL,1785496500000,-1,82.30707077712648,0,0.0066853827680369,HIGH
VVV,1785496500000,-1,-147.7456492637216,1,0.0053198945470906,HIGH
OP,1785497400000,-1,14.638758231420198,0,0.0033774157602584,MID
APEX,1785498300000,-1,358.6736633297972,0,0.0054848589030277,MID
HYPER,1785498300000,-1,42.379022028477536,0,0.0065325943321609,MID
FARTCOIN,1785499200000,-1,45.98298048982925,0,0.0033527633841045,HIGH
AAVE,1785499200000,-1,56.27835051546421,1,0.003891160437028,HIGH
XLM,1785499200000,-1,33.16958197450338,0,0.0022578402497723,MID
HYPER,1785499200000,-1,87.28776978417311,0,0.0065614391546615,MID
OP,1785499200000,-1,61.98109640831697,0,0.0033773548386215,MID
MEME,1785499200000,-1,56.523809523808815,0,0.0036940481832052,LOW
AZTEC,1785499200000,-1,32.09525855894478,0,0.0027457845177054,LOW
APEX,1785499200000,-1,191.3702871059897,0,0.0056075826016008,MID
RUNE,1785500100000,-1,21.28700298383169,0,0.0017901987837774,LOW
SAGA,1785501000000,-1,38.18616144975264,0,0.0015106433978195,LOW
GMT,1785501900000,1,219.3531144161392,0,0.0041903179325968,LOW
VVV,1785501900000,-1,42.51968304813308,1,0.0052871776035545,HIGH
VINE,1785502800000,1,171.45838084378602,1,0.004099486403403,HIGH
VINE,1785503700000,1,116.31562359297637,1,0.0042948319341809,HIGH
BTC,1785504600000,-1,-74.55353118252454,0,0.0016727130008533,HIGH
GMX,1785504600000,-1,115.46034548184412,0,0.0051710631212722,LOW
XRP,1785504600000,-1,-53.509774576745386,0,0.0016473768926649,HIGH
AVAX,1785505500000,-1,29.8978287433028,0,0.0026653974546975,HIGH
ETH,1785505500000,-1,41.47778789989916,0,0.0022005734809341,HIGH
kLUNC,1785505500000,-1,1.2769857433808929,0,0.0024858456453,LOW
GMX,1785505500000,-1,192.8404681551427,0,0.00518825396947,LOW
MELANIA,1785505500000,-1,7.184595798855586,0,0.0024483850742711,LOW
ASTER,1785505500000,-1,28.45074946466797,0,0.0014432124628933,HIGH
XRP,1785505500000,-1,26.08067542213772,0,0.001650537314582,HIGH
AERO,1785505500000,-1,34.0982025322514,0,0.0031690491725293,HIGH
VINE,1785505500000,1,158.52389439679294,1,0.0044726109024084,HIGH
LINK,1785505500000,-1,9.792599972939508,0,0.0025707183000793,HIGH
BTC,1785505500000,-1,-56.43197698314837,0,0.0016960131645038,HIGH
TAO,1785505500000,-1,25.716128021720422,0,0.0027241365929938,HIGH
0G,1785506400000,-1,-19.1053147538674,0,0.0047468370355428,MID
RENDER,1785506400000,-1,21.78676095356178,0,0.0022911647020167,MID
SAGA,1785506400000,-1,113.56952539550332,0,0.0019273706921891,LOW
LIT,1785506400000,-1,-211.6850497092488,0,0.0060068320103034,HIGH
ORDI,1785506400000,1,-980.7149559411744,0,0.0043706602805899,LOW
KAS,1785506400000,-1,38.24926340601097,0,0.0021352406393911,LOW
LDO,1785506400000,-1,-126.89127324749646,0,0.0038381609278894,HIGH
DOT,1785506400000,-1,39.249030132326624,0,0.0020129729305033,HIGH
W,1785506400000,-1,22.31645569620149,0,0.00303559695492,MID
BTC,1785506400000,-1,81.55782638523269,0,0.0018783599519388,HIGH
kLUNC,1785506400000,-1,84.8976444252763,0,0.0025901464206028,LOW
VINE,1785506400000,1,184.75691589823435,0,0.004476311127372,HIGH
MNT,1785506400000,-1,-42.75231251433392,0,0.0013378748470661,MID
LINK,1785506400000,-1,37.902069817733725,0,0.0025597872761614,HIGH
SKY,1785506400000,-1,34.10771840542743,0,0.0026585535508297,MID
ORDI,1785507300000,1,-829.1623042906656,0,0.0044134043587981,LOW
ORDI,1785508200000,1,42.72582321327855,0,0.0044408895679302,LOW
GMX,1785508200000,-1,50.23181106076188,0,0.0052249078582396,LOW
GMX,1785509100000,-1,69.05805240278116,0,0.0050959801093368,LOW
PUMP,1785509100000,1,205.7286527514241,1,0.0064769166359308,HIGH
ACE,1785510000000,1,115.51851851851984,0,0.0059423258405915,HIGH
ENA,1785510000000,-1,-0.3749343733584438,0,0.0040283272054816,HIGH
AIXBT,1785510000000,1,64.48109365910501,1,0.0035853408703303,MID
BANANA,1785510900000,-1,57.35036741080116,0,0.0032095029245559,MID
GMX,1785511800000,-1,80.87427400068354,0,0.0037487426511232,LOW
SAGA,1785511800000,1,21.252223120453124,0,0.002713793752535,LOW
MINA,1785511800000,-1,-74.8600798986643,0,0.0027725478241118,LOW
HMSTR,1785512700000,1,230.9181286549717,0,0.0052910187569092,LOW
LDO,1785512700000,-1,46.45340968245836,0,0.0037932280745496,HIGH
CHIP,1785512700000,1,10.165769000599154,1,0.0038634572660962,MID
LDO,1785513600000,-1,70.04983042003717,0,0.0036027938474779,HIGH
REZ,1785513600000,1,103.42341315089412,0,0.0044022021312119,LOW
POPCAT,1785513600000,1,149.23639303035702,1,0.0045754760394817,MID
ALT,1785513600000,1,58.78136262227488,0,0.0024615940478311,MID
SAGA,1785513600000,1,124.89768185451672,0,0.002944486400222,LOW
PEOPLE,1785513600000,1,245.35133997474404,1,0.0075675079520308,HIGH
PURR,1785514500000,-1,-344.2354573333983,0,0.0049437071996835,MID
PURR,1785515400000,-1,-258.1171271807338,0,0.0050970408608265,MID
SAGA,1785515400000,1,76.61783439490397,0,0.0029369664824118,LOW
PUMP,1785515400000,1,66.70260223048246,1,0.007711887233104,HIGH
HYPE,1785515400000,-1,-208.9645852749296,0,0.0037917857268101,HIGH
HYPE,1785516300000,-1,42.73913695497448,0,0.0037486854842145,HIGH
MET,1785516300000,1,62.97868380984474,1,0.0053025295738473,MID
SAGA,1785516300000,1,185.08777429467133,0,0.0033375120797325,LOW
CC,1785516300000,-1,73.43421504637597,0,0.0029602363203972,HIGH
PURR,1785516300000,-1,-96.76659585767328,0,0.0051383854115467,MID
HEMI,1785516300000,1,90.31919406150534,1,0.0051782789532058,MID
TURBO,1785517200000,1,-398.9131545338456,0,0.0037822973728677,LOW
CHIP,1785518100000,1,22.62687273300842,1,0.0039540069151025,MID
ORDI,1785518100000,1,-765.5546007365749,0,0.0054131876219691,LOW
NEAR,1785518100000,1,90.36465061655916,1,0.0036292138355036,HIGH
ETHFI,1785518100000,1,-54.00795626494804,1,0.003762939863133,MID
MOODENG,1785519000000,1,40.52402355417559,0,0.0032092953887204,MID
ORDI,1785519000000,1,139.4197308913171,0,0.005627190433498,LOW
ETHFI,1785519000000,1,133.39661426843963,1,0.0038694094577672,MID
ETHFI,1785519900000,1,22.553252012921394,1,0.0038131961719108,MID
ALT,1785519900000,1,36.23575571477388,0,0.0025127151109845,MID
TURBO,1785521700000,1,72.47169811320802,0,0.0038075905013963,LOW
PURR,1785522600000,-1,23.848099788217088,0,0.0051422384896228,MID
STABLE,1785523500000,-1,4.096602501551272,0,0.0023898648255935,LOW
STABLE,1785524400000,-1,13.574422115014798,0,0.0023879874958598,LOW
NIL,1785524400000,-1,63.549912434326686,0,0.0070243929684298,HIGH
STABLE,1785525300000,-1,27.52756372258415,0,0.0023903828410155,LOW
BANANA,1785525300000,-1,50.03476723629912,0,0.0029299554979942,MID
STABLE,1785526200000,-1,3.522770398482325,0,0.00239043978378,LOW
HYPE,1785526200000,-1,75.70095551768404,0,0.0038751969420281,HIGH
MOVE,1785526200000,-1,18.881838074398782,0,0.0055673072860138,MID
MEME,1785527100000,1,73.62835249042125,0,0.0042273012431453,LOW
ORDI,1785527100000,1,12.59845129662202,0,0.0063606707853411,LOW
PURR,1785528000000,-1,147.9331799184426,0,0.0051995458971154,MID
HYPE,1785528000000,-1,104.15108687303167,1,0.0038885649848999,HIGH
ORDI,1785528000000,1,100.53395913859772,0,0.0063724608212525,LOW
SKY,1785528900000,-1,112.65931137405371,0,0.0029630130269453,MID
VIRTUAL,1785530700000,-1,71.77457664394055,0,0.0028362486841374,HIGH
ONDO,1785530700000,-1,-52.62842308866964,0,0.0036304255800099,HIGH
SPX,1785530700000,-1,20.81773167445042,0,0.0033910746171032,HIGH
AAVE,1785531600000,-1,-213.0030867154154,0,0.0037312461679011,HIGH
TRUMP,1785531600000,-1,26.64008468595611,0,0.0025904745646091,MID
TURBO,1785533400000,1,132.63501849568362,0,0.0043233054223099,LOW
ONDO,1785534300000,-1,93.91018456634608,0,0.0037144765142992,HIGH
VIRTUAL,1785534300000,-1,24.05886684092484,0,0.002876352467293,HIGH
SOL,1785534300000,-1,13.646031090935388,0,0.0020662490617604,HIGH
MON,1785535200000,-1,60.86194120801402,0,0.0026754161522982,HIGH
LTC,1785536100000,-1,13.872511304583211,0,0.0019171763734875,HIGH
LTC,1785537900000,-1,51.7362706957381,0,0.0019778074708614,HIGH
PEOPLE,1785539700000,-1,73.35873633777486,0,0.0082682895675625,HIGH
DASH,1785542400000,1,-215.5812053772425,0,0.0028081833800214,MID
XAI,1785542400000,1,29.840722495895,0,0.0035540447363948,LOW
YGG,1785543300000,1,28.35141081348552,0,0.0033939765283385,LOW
GALA,1785544200000,1,57.10928961748602,0,0.0029959565788687,LOW
XAI,1785544200000,1,110.82113821138172,0,0.0036449627209605,LOW
APE,1785544200000,1,86.76791709239592,0,0.0037826739246921,LOW
ORDI,1785544200000,1,115.54428686111916,0,0.0077352963217316,LOW
kNEIRO,1785544200000,1,114.57425742574208,1,0.0058508230870226,MID
TNSR,1785544200000,1,105.17690104995228,0,0.004032368919901,LOW
ORDI,1785545100000,1,59.02582190869128,0,0.0077169314533135,LOW
MERL,1785545100000,1,101.79299089503472,0,0.0029548970417049,MID
HBAR,1785545100000,1,-143.50338623269002,0,0.0018238737506605,MID
XAI,1785545100000,1,93.9305331179324,0,0.0036965952885545,LOW
kSHIB,1785545100000,1,268.6297786720316,1,0.0057837766913834,MID
AAVE,1785545100000,-1,188.21774360878496,1,0.0046395782536894,HIGH
MOODENG,1785546000000,1,47.97209069132711,1,0.003635679135456,MID
ALT,1785546900000,1,19.09756926738057,0,0.0026860142116081,MID
WCT,1785546900000,1,22.03673869264731,0,0.0029442475296131,LOW
LDO,1785547800000,-1,-221.96730285545087,0,0.0033023782783313,HIGH
BABY,1785547800000,1,286.61091054953886,0,0.0065415412743777,LOW
ZORA,1785547800000,1,244.59284731774423,0,0.0041854961757886,LOW
S,1785547800000,1,17.271183386638995,0,0.0034423442379386,LOW
ZORA,1785548700000,1,94.36932012299242,0,0.0041599911166894,LOW
ALGO,1785549600000,1,25.906797477224337,0,0.0020809361743164,HIGH
NXPC,1785552300000,1,160.69913495480822,0,0.0028679647516697,LOW
BABY,1785553200000,1,401.5148094841298,0,0.0085189628609875,LOW
kSHIB,1785556800000,1,40.903412492515365,1,0.0060616570928587,MID
NOT,1785556800000,1,85.49557522123949,0,0.003349884834962,LOW
ZEN,1785556800000,1,51.851046698873446,0,0.0030004698598064,MID
ZRO,1785557700000,1,129.12602790353827,1,0.0047948439919183,HIGH
PROVE,1785558600000,1,23.952598582058258,0,0.0025715749248125,LOW
PUMP,1785559500000,1,183.91588785046704,1,0.0082252835816722,HIGH
NOT,1785560400000,1,55.82352941176613,0,0.0032982966506644,LOW
NOT,1785561300000,1,84.97653958944336,0,0.0033089846338561,LOW
BRETT,1785562200000,1,19.23320158102847,0,0.0039785948393028,LOW
HYPE,1785562200000,-1,43.88650366179805,0,0.0038704463072381,HIGH
UMA,1785564900000,1,126.92587928912926,0,0.0028236758518245,LOW
USUAL,1785565800000,1,60.21112515802743,1,0.00405259353445,MID
SKR,1785566700000,-1,-40.76325344952794,0,0.0055632718191114,MID
TIA,1785566700000,1,-92.44434233903186,0,0.0022099882140717,MID
DASH,1785567600000,1,182.3118587152541,1,0.0036660567794681,MID
MEGA,1785569400000,1,58.38859998477948,1,0.0042484835686578,MID
GRIFFAIN,1785569400000,1,118.07408295372858,1,0.004344618908909,MID
CAKE,1785573000000,-1,-233.4976811794844,0,0.0023564683583346,MID
IOTA,1785573900000,1,-18.399778243193744,0,0.0025052543347564,LOW
FIL,1785573900000,1,23.637374708223835,0,0.0027236993462368,MID
CAKE,1785573900000,-1,-224.790962018298,0,0.0022304067655069,MID
CAKE,1785574800000,-1,-201.8320355951054,0,0.0022500272369681,MID
SKY,1785574800000,-1,57.25179856115143,0,0.0031812271561276,MID
TIA,1785574800000,1,63.65862339385866,0,0.0022372035200549,MID
ZEN,1785575700000,1,27.776103844529853,0,0.0029846573597001,MID
NIL,1785577500000,-1,31.38375101910598,0,0.0069466489495521,HIGH
STABLE,1785577500000,1,61.35229273078838,0,0.0023179392685631,LOW
CAKE,1785578400000,-1,-87.03361344537831,0,0.0022561079229427,MID
AAVE,1785578400000,-1,37.74601649716763,1,0.0041492025962345,HIGH
TRX,1785578400000,1,6.455543693761689,0,0.0005597918507256,HIGH
AERO,1785578400000,-1,8.346353475123145,0,0.0024628093183578,HIGH
KAS,1785578400000,-1,20.733590447229137,0,0.0015565666459008,LOW
GRIFFAIN,1785578400000,1,110.1808535722714,1,0.0049637047786734,MID
GRIFFAIN,1785579300000,1,19.384542884071536,1,0.0049632994299535,MID
CAKE,1785579300000,-1,18.294718909709623,0,0.0023059241487962,MID
TRX,1785579300000,1,0.9638980363447828,0,0.0005589885761162,HIGH
BANANA,1785581100000,-1,29.768361581921056,0,0.0027299057254053,MID
IOTA,1785582900000,1,44.38322328197464,0,0.0026700117865299,LOW
PROVE,1785584700000,1,53.36719199355694,0,0.0028308620481396,LOW
IOTA,1785585600000,1,85.15892760099047,0,0.0027790921036594,LOW
POL,1785585600000,1,52.746258409996365,0,0.0018278646306621,HIGH
HYPER,1785585600000,1,92.76595222226204,0,0.0032106272813627,MID
STBL,1785585600000,1,45.52135357845046,1,0.0046810642807699,MID
AERO,1785586500000,-1,44.45992542011626,0,0.002444087342362,HIGH
AR,1785586500000,1,35.76410899555305,0,0.0022741255421184,LOW
AERO,1785587400000,-1,69.0926281039875,0,0.0024549450136698,HIGH
ADA,1785588300000,1,37.72735616359871,0,0.0031020624401705,HIGH
POL,1785589200000,1,19.88799956142762,0,0.0018333008109454,HIGH
BANANA,1785589200000,1,105.3187743582846,1,0.0038259699525176,MID
TRX,1785589200000,1,-1.171233503002088,0,0.0005862368259031,HIGH
ADA,1785589200000,1,35.263849229012216,0,0.0031280669857851,HIGH
STBL,1785591900000,1,206.97481926732192,1,0.0061546253838366,MID
JUP,1785592800000,-1,12.169744206726197,0,0.0023168392741962,HIGH
BANANA,1785592800000,1,51.96704645515904,1,0.0039471353604934,MID
RUNE,1785592800000,1,88.4202130090964,0,0.0021476004659061,LOW
GOAT,1785594600000,1,178.60936041921,0,0.0042698371940592,LOW
KAITO,1785595500000,1,207.1274543575609,1,0.0075775847382895,HIGH
DOT,1785595500000,1,118.07715148722704,0,0.0020675851547821,HIGH
ZEC,1785595500000,1,26.553717602534103,0,0.0022913675246431,HIGH
BOME,1785597300000,-1,31.782608695653018,0,0.0061253407576324,HIGH
HYPER,1785597300000,1,51.59382882416015,1,0.0036367038285913,MID
kSHIB,1785598200000,1,203.6522338122401,1,0.0068825410518716,MID
SKR,1785599100000,-1,-62.01445854234303,1,0.0042454802603797,MID
LDO,1785599100000,-1,-55.55117629086464,0,0.0030768811809516,HIGH
TNSR,1785600000000,-1,40.00363876943488,0,0.0032196424537095,LOW
LDO,1785600000000,-1,93.57540546340825,0,0.0030857187621545,HIGH
CRV,1785600900000,-1,-121.71921182266122,0,0.0018749853073825,HIGH
INIT,1785600900000,1,101.01538642697388,0,0.0030068603109936,LOW
DYM,1785600900000,1,70.74631268436534,1,0.0036620948214063,MID
VINE,1785600900000,1,104.91775531068907,0,0.002811762364884,HIGH
USUAL,1785600900000,1,146.8127340823974,1,0.0049129184974948,MID
ZEC,1785601800000,1,74.37679964482713,0,0.0021947782899845,HIGH
CRV,1785601800000,-1,-92.10891089109028,0,0.0019165227865008,HIGH
LDO,1785602700000,-1,16.679591648472492,0,0.0031045533558478,HIGH
POPCAT,1785602700000,-1,-94.2891986062712,0,0.0026417150939468,MID
CRV,1785602700000,-1,58.16055889811452,0,0.0019559088788349,HIGH
STRK,1785602700000,-1,-401.4063745019924,0,0.0022411101731948,MID
LTC,1785602700000,-1,7.675024984101968,0,0.0014695109373632,HIGH
FET,1785603600000,-1,85.34937508978459,0,0.0023094129550223,MID
WIF,1785603600000,-1,-168.12312441668436,0,0.002507206912685,MID
LDO,1785603600000,-1,16.126947400894938,0,0.0029966863472995,HIGH
POPCAT,1785603600000,-1,-24.699059707413333,0,0.0026571603496305,MID
KAITO,1785603600000,1,-333.89486219802603,0,0.0094224334019483,HIGH
STABLE,1785603600000,-1,7.406136647440181,0,0.0022346875818582,LOW
TNSR,1785603600000,-1,-82.57559681697633,0,0.003295139331422,LOW
KAITO,1785604500000,1,149.13575190169686,0,0.0095305261543686,HIGH
BTC,1785604500000,-1,0.0252850136933955,0,0.0006497536983226,HIGH
WIF,1785604500000,-1,-96.12062369161812,0,0.0025466197528805,MID
JUP,1785604500000,-1,16.983172065628494,0,0.0019358440705283,HIGH
SOL,1785604500000,-1,44.281651668724535,0,0.0011058778694246,HIGH
TNSR,1785604500000,-1,-56.19148936170227,0,0.0033059503633245,LOW
UMA,1785604500000,-1,-1.5217596972565486,0,0.0026193730324037,LOW
AERO,1785604500000,-1,-85.03566340816451,0,0.0021709387365638,HIGH
LINK,1785604500000,-1,10.01615242534356,0,0.0012570150072545,HIGH
SOL,1785605400000,-1,20.228642167635908,0,0.001147033497613,HIGH
AVAX,1785605400000,-1,-137.73030163736937,0,0.0014965259342708,HIGH
IO,1785605400000,-1,31.20752565564469,0,0.0026519299973458,MID
LINEA,1785605400000,-1,10.611615245010883,0,0.0026401361630567,LOW
KAITO,1785605400000,1,183.44206394635827,0,0.0097621380525059,HIGH
OP,1785606300000,-1,-53.19720329867214,0,0.0018877659500045,MID
PYTH,1785606300000,-1,35.47842367585062,0,0.0023672203214071,MID
ICP,1785606300000,-1,-49.37313287122945,0,0.0014429284211517,HIGH
FIL,1785606300000,-1,80.36896109448513,0,0.0022732137960422,MID
ETC,1785607200000,-1,13.031023848055678,0,0.001648701865511,LOW
LDO,1785607200000,-1,63.88963210702328,0,0.0030708371416417,HIGH
FIL,1785607200000,-1,36.41013772051807,0,0.0023305816460803,MID
LINEA,1785608100000,-1,19.76867030965299,0,0.0026568942511605,LOW
BTC,1785608100000,-1,7.87547580206634,0,0.0006084136381965,HIGH
ETH,1785608100000,-1,111.4275921627897,0,0.0008808981778225,HIGH
ZRO,1785608100000,-1,95.95235063730836,1,0.0037031726661741,HIGH
XAI,1785608100000,-1,30.388981636060187,0,0.003197205772938,LOW
ETC,1785608100000,-1,30.187532499311864,0,0.0016525497181087,LOW
LDO,1785608100000,-1,29.90494815918561,0,0.003070850396458,HIGH
SUI,1785608100000,-1,21.248517735424645,0,0.0013612193422654,HIGH
AVAX,1785608100000,-1,16.111019095093972,0,0.0014657153271608,HIGH
LINK,1785608100000,-1,21.56696055568753,0,0.0012700513628108,HIGH
CC,1785608100000,-1,15.0754002410043,0,0.001866570528906,HIGH
BLUR,1785608100000,-1,68.04923209415827,0,0.0026590023753627,LOW
SEI,1785608100000,-1,37.61559540994825,0,0.0018687140558509,MID
AERO,1785608100000,-1,102.54676685782212,0,0.0020237855258076,HIGH
SOL,1785608100000,-1,21.477236170361163,0,0.0012196308863341,HIGH
BIO,1785608100000,-1,13.65391366971186,0,0.0022279065115035,MID
OP,1785608100000,-1,9.02356618973222,0,0.0019172055994285,MID
TNSR,1785608100000,-1,10.355592654423496,0,0.0032924238128186,LOW
CHIP,1785608100000,-1,56.70747345221392,0,0.0036189250730014,MID
AXS,1785608100000,-1,28.464046276351706,0,0.0017219284640782,LOW
ENA,1785609000000,-1,124.74526461519125,0,0.0028669589233077,HIGH
EIGEN,1785609000000,-1,47.87620124364115,0,0.0029226521341074,MID
FOGO,1785609000000,-1,72.89668258048879,0,0.0024503443657177,MID
MINA,1785609000000,-1,28.9655069878078,0,0.0020448172161722,LOW
SPX,1785609000000,-1,50.32576044427695,0,0.0020789002548911,HIGH
NIL,1785609000000,-1,109.37176931163276,0,0.0049915477729118,HIGH
DOGE,1785609000000,-1,59.065757725514814,0,0.001583461790962,HIGH
ZRO,1785609000000,-1,46.37344404111128,1,0.0037304659641037,HIGH
AZTEC,1785609000000,-1,72.68590350047299,0,0.0018281035227725,LOW
SOL,1785609000000,-1,50.41655069652506,0,0.001303451548865,HIGH
GALA,1785609000000,-1,8.325028312571058,0,0.0026493374859638,LOW
AXS,1785609000000,-1,29.832336203123155,0,0.0017865080127928,LOW
BIGTIME,1785609000000,-1,87.57971014492857,0,0.0029131110989733,LOW
ETH,1785609000000,-1,126.4091951512494,0,0.0014655408414986,HIGH
LTC,1785609000000,-1,42.28716177580577,0,0.0015013603418049,HIGH
XRP,1785609000000,-1,31.15883859948807,0,0.0009570770865112,HIGH
TRB,1785609000000,-1,85.91877755361396,0,0.0015162850789939,LOW
LINEA,1785609000000,-1,42.87155963302764,0,0.002746807543113,LOW
GRAM,1785609000000,-1,21.59312839059564,0,0.0019162526245242,HIGH
BCH,1785609000000,-1,32.863138509257006,0,0.0016222447429297,MID
RENDER,1785609000000,-1,77.16032064128363,0,0.001863718116059,MID
VIRTUAL,1785609000000,-1,27.8226130931498,0,0.0022218814258965,HIGH
AIXBT,1785609000000,-1,64.7442357974801,0,0.0033635460397645,MID
AVNT,1785609000000,-1,45.058604456790576,0,0.0026220908990827,MID
STRK,1785609000000,-1,-103.72522159548622,0,0.0022266154843488,MID
POPCAT,1785609000000,-1,33.32332476354491,0,0.0025821098568709,MID
ETC,1785609000000,-1,112.80213408992776,0,0.001844840051093,LOW
LDO,1785609000000,-1,51.97766532346183,0,0.0031163966956961,HIGH
XAI,1785609000000,-1,97.84033613445256,0,0.0032661664240374,LOW
STX,1785609000000,-1,85.97456810261782,0,0.0022328970415759,LOW
APT,1785609000000,-1,77.43875685557512,0,0.0017444399929871,MID
REZ,1785609000000,-1,72.2177355502768,0,0.0036423711998466,LOW
AAVE,1785609000000,-1,70.79291096846232,1,0.0043066628460596,HIGH
BLUR,1785609000000,-1,59.97046902142463,0,0.0027715770072745,LOW
kLUNC,1785609000000,-1,52.888964507414144,0,0.0021027504802447,LOW
SEI,1785609000000,-1,35.09664257975774,0,0.0019050535314162,MID
NXPC,1785609000000,-1,100.48605981900072,0,0.0034821875616996,LOW
FIL,1785609000000,-1,18.02080483766492,0,0.0023330085657139,MID
IO,1785609000000,-1,55.34932821496989,0,0.0026391430878072,MID
JUP,1785609000000,-1,75.57711706928639,0,0.0019269689508678,HIGH
FET,1785609000000,-1,31.13712957582788,0,0.0023290035875665,MID
JTO,1785609000000,-1,105.15728292732278,0,0.0031878117659368,HIGH
BIO,1785609000000,-1,21.862128198173536,0,0.0022580500170199,MID
BOME,1785609000000,-1,210.1438721136761,0,0.0060455444561872,HIGH
TAO,1785609000000,-1,36.29787791459262,0,0.0023159586680691,HIGH
SUPER,1785609000000,-1,62.5936160488189,0,0.00165377364492,LOW
kFLOKI,1785609000000,-1,38.74327883516411,0,0.0023390333855226,LOW
APE,1785609000000,-1,29.169117647059103,0,0.0026041050743568,LOW
GMT,1785609000000,-1,38.37931034482642,0,0.0033073927818694,LOW
AR,1785609000000,-1,55.66478939340614,0,0.002227769605756,LOW
SAND,1785609000000,-1,83.38100104630536,0,0.0030288238707949,LOW
BNB,1785609000000,-1,27.630003480682056,0,0.0012386912427228,HIGH
PENGU,1785609000000,-1,51.31093007467738,0,0.0028411264611286,HIGH
ONDO,1785609000000,-1,56.19962112242413,0,0.0026472820201123,HIGH
PENDLE,1785609000000,-1,120.94284047827448,0,0.0025773229680973,MID
OP,1785609000000,-1,66.02397674981849,0,0.0020082927885814,MID
YGG,1785609000000,-1,48.93338978266911,0,0.00313591040044,LOW
CHIP,1785609000000,-1,22.355173662816657,0,0.0036432546292306,MID
PAXG,1785609000000,-1,15.333168169656354,0,0.0003236002535688,HIGH
ALT,1785609000000,-1,44.11219682428916,0,0.0020772704798453,MID
ICP,1785609000000,-1,108.38491867915316,0,0.0015637488794971,HIGH
WIF,1785609000000,-1,116.5683872849229,0,0.0024930016684493,MID
AERO,1785609000000,-1,158.55891929510614,0,0.0020891412536924,HIGH
kBONK,1785609000000,-1,29.85870755750235,0,0.0026479406857199,HIGH
XPL,1785609000000,-1,170.07216834702305,0,0.0049929129876385,HIGH
MANTA,1785609000000,-1,72.84899155318098,0,0.0025752391207564,LOW
ME,1785609000000,-1,55.19924683327628,0,0.0022111199463319,MID
XLM,1785609000000,-1,20.0455592979969,0,0.0016605441178314,MID
ETHFI,1785609000000,-1,62.487219839074726,0,0.0031359455931379,MID
LINK,1785609000000,-1,94.98234552332929,0,0.0016893197050286,HIGH
CAKE,1785609000000,-1,10.584042325016178,0,0.0020932607074158,MID
BTC,1785609000000,-1,29.88154623466196,0,0.0006728479404754,HIGH
AVAX,1785609000000,-1,168.0507170226187,0,0.0020956243010635,HIGH
MELANIA,1785609000000,-1,126.90455991516552,0,0.0027742412738482,LOW
ENS,1785609000000,-1,42.24020393996784,0,0.0018926781292064,MID
SUI,1785609000000,-1,103.53876038491543,0,0.0017209006263265,HIGH
MEME,1785609000000,-1,76.68127490040035,0,0.004216363125581,LOW
ETHFI,1785609900000,-1,34.99663385525555,0,0.0031467734592277,MID
ETC,1785609900000,-1,52.01914046154063,0,0.001909427676578,LOW
AVAX,1785609900000,-1,135.8911663906331,0,0.0025185050804257,HIGH
DOGE,1785609900000,-1,12.471064730350284,0,0.0016136110465967,HIGH
CRV,1785610800000,-1,-1.0024968789021478,0,0.0020275560218073,HIGH
0G,1785610800000,1,84.9194630872487,1,0.0036460562887202,MID
STABLE,1785610800000,-1,8.414839291079396,0,0.0024535211950363,LOW
CRV,1785611700000,-1,49.2298111691449,0,0.0020955124727874,HIGH
0G,1785611700000,1,114.10385438972176,1,0.003649957280311,MID
STRK,1785611700000,-1,100.2204789430224,0,0.0029580996528793,MID
STABLE,1785611700000,-1,103.1506732985552,0,0.0026334548845081,LOW
AERO,1785616200000,-1,24.50412561884257,0,0.0021332329018762,HIGH
ICP,1785616200000,-1,78.49068322981351,0,0.0016335344758611,HIGH
ARB,1785620700000,1,51.17664104825499,0,0.0028479727363158,HIGH
INIT,1785625200000,1,17.491803278688895,0,0.0036024049485412,LOW
WIF,1785627000000,-1,76.61666052340566,0,0.0027494884233479,MID
WLFI,1785628800000,1,73.62423689063105,0,0.0023408275825956,MID
HYPER,1785628800000,1,-405.3812492207955,1,0.0111476657139648,MID
FOGO,1785629700000,1,-446.71017229171537,0,0.0028916308891586,MID
PAXG,1785629700000,1,-22.012345679011897,0,0.0002450008166306,HIGH
SKR,1785629700000,-1,105.72848082150408,1,0.0044828237252045,MID
STRK,1785629700000,-1,51.23445974134258,0,0.0030408148386905,MID
PAXG,1785630600000,1,0.2097972889551544,0,0.0002438081122901,HIGH
MET,1785630600000,-1,22.12262232324463,1,0.0037554365339486,MID
MET,1785631500000,-1,42.55262526972014,1,0.003705295547145,MID
DOT,1785632400000,1,-112.51680778786306,0,0.0022866417403907,HIGH
NEAR,1785632400000,1,-82.17424197994163,0,0.0026178883818012,HIGH
DYDX,1785632400000,1,26.388884086784245,0,0.0029198675477871,MID
kPEPE,1785632400000,1,-375.73695420660295,0,0.0030724404020443,HIGH
DOT,1785633300000,1,-90.608244290271,0,0.0022825425017078,HIGH
RSR,1785633300000,1,-283.5923616523773,0,0.0036568515684505,LOW
PUMP,1785635100000,1,111.73962930273602,0,0.0067057887891506,HIGH
kPEPE,1785635100000,1,-205.8681357117869,0,0.0032253557303629,HIGH
BTC,1785636000000,1,37.98360655737705,0,0.001119307701117,HIGH
TRUMP,1785636000000,1,66.28723331275295,0,0.0023106509405413,MID
kPEPE,1785636000000,1,45.78048780487848,0,0.003244105331434,HIGH
APT,1785636000000,1,-22.53124999999982,0,0.0022228767039499,MID
CELO,1785636000000,1,32.38904355211673,0,0.0020448243950745,LOW
ADA,1785636000000,1,-573.4129993229508,1,0.0035494885593471,HIGH
EIGEN,1785636000000,1,-148.083288554541,0,0.0033053968954716,MID
ENA,1785636000000,1,-727.1783895588652,1,0.0037548724292848,HIGH
VIRTUAL,1785636000000,1,-98.0012523705592,0,0.0023788146213075,HIGH
DOT,1785636000000,1,5.442859483094729,0,0.0022840790606843,HIGH
SOL,1785636000000,1,13.122641380534644,0,0.0016614171754568,HIGH
PAXG,1785636000000,1,-13.607331392766609,0,0.0002578784197841,HIGH
LIT,1785636900000,1,78.40085186937948,1,0.0050329460549622,HIGH
XLM,1785636900000,1,21.789576847689016,0,0.0017012140797042,MID
LINK,1785636900000,1,32.22959770462789,0,0.0022405291670046,HIGH
ATOM,1785636900000,1,41.24778761061995,0,0.0018663232119928,MID
AZTEC,1785636900000,1,57.38477741890133,0,0.0025275953208932,LOW
ENA,1785637800000,1,30.57233639481097,1,0.0037901123705134,HIGH
HYPER,1785637800000,1,139.0540409841015,0,0.0130843293353001,MID
XLM,1785638700000,1,-54.783659378595175,0,0.0017722082873771,MID
ENA,1785641400000,1,-432.4143486364872,1,0.00401769466306,HIGH
kPEPE,1785641400000,1,28.20665742024928,0,0.0032287817973172,HIGH
CASHCAT,1785641400000,-1,465.7165775401063,0,0.0099160985531192,HIGH
ENA,1785642300000,1,-346.69131559366593,1,0.00404478145916,HIGH
ARB,1785643200000,1,-88.29048207663735,0,0.0028288298820601,HIGH
ADA,1785643200000,1,-439.9146005509638,1,0.003763656586354,HIGH
NEAR,1785643200000,1,22.07288629737592,0,0.0025894181382176,HIGH
ENA,1785643200000,1,-218.31628939811333,1,0.0043260432262651,HIGH
WLD,1785644100000,1,68.41502875561018,1,0.0038207687896875,HIGH
PAXG,1785644100000,1,-1.5221674876849531,0,0.000263927648377,HIGH
ENA,1785644100000,1,-205.68235621134576,1,0.004337366447682,HIGH
SOL,1785644100000,1,3.409644469294673,0,0.0016690384920804,HIGH
ADA,1785644100000,1,-294.2144843758512,1,0.0038674707591941,HIGH
XLM,1785644100000,1,44.97258709309008,0,0.0018833815914806,MID
MET,1785645000000,-1,-170.80155642023254,0,0.0034050465939824,MID
kBONK,1785645000000,1,-181.0726256983249,0,0.0025053355745245,HIGH
ENA,1785645000000,1,-142.77549132683973,1,0.0045472938777366,HIGH
JUP,1785645900000,1,27.24650904874676,0,0.0025862659486688,HIGH
AVAX,1785645900000,1,-120.76326958991189,0,0.0037218591306798,HIGH
SUSHI,1785645900000,1,6.603687816120333,0,0.0027872218339178,HIGH
EIGEN,1785645900000,1,34.23404255319181,0,0.003273107534854,MID
AVAX,1785647700000,1,58.53241412675403,1,0.0040518153692763,HIGH
ARB,1785647700000,1,-26.361613180867543,0,0.0028830988649099,HIGH
XLM,1785647700000,1,30.469480372134072,0,0.0019153605155725,MID
ADA,1785648600000,1,-214.4542209723648,1,0.0038493165757161,HIGH
ARB,1785648600000,1,71.654265083833,0,0.0028757051277348,HIGH
WLD,1785648600000,1,53.88067628295711,1,0.0037951660892942,HIGH
PEOPLE,1785648600000,1,-239.78891134854183,1,0.0057377137599675,HIGH
NEAR,1785648600000,1,42.80772353009405,0,0.0026077319921781,HIGH
TRUMP,1785648600000,1,46.91794310722007,0,0.0023346957851798,MID
kPEPE,1785648600000,1,106.3269559275706,0,0.0033983066306322,HIGH
EIGEN,1785649500000,1,65.02721088435351,0,0.0034528431230887,MID
PEOPLE,1785649500000,1,-238.90333716916007,1,0.0057474226695936,HIGH
kPEPE,1785649500000,1,24.27582679849902,0,0.0033873253824799,HIGH
REZ,1785649500000,1,-44.16766467065928,0,0.0049862926597175,LOW
FOGO,1785650400000,1,130.073305036138,1,0.0038363473919209,MID
VIRTUAL,1785651300000,1,30.843645899779705,0,0.0024941542819659,HIGH
REZ,1785651300000,1,244.272727272727,0,0.0055972960108824,LOW
PEOPLE,1785651300000,1,55.321479374110055,1,0.0057958238338152,HIGH
AERO,1785653100000,-1,-123.30943889084284,0,0.0026541964250961,HIGH
VIRTUAL,1785654000000,1,27.514154687362367,0,0.0025082342060658,HIGH
LIT,1785654000000,1,27.813763481022274,1,0.0056763705232942,HIGH
AIXBT,1785654900000,1,-182.36965993323025,0,0.0034842298542002,MID
VIRTUAL,1785654900000,1,42.48408057179954,0,0.0025233101027906,HIGH
BOME,1785656700000,1,29.05128205128109,1,0.0066900471798791,HIGH
MOODENG,1785656700000,1,63.56440037254156,0,0.0032014050901078,MID
STABLE,1785656700000,-1,105.427035709874,0,0.0034827286998249,LOW
JTO,1785656700000,-1,52.76663806839095,0,0.0028782625287989,HIGH
AERO,1785656700000,-1,-48.221433443650405,0,0.0026732534971161,HIGH
AERO,1785657600000,-1,42.14214704166782,0,0.0026861391649735,HIGH
VINE,1785657600000,-1,37.08016032064252,0,0.0033633013053481,HIGH
RUNE,1785657600000,1,21.91302884075861,0,0.0021517294705318,LOW
SAGA,1785657600000,1,-552.3630573248405,0,0.0031210839587694,LOW
SAGA,1785658500000,1,-363.7843137254905,0,0.0034762162736948,LOW
AERO,1785658500000,-1,4.103714227724844,0,0.0026860914988855,HIGH
AERO,1785659400000,-1,53.17547174629205,0,0.0027503178260678,HIGH
FOGO,1785660300000,1,276.6816272385582,1,0.0044699335256475,MID
AERO,1785660300000,-1,27.476873431338024,0,0.0027557517761279,HIGH
SAGA,1785661200000,1,113.18900077459264,0,0.0036452037486981,LOW
NOT,1785661200000,1,55.82352941176613,0,0.0024271933286079,LOW
HYPER,1785662100000,1,897.0820212179485,0,0.0172900853688615,MID
POPCAT,1785663900000,1,66.03176801751569,0,0.0027880621628422,MID
BOME,1785664800000,1,108.28775834658114,1,0.007080040706337,HIGH
AIXBT,1785664800000,1,-75.4596978037413,0,0.0035529040847862,MID
SAGA,1785665700000,1,50.763440860215525,0,0.0040715206837334,LOW
HYPE,1785665700000,-1,62.92806428961555,0,0.0023304565968296,HIGH
PURR,1785665700000,-1,177.9915640990192,0,0.0049880086813646,MID
JTO,1785666600000,-1,92.56960721715264,0,0.0028671089108004,HIGH
AIXBT,1785666600000,1,61.7972293598489,0,0.0035544399317392,MID
NIL,1785666600000,1,58.02906467057812,1,0.0055860325944091,HIGH
SUSHI,1785667500000,1,78.53385565959637,0,0.0027396795722587,HIGH
ZEN,1785671100000,1,45.60267314702421,0,0.0033735783339858,MID
ADA,1785672000000,1,35.008763131499684,1,0.0043148582907145,HIGH
PENGU,1785672900000,1,94.80343113676491,0,0.0031892304457402,HIGH
MET,1785672900000,-1,47.08037591195778,0,0.0034715396908142,MID
STABLE,1785673800000,-1,404.9554494828953,0,0.0036338968276324,LOW
IMX,1785673800000,1,65.24712643678131,0,0.0030214709384722,MID
ALGO,1785673800000,1,-263.7931236569641,0,0.0021676854574173,HIGH
FIL,1785673800000,1,28.745151586563114,0,0.0022102331889784,MID
SAGA,1785673800000,1,162.2892561983482,0,0.0052817461212476,LOW
ADA,1785675600000,1,96.62248322147718,0,0.0043699247092158,HIGH
SAND,1785675600000,1,18.757748304515168,0,0.0028863528470884,LOW
BABY,1785676500000,-1,167.2317290552571,0,0.0042894586609385,LOW
ALGO,1785676500000,1,-191.00941858359027,0,0.0023138982008121,HIGH
MANTA,1785676500000,-1,12.589814654426943,0,0.0025386079077912,LOW
NIL,1785677400000,1,136.078000389029,0,0.0063770953741834,HIGH
ALGO,1785677400000,1,36.02486028136501,0,0.002324757420169,HIGH
STABLE,1785677400000,-1,334.74339303708945,0,0.004129504317908,LOW
KAITO,1785679200000,-1,381.39955106621903,0,0.0113167460624659,HIGH
STABLE,1785680100000,-1,24.46085194023906,0,0.0042143114848552,LOW
CFX,1785680100000,-1,19.266915673036152,0,0.0046802214939113,LOW
PEOPLE,1785680100000,1,332.3163872363439,1,0.0068283770069818,HIGH
PAXG,1785681900000,1,-0.7835787814606441,0,0.0002825660848452,HIGH
BABY,1785681900000,-1,47.08944543828153,0,0.0043177680447737,LOW
SAND,1785682800000,1,34.27051028389902,0,0.0030259979427706,LOW
ME,1785682800000,1,60.3734156646075,0,0.0028936525362387,MID
KAITO,1785683700000,-1,114.81338360037658,0,0.0107081768075655,HIGH
HEMI,1785683700000,1,251.01341190814887,1,0.0044299507804094,MID
GRAM,1785684600000,1,16.799179748266962,0,0.0014109072733845,HIGH
ALGO,1785685500000,1,92.73624605043494,0,0.002493959974805,HIGH
BRETT,1785685500000,-1,33.07317701623325,0,0.0034375108277504,LOW
STBL,1785686400000,1,277.1274737380483,1,0.0066432202730629,MID
ALGO,1785686400000,1,103.8583181635502,0,0.0024935396829563,HIGH
STX,1785686400000,1,61.65823504334192,0,0.0028750736660144,LOW
NOT,1785687300000,1,-32.32551319648165,0,0.002307797861375,LOW
ALGO,1785689100000,1,11.656739168669766,0,0.0025035001424826,HIGH
PAXG,1785689100000,1,-0.5386433001870632,0,0.0002798336859992,HIGH
MNT,1785689100000,1,4.283504118947469,0,0.0013982516599911,MID
ALGO,1785690000000,1,30.31501981366893,0,0.0024876929617656,HIGH
NXPC,1785690000000,-1,1.9804930688141853,0,0.0019225472948728,LOW
NOT,1785690000000,1,55.30903790087448,0,0.0022733322294809,LOW
NOT,1785690900000,1,83.70520231213928,0,0.0024316491983448,LOW
NOT,1785691800000,1,83.20689655172467,0,0.0024694348781599,LOW
kLUNC,1785691800000,1,-362.8784194528875,0,0.0021495122935887,LOW
PAXG,1785691800000,1,-2.0156026972483856,0,0.000281761510318,HIGH
NOT,1785692700000,1,167.45454545454498,0,0.0027121523442771,LOW
PAXG,1785692700000,1,8.55444108464198,0,0.0002994214643371,HIGH
PURR,1785692700000,1,-138.188539436852,1,0.0058142003661912,MID
KAS,1785693600000,1,46.11011003618555,0,0.0017639870254399,LOW
kLUNC,1785695400000,1,-139.93434736610956,0,0.0023737810146506,LOW
INJ,1785695400000,1,106.08588787627708,0,0.0028885550003014,HIGH
AAVE,1785695400000,1,22.73739244677576,0,0.002916470878783,HIGH
ORDI,1785696300000,-1,42.834994021523165,0,0.0060786311733986,LOW
kLUNC,1785696300000,1,142.958303210302,0,0.0031964736738897,LOW
ZEC,1785699000000,1,73.94227250041567,0,0.0029856731915221,HIGH
INJ,1785699000000,1,10.359528487230136,0,0.0029232079028581,HIGH
PURR,1785699900000,1,68.39075610030015,1,0.0056936945988537,MID
INJ,1785699900000,1,128.05014852350146,0,0.00312813034631,HIGH
ZEC,1785699900000,1,106.06991608420373,0,0.0030992115186809,HIGH
SPX,1785701700000,1,66.25752306063856,0,0.0025150386006159,HIGH
PURR,1785702600000,1,145.53140173525372,1,0.0062861771734893,MID
ZK,1785702600000,1,227.0123001230008,0,0.0034685404831245,LOW
CAKE,1785704400000,1,63.02475928473214,0,0.0017147211438592,MID
GRAM,1785704400000,1,6.133061683294077,0,0.0013233416538196,HIGH
VINE,1785705300000,1,106.43439695887524,0,0.0029523887576916,HIGH
MNT,1785705300000,1,21.53557658604929,0,0.0010079344737087,MID
BTC,1785706200000,1,17.411367561626626,0,0.0011915039798589,HIGH
ETH,1785706200000,1,44.00042247570693,0,0.0017706842994389,HIGH
SOL,1785706200000,1,20.928619710692512,0,0.0015797841156599,HIGH
XRP,1785708000000,1,5.2568807339460815,0,0.0013142068255551,HIGH
ENS,1785708000000,1,20.709351247065868,0,0.0016438331271211,MID
OP,1785708900000,1,32.595361120680295,0,0.0027336027471941,MID
CASHCAT,1785708900000,1,339.0822397200341,1,0.0108891891871525,HIGH
STRK,1785708900000,1,136.1650099403577,1,0.0036886001131581,MID
STRK,1785709800000,1,114.41682974559616,1,0.0039950214010079,MID
STRK,1785710700000,1,24.258566978193382,1,0.004014893460557,MID
STRK,1785711600000,1,70.44414379590228,1,0.0040705430631364,MID
ALGO,1785713400000,1,114.52037791774757,1,0.0035176928256377,HIGH
UMA,1785715200000,-1,19.59819809104644,0,0.0022229024240673,LOW
0G,1785715200000,-1,-164.68264415509975,0,0.0029855081632681,MID
AVNT,1785715200000,-1,-266.3104349863718,0,0.002471062295196,MID
TRB,1785715200000,-1,14.185982216245584,0,0.0013612785462934,LOW
TRX,1785715200000,-1,11.12082514734823,0,0.0005720844629627,HIGH
MEGA,1785715200000,-1,36.72852176791875,0,0.0034019379433621,MID
ONDO,1785715200000,-1,-77.55481656296945,0,0.0037987444239158,HIGH
SKR,1785715200000,-1,-82.65686274509798,0,0.0055965557078562,MID
IO,1785716100000,-1,-146.82402707275884,0,0.002654683221963,MID
0G,1785717000000,-1,96.86973512809324,0,0.0028531515944376,MID
ALT,1785717900000,-1,53.26868296113928,0,0.0016515709254795,MID
CELO,1785717900000,-1,206.2665860118372,0,0.0028935020914321,LOW
0G,1785718800000,-1,29.79166363040195,0,0.0028780311517948,MID
TAO,1785718800000,-1,17.948989211270856,0,0.0021206058988592,HIGH
NEO,1785718800000,-1,37.38280688167208,0,0.0016907633143921,LOW
IO,1785718800000,-1,40.20987654321026,0,0.0026273094988164,MID
BABY,1785718800000,-1,-355.67656320287904,0,0.004444186413229,LOW
MELANIA,1785719700000,-1,23.40264026402716,0,0.0033787857091045,LOW
SUPER,1785719700000,-1,52.69932224275959,0,0.0018578246655609,LOW
XAI,1785719700000,-1,-36.33333333333342,0,0.0025810815351876,LOW
TAO,1785720600000,-1,35.29809558784899,0,0.002122364066092,HIGH
LIT,1785721500000,-1,68.64892029057712,0,0.0055953815568441,HIGH
RSR,1785722400000,-1,-98.08716323296414,0,0.003204656978208,LOW
PROVE,1785722400000,-1,1.8405639256971469,0,0.0016793479555672,LOW
STX,1785722400000,-1,-45.23711039906767,0,0.0022654890332866,LOW
ONDO,1785722400000,-1,71.0921013493406,0,0.0037055900508249,HIGH
XAI,1785722400000,-1,30.388981636060187,0,0.002397068899672,LOW
kSHIB,1785722400000,-1,34.16704521990458,0,0.0044646350948494,MID
SKY,1785722400000,-1,15.52817902178391,0,0.0020135002692691,MID
FARTCOIN,1785723300000,-1,27.084712215975888,0,0.0025677514331616,HIGH
LIT,1785723300000,-1,43.01150287571941,0,0.0047971231008688,HIGH
SUPER,1785724200000,1,142.83034989736993,0,0.0024522740945942,LOW
AXS,1785725100000,-1,47.23958537062325,0,0.0015402583809898,LOW
ZORA,1785725100000,-1,-37.025787965617454,0,0.002416994199988,LOW
S,1785725100000,1,23.25979082718297,0,0.0023314996895126,LOW
BIO,1785725100000,-1,69.42415960644958,0,0.0019690925225324,MID
LIT,1785725100000,-1,87.42045511629196,0,0.0047838244852777,HIGH
BABY,1785726000000,-1,-197.9963208241357,0,0.0042700407706001,LOW
HEMI,1785726000000,-1,-308.36028119507773,0,0.006351914073401,MID
PENDLE,1785726000000,-1,58.29985228951236,0,0.0024063257451426,MID
RUNE,1785726900000,-1,-59.98329095532048,0,0.0013103308783156,LOW
HEMI,1785726900000,-1,41.62293618920136,0,0.0065327810297216,MID
RENDER,1785726900000,-1,-76.43222205903957,0,0.0015421311981691,MID
MINA,1785728700000,-1,6.372071227742147,0,0.001619073743322,LOW
DOGE,1785728700000,-1,18.35404723687176,0,0.0016156499130954,HIGH
BANANA,1785728700000,-1,337.0666326499977,0,0.0060415653324522,MID
CHIP,1785728700000,-1,-228.8090484624064,0,0.0028745725661371,MID
ZETA,1785728700000,-1,22.11661284535365,0,0.0020565556391231,MID
XLM,1785728700000,-1,21.549918166939666,0,0.0019652377654574,MID
MET,1785728700000,-1,60.78678792471789,0,0.0035358473739619,MID
GAS,1785728700000,-1,62.40344994926535,0,0.0017760372714358,LOW
LTC,1785728700000,-1,15.911252195056775,0,0.0010769402002622,HIGH
BERA,1785728700000,-1,25.863815271582,0,0.0020022064989419,LOW
POLYX,1785728700000,-1,33.80981595091995,0,0.0015959790699723,LOW
XAI,1785728700000,-1,64.00167504187623,0,0.0023222639726519,LOW
AXS,1785728700000,-1,27.13782542113345,0,0.0016350588522589,LOW
MEME,1785728700000,-1,57.72874493927273,0,0.0028768512813903,LOW
WLFI,1785729600000,-1,40.33576110706521,0,0.0021285169788178,MID
BANANA,1785729600000,-1,12.960490258078364,0,0.0059938444645043,MID
BANANA,1785731400000,-1,82.68824065633547,0,0.0059868186128821,MID
CC,1785731400000,-1,-25.538141470181188,0,0.0018791421130525,HIGH
TNSR,1785732300000,1,130.11148086522496,0,0.0024023850261272,LOW
WLFI,1785732300000,-1,43.55748480035023,0,0.0020990601487985,MID
KAS,1785732300000,-1,20.35216572504692,0,0.0018743396435712,LOW
CHIP,1785734100000,-1,46.6378875417042,0,0.0028843793418885,MID
HMSTR,1785734100000,1,170.41040462427696,0,0.0049726283435854,LOW
HMSTR,1785735000000,1,167.45454545454498,0,0.0052626422965847,LOW
RUNE,1785735000000,-1,14.140898183065442,0,0.001318339365552,LOW
MORPHO,1785736800000,-1,13.711928138708323,0,0.0021652132421143,HIGH
kPEPE,1785737700000,-1,25.12939521800197,0,0.002737134418265,HIGH
kSHIB,1785737700000,-1,21.82416218452597,0,0.0035719391709864,MID
JUP,1785738600000,-1,18.92295646727235,0,0.0020776134477232,HIGH
MEGA,1785738600000,-1,166.0503432494283,0,0.0031663079036479,MID
SOPH,1785738600000,-1,174.7777777777787,0,0.0026344882473817,LOW
MON,1785738600000,-1,37.25999223903752,0,0.0020034533886418,HIGH
BCH,1785738600000,-1,9.863881080566498,0,0.0017186452935408,MID
ORDI,1785738600000,-1,28.34705250631336,0,0.0045331637959484,LOW
ETH,1785738600000,-1,23.52663490688536,0,0.0016787718121101,HIGH
XLM,1785738600000,-1,19.883295194508097,0,0.0016998027713301,MID
SOL,1785738600000,-1,22.369162679755338,0,0.0013621497615276,HIGH
CFX,1785738600000,-1,-33.87995720572742,0,0.0025810973769174,LOW
DOGE,1785738600000,-1,35.6050330591614,0,0.0016796181273777,HIGH
CC,1785738600000,-1,8.28766171746159,0,0.0017903628574188,HIGH
CFX,1785739500000,-1,1.64445476545459,0,0.0026253303938366,LOW
ONDO,1785739500000,-1,132.79234972677676,0,0.0034342030552239,HIGH
WLD,1785739500000,-1,145.25581395348962,1,0.0041201845884007,HIGH
DOGE,1785739500000,-1,11.268830532415016,0,0.0016799865250013,HIGH
GOAT,1785739500000,-1,100.1167622887265,0,0.0031036712025441,LOW
2Z,1785739500000,-1,57.36774479397448,0,0.0019988942490153,MID
JUP,1785740400000,-1,30.516627389369027,0,0.0020833290133292,HIGH
TAO,1785740400000,-1,35.63047044504365,0,0.0018286585778687,HIGH
WLD,1785740400000,-1,40.11322895393685,1,0.0040962878528835,HIGH
DOGE,1785740400000,-1,32.73857306150958,0,0.0017226429097203,HIGH
TNSR,1785741300000,-1,10.58234295415904,0,0.0027638485650883,LOW
INIT,1785741300000,-1,13.279684988096228,0,0.0023930753998175,LOW
MEME,1785741300000,-1,78.30081300812985,0,0.0027564601044256,LOW
ACE,1785741300000,1,210.9800285306707,0,0.0052917592169066,HIGH
KAS,1785741300000,-1,-34.88218772535669,0,0.0019843081695413,LOW
GRASS,1785741300000,-1,34.878787878786554,0,0.004316358034946,HIGH
BABY,1785742200000,-1,24.00689141367224,0,0.0039818882305973,LOW
ACE,1785742200000,1,109.35955056179708,0,0.0054978057258946,HIGH
UNI,1785742200000,-1,97.7208452651327,0,0.0042393243385094,HIGH
LTC,1785743100000,-1,55.69422349128659,0,0.0012460900652234,HIGH
MON,1785744000000,-1,15.01187810339735,0,0.0020183114272358,HIGH
RENDER,1785744000000,-1,43.62177162732164,0,0.001545234200757,MID
AVNT,1785744000000,-1,40.57298474945497,0,0.0022213732456928,MID
COMP,1785744000000,-1,25.141441331212143,0,0.0014232429780125,LOW
XLM,1785744000000,-1,8.75364362952549,0,0.0016262478295796,MID
TNSR,1785744000000,-1,3.793478260869288,0,0.002720514062837,LOW
BLUR,1785744900000,-1,18.19728090051861,0,0.0022562628745184,LOW
TNSR,1785744900000,-1,41.32321854756278,0,0.002729567790417,LOW
PENGU,1785744900000,-1,38.555851063830985,0,0.0029195810237785,HIGH
BERA,1785744900000,-1,157.58882569421297,0,0.0021779177560673,LOW
SUI,1785744900000,-1,66.88891341131512,0,0.0015865636077819,HIGH
BIO,1785744900000,-1,79.76623137759776,0,0.0021812826197141,MID
MERL,1785744900000,-1,21.119910411759545,0,0.0028414349199566,MID
KAS,1785744900000,-1,35.78946155618726,0,0.0021807523606046,LOW
FOGO,1785744900000,-1,38.41795590205999,0,0.00504094781521,MID
W,1785744900000,-1,59.57822277847271,0,0.0025734738804008,MID
BABY,1785744900000,-1,33.50318232871499,0,0.0039869195367919,LOW
SKY,1785744900000,-1,9.28257139244597,0,0.002007773963838,MID
GRAM,1785744900000,-1,19.96376031575236,0,0.0017538007481969,HIGH
BSV,1785744900000,-1,30.65924026286249,0,0.0019783223845875,LOW
kBONK,1785744900000,-1,32.59985760056969,0,0.0025750987009588,HIGH
HBAR,1785744900000,-1,25.54978733321705,0,0.0014492343838735,MID
SOL,1785744900000,-1,54.4864268158909,0,0.0015086589314315,HIGH
ALT,1785744900000,-1,21.862369028591942,0,0.0020485251166228,MID
ETC,1785744900000,-1,68.63654850487589,0,0.0013989475601321,LOW
2Z,1785744900000,-1,101.73249497730504,0,0.0020778481868802,MID
APE,1785744900000,-1,27.039282138180813,0,0.0024675369154321,LOW
AERO,1785744900000,-1,31.896849019808386,0,0.0028941620663067,HIGH
FIL,1785744900000,-1,28.843527979846225,0,0.0022335259602184,MID
KAS,1785745800000,-1,16.208605455243166,0,0.002178310454798,LOW
UMA,1785745800000,-1,25.63790943261025,0,0.0015467387512676,LOW
TNSR,1785745800000,-1,7.235414534289406,0,0.0027206004164389,LOW
HBAR,1785745800000,-1,35.96047044403312,0,0.0014450217357064,MID
APEX,1785746700000,1,19.44265900623908,0,0.0022510981330891,MID
BLUR,1785749400000,-1,35.2803297997644,0,0.0024455641704809,LOW
APEX,1785749400000,1,71.12368832328745,0,0.002233711845931,MID
APEX,1785750300000,1,105.66684336072046,0,0.0024742621415206,MID
S,1785750300000,1,4.937207866655196,0,0.003505168696082,LOW
DOT,1785750300000,1,-294.93542373513304,0,0.002144298135658,HIGH
APEX,1785751200000,1,121.80705622932742,0,0.0024745155583249,MID
ENA,1785751200000,1,84.021656275473,1,0.0043633197011365,HIGH
AR,1785751200000,1,-353.53885422575206,0,0.0015366901066142,LOW
CASHCAT,1785752100000,1,330.43227466112575,1,0.0112389989943272,HIGH
APEX,1785752100000,1,58.30402417130029,0,0.0025707126318244,MID
CHIP,1785752100000,-1,20.391332895599977,0,0.0031754156134629,MID
BABY,1785753000000,-1,42.9059396664797,0,0.0038321852513283,LOW
kBONK,1785753000000,-1,7.691375623663452,0,0.0025324965486079,HIGH
ETHFI,1785753000000,-1,30.241981323589968,0,0.0026793121266044,MID
LAYER,1785753900000,-1,17.25760926448032,0,0.0021725654165358,LOW
MORPHO,1785753900000,-1,33.83822755499483,0,0.0021909039879683,HIGH
MON,1785754800000,-1,20.97260273972624,0,0.0019745079476254,HIGH
TNSR,1785754800000,-1,51.83207676490761,0,0.0027009371124063,LOW
ETHFI,1785755700000,-1,9.262415695891592,0,0.0027204847333949,MID
WLFI,1785755700000,-1,6.908984145625089,0,0.002165318385324,MID
S,1785756600000,1,56.52122344354096,0,0.0036858867152854,LOW
MON,1785757500000,-1,24.406646111682328,0,0.0019537109470126,HIGH
DOT,1785758400000,1,-169.38030136342883,0,0.0021861148850878,HIGH
GOAT,1785758400000,1,69.42048678512758,0,0.0036432050119578,LOW
MANTA,1785759300000,-1,49.816901408449766,0,0.0023208097526758,LOW
DOT,1785759300000,1,-131.1877122568701,0,0.0021874538541742,HIGH
DOT,1785760200000,1,-113.80025142659872,0,0.0021950733506228,HIGH
AIXBT,1785760200000,-1,45.87983706721021,0,0.0027568207965303,MID
DOT,1785761100000,1,-104.560290664077,0,0.0022043081328481,HIGH
IOTA,1785761100000,1,52.344070278184965,0,0.0031098181627951,LOW
DOT,1785762000000,1,-59.39466457434347,0,0.0022162358363919,HIGH
GAS,1785762900000,1,-1.821929251497291,0,0.0024458836459908,LOW
TRUMP,1785762900000,1,-137.9592381996304,0,0.0020234081975184,MID
ZETA,1785762900000,1,-20.313019390582213,0,0.003257839286905,MID
DOT,1785762900000,1,-48.64928169512721,0,0.0022323018386346,HIGH
BIGTIME,1785763800000,1,12.867418899859532,0,0.0032629492545246,LOW
DOT,1785763800000,1,85.68560890981048,0,0.0023085310788289,HIGH
DYM,1785763800000,1,93.0118168389955,0,0.0026777144299102,MID
ZETA,1785763800000,1,45.209366391185,0,0.0033022989583624,MID
SUI,1785764700000,1,20.83584854184907,0,0.0019054992852114,HIGH
2Z,1785764700000,1,49.283836774159,0,0.0027269916886336,MID
FIL,1785764700000,1,26.9335117389026,0,0.0022127141013211,MID
SNX,1785764700000,1,106.38215102974844,1,0.0039882439074804,MID
DOT,1785764700000,1,42.71677370197025,0,0.0023192143717428,HIGH
TIA,1785764700000,1,-194.53527965949127,0,0.0021493653483896,MID
ADA,1785764700000,1,157.86755409364207,1,0.0042234415059774,HIGH
XAI,1785764700000,1,29.67973856209017,0,0.0020065563250084,LOW
BIGTIME,1785764700000,1,11.091949973576408,0,0.0032613501947369,LOW
LIT,1785764700000,1,123.17551155427412,1,0.0051490961438221,HIGH
ALT,1785764700000,1,29.83221012614468,0,0.0023721726227986,MID
ENA,1785764700000,1,26.06725449515964,1,0.0047102283255171,HIGH
SEI,1785764700000,1,28.67594547897873,0,0.0017567211201839,MID
NEAR,1785764700000,1,-98.80423616321448,0,0.0028039006506886,HIGH
ATOM,1785764700000,1,-613.3322748044302,0,0.0021899086174542,MID
NEAR,1785765600000,1,2.74811749152217,0,0.0028272833885013,HIGH
SNX,1785765600000,1,81.36521975779021,1,0.0040342986057195,MID
ZETA,1785765600000,1,27.69577080491126,0,0.0033675773588217,MID
ENA,1785765600000,1,83.75886797285122,1,0.004865166759996,HIGH
BERA,1785766500000,1,-126.90392680137292,0,0.0034562149851428,LOW
BIGTIME,1785766500000,1,79.31173380035055,0,0.0033398711543167,LOW
SPX,1785766500000,1,55.451769872117374,1,0.0036370146099156,HIGH
W,1785767400000,1,69.72727272727397,0,0.0025842303749816,MID
POPCAT,1785767400000,1,49.32596648488753,0,0.0030132201860072,MID
HYPE,1785767400000,1,18.12754364505676,1,0.0035674268523244,HIGH
SPX,1785767400000,1,126.03605939193952,1,0.003698154035864,HIGH
BTC,1785768300000,1,20.30309665311229,0,0.0016399055185896,HIGH
HYPE,1785768300000,1,13.80548117232102,1,0.0035752726206816,HIGH
AAVE,1785768300000,1,36.03875075997564,0,0.0024337281351504,HIGH
ATOM,1785768300000,1,-292.7671243267846,0,0.002614414630434,MID
ATOM,1785769200000,1,-197.9713941583863,0,0.0026940413468545,MID
BNB,1785769200000,1,3.087765282827659,0,0.0015142565302326,HIGH
BNB,1785770100000,1,-0.4649315531503983,0,0.0015150303877552,HIGH
ATOM,1785770100000,1,-112.06102935683832,0,0.002788523563183,MID
TRUMP,1785770100000,1,33.63003663003561,0,0.0020900309866688,MID
WLD,1785770100000,1,4.754823500216281,0,0.0042836824095566,HIGH
UNI,1785771000000,-1,-98.71686089318828,1,0.0047445858910091,HIGH
MEGA,1785771000000,1,152.3559013851003,1,0.003953914512947,MID
ALT,1785771000000,1,5.544087491457047,0,0.0024691958480358,MID
ALGO,1785771000000,1,-174.93722711734506,0,0.0045014479332543,HIGH
SOPH,1785771000000,1,72.16913054372249,0,0.003345810949723,LOW
BNB,1785771000000,1,-0.806092312885065,0,0.0015135509974403,HIGH
ATOM,1785771900000,1,30.45227475468294,0,0.0028307366492076,MID
NEO,1785771900000,1,35.155802861685714,0,0.0020991719116243,LOW
PURR,1785771900000,1,74.47699901591875,1,0.0060498573594048,MID
TRUMP,1785772800000,1,78.64904296613564,0,0.0022187326048607,MID
NEO,1785772800000,1,81.39708830045372,0,0.0021437966113083,LOW
HBAR,1785772800000,1,89.879256965943,0,0.0017481595481956,MID
TIA,1785772800000,1,126.97300786292658,0,0.0025996296767919,MID
APT,1785772800000,1,7.509721492379295,0,0.0024880305374227,MID
WCT,1785772800000,1,31.902080274784936,0,0.0025142380486263,LOW
MON,1785773700000,1,-104.8764215314632,0,0.0022852440023276,HIGH
ICP,1785774600000,1,8.399800503492042,0,0.0018604498709654,HIGH
MON,1785775500000,1,-29.958002270148267,0,0.0022810529296699,HIGH
W,1785775500000,1,33.05769230769084,0,0.0025785551010538,MID
CC,1785775500000,-1,38.28964244926629,0,0.0014632080270527,HIGH
ICP,1785775500000,1,39.100283822136646,0,0.0018553572476411,HIGH
PURR,1785776400000,1,131.27267682061984,1,0.0055287378880402,MID
AR,1785776400000,1,13.58374792703091,0,0.0018625708280259,LOW
VVV,1785777300000,1,-119.59637806995784,1,0.004159050088634,HIGH
VVV,1785778200000,1,-66.33739342265626,1,0.0045401768647539,HIGH
MON,1785779100000,1,4.940585734971112,0,0.0023724522185471,HIGH
ATOM,1785779100000,1,68.61314138058354,0,0.0029773860335862,MID
CASHCAT,1785779100000,1,93.96900421024604,1,0.0157979169937408,HIGH
AR,1785780000000,1,27.14028934677805,0,0.0019484004917811,LOW
BCH,1785780000000,1,46.76281276160457,0,0.0018592166511288,MID
TNSR,1785780000000,1,33.569148936169874,0,0.003093718625615,LOW
APT,1785780000000,1,30.06072733600162,0,0.0025160807062935,MID
STABLE,1785780000000,-1,89.36292428198385,0,0.0031035003817499,LOW
MINA,1785780000000,1,84.06137706499462,0,0.0021630945206705,LOW
FARTCOIN,1785780900000,1,26.576823904140863,1,0.0037359021552654,HIGH
CASHCAT,1785780900000,1,-493.002547121752,1,0.0247797309746674,HIGH
PUMP,1785780900000,1,90.9177101967808,1,0.0061521938577706,HIGH
ALGO,1785781800000,1,86.44504896626654,0,0.0051020116294546,HIGH
VVV,1785782700000,1,114.1688187470112,1,0.0046979168857064,HIGH
VVV,1785783600000,1,54.201874950344944,1,0.0047054704618747,HIGH
ATOM,1785784500000,1,145.83317679358552,0,0.0037165952585841,MID
W,1785784500000,1,44.73269689737482,0,0.0026675184429573,MID
STABLE,1785785400000,-1,27.44588489491237,0,0.0031947401665457,LOW
JTO,1785788100000,1,84.07589723475189,0,0.0032894455997411,HIGH
TNSR,1785789900000,1,43.28099173553645,0,0.0031752278244934,LOW
ZRO,1785792600000,1,87.38165528673392,1,0.0038416749624477,HIGH
BERA,1785792600000,1,143.76740153579456,0,0.0039008133354943,LOW
BLUR,1785799800000,-1,144.53238972515484,0,0.0023549976770176,LOW
MEME,1785801600000,1,36.68253968254064,0,0.002515706905721,LOW
BABY,1785801600000,-1,86.13332069030943,0,0.0031262419888644,LOW
TNSR,1785801600000,1,49.857614800131145,0,0.0033738179691401,LOW
OP,1785801600000,1,43.32244944074201,0,0.0028257928955122,MID
ARB,1785801600000,1,83.75744065550047,0,0.002558189057246,HIGH
AVAX,1785801600000,1,26.079893979552686,0,0.0021909415073554,HIGH
VINE,1785802500000,-1,0.562522265763604,0,0.0026323279496514,HIGH
HYPER,1785802500000,-1,-198.93613933236605,1,0.0051463646713394,MID
WLD,1785802500000,1,85.16506459315477,1,0.0041279732683414,HIGH
MOODENG,1785803400000,1,26.3726446464204,0,0.0018932785163101,MID
ASTER,1785803400000,1,-73.02939913454269,0,0.0011424258132428,HIGH
CFX,1785803400000,-1,49.697551866157895,0,0.0042146566081187,LOW
GRAM,1785804300000,-1,702.9635137206812,0,0.0078655028827819,HIGH
CFX,1785804300000,-1,54.47721623860812,0,0.004369182647378,LOW
HYPER,1785805200000,-1,38.7101147028163,1,0.0044602320202852,MID
POL,1785805200000,-1,15.271413542992253,0,0.0020146648261057,HIGH
TNSR,1785807000000,1,26.67359050445097,0,0.0035764098174024,LOW
MOODENG,1785807000000,1,55.643759808374746,0,0.0020153263325333,MID
DOT,1785807000000,1,53.81682256405388,0,0.0029004424130413,HIGH
AVAX,1785807000000,1,134.95409283191114,1,0.0042313085117032,HIGH
MEME,1785807000000,1,36.60396039604057,0,0.0025026303093393,LOW
ARB,1785807900000,1,58.01938262742242,0,0.0029234487590944,HIGH
POPCAT,1785807900000,1,127.2670365874814,0,0.0032890616594415,MID
WLD,1785807900000,1,88.48465662960899,1,0.0044538312391182,HIGH
AERO,1785808800000,1,83.6897189889448,0,0.0031120736302363,HIGH
ARB,1785808800000,1,46.00203179156134,0,0.0029180596192269,HIGH
OP,1785809700000,1,35.01856200380109,0,0.0029597448454409,MID
DOT,1785810600000,1,76.2947377128608,0,0.0030286216539284,HIGH
TNSR,1785810600000,1,29.69042170643982,0,0.0036588123973159,LOW
FARTCOIN,1785811500000,1,68.96401799100364,1,0.0042723332026793,HIGH
IO,1785811500000,-1,-113.87181941453316,0,0.0035598157504515,MID
TNSR,1785811500000,1,74.99805004874786,0,0.0037009516093565,LOW
SPX,1785812400000,-1,32.86241307262869,1,0.0038293434404718,HIGH
ADA,1785814200000,1,96.51259138911402,1,0.0051093961742338,HIGH
JTO,1785815100000,1,68.8655919199774,1,0.0039368048637783,HIGH
UNI,1785815100000,-1,85.5419395400006,0,0.0047549376244992,HIGH
BOME,1785816000000,-1,31.42340791738279,0,0.0055712285319037,HIGH
MOVE,1785816900000,1,139.33954451345735,0,0.0043172639700762,MID
HEMI,1785817800000,1,94.27215056037224,1,0.0046058872815418,MID
CRV,1785818700000,1,42.76989786085982,0,0.0022164615393297,HIGH
GRIFFAIN,1785819600000,1,114.23737666859974,1,0.0034702760138269,MID
VINE,1785821400000,-1,81.71542775325128,0,0.0030482358951806,HIGH
CASHCAT,1785823200000,1,397.0269741722296,1,0.0275464596484991,HIGH
CC,1785825000000,-1,-137.91922598970297,0,0.0023019861924828,HIGH
CC,1785825900000,-1,154.96201607012372,0,0.0036725264003467,HIGH
CC,1785826800000,-1,99.29471938070222,1,0.0037780859766984,HIGH
SKR,1785827700000,-1,67.73954983922792,1,0.0043993689453149,MID
kLUNC,1785828600000,1,39.933669450134495,0,0.00303616828906,LOW
PURR,1785828600000,1,68.78860546815308,1,0.0044804852040312,MID
kLUNC,1785829500000,1,54.61931918743026,0,0.0030381387185017,LOW
POL,1785829500000,1,45.92776751896973,0,0.0022238363697871,HIGH
TURBO,1785830400000,1,-89.41975308642053,0,0.0032468086477296,LOW
POL,1785830400000,1,1.3054733329751151,0,0.0022221485732409,HIGH
COMP,1785830400000,1,36.01794825619649,0,0.0018870244742814,LOW
BSV,1785830400000,1,-32.627319507251094,0,0.0018726898201523,LOW
COMP,1785831300000,1,75.06447768309413,0,0.0020200723095327,LOW
TURBO,1785831300000,1,70.43941248470058,0,0.0033239554063713,LOW
ASTER,1785832200000,1,4.380679022471075,0,0.0010831636060145,HIGH
TRX,1785833100000,1,17.301184740781263,0,0.0006570105722037,HIGH
LDO,1785833100000,-1,-1225.8883518001192,0,0.003653896768273,HIGH
PURR,1785833100000,1,494.6317174434249,1,0.0061726022284566,MID
ETHFI,1785834000000,-1,36.38933655999732,0,0.0031612537403913,MID
CAKE,1785834900000,-1,-24.076296192215057,0,0.0015872848021687,MID
GRASS,1785834900000,-1,15.153701337994516,0,0.0040658845256865,HIGH
0G,1785834900000,1,130.55592654424075,0,0.0035993977599139,MID
MET,1785834900000,1,76.94629561821101,0,0.0025771854866198,MID
KAS,1785836700000,1,79.57018465695894,0,0.0024432951469269,LOW
APEX,1785837600000,-1,18.48473212653128,0,0.002594585592087,MID
LDO,1785838500000,-1,-728.488909305682,1,0.0055450303389371,HIGH
RENDER,1785838500000,-1,30.3803130331574,0,0.0020123397037444,MID
XLM,1785838500000,-1,49.40226095148386,0,0.0018459058853771,MID
ETHFI,1785839400000,-1,-371.1273636051105,0,0.0036743090691949,MID
COMP,1785840300000,1,74.71105616390054,0,0.0022233862196164,LOW
LDO,1785840300000,-1,23.545442479343244,1,0.0055798644170177,HIGH
GRIFFAIN,1785840300000,1,57.00226423638737,1,0.0046440139714619,MID
SKR,1785842100000,1,-734.2696276357109,0,0.0054742237838194,MID
ZRO,1785843000000,1,-604.5145580362964,1,0.0042873651090764,HIGH
SKR,1785843900000,1,-420.08760282869,0,0.0071742122528296,MID
PAXG,1785843900000,1,23.53236703107771,0,0.0008731707253312,HIGH
CELO,1785844800000,-1,12.626038965356216,0,0.001923648396687,LOW
ACE,1785845700000,1,85.23529411764754,0,0.0042629246347098,HIGH
GRIFFAIN,1785845700000,1,63.3219424460432,1,0.0049225250609479,MID
ETH,1785846600000,1,13.512197720252136,0,0.001907048375701,HIGH
IMX,1785846600000,-1,109.14266017097148,0,0.0028434201595123,MID
LDO,1785846600000,-1,60.150822976150245,0,0.0057037814498538,HIGH
MELANIA,1785846600000,-1,22.12895119693289,0,0.0021706387770277,LOW
MNT,1785846600000,1,22.26389514232855,0,0.0015263725426761,MID
SKR,1785847500000,1,122.97562645488048,1,0.0080915494834577,MID
LDO,1785847500000,-1,62.03352764767473,0,0.0057065199637089,HIGH
POL,1785847500000,1,109.06644129156032,0,0.0030119051190968,HIGH
kBONK,1785847500000,-1,32.842293906810134,0,0.0027820335717078,HIGH
CELO,1785847500000,-1,17.700131879872313,0,0.0018690887589434,LOW
BIGTIME,1785848400000,-1,11.595876664842535,0,0.0023797393344481,LOW
GRIFFAIN,1785848400000,1,28.31290539029328,1,0.0048833153422326,MID
SKR,1785848400000,1,279.9807303597888,0,0.0082259353181347,MID
GALA,1785851100000,-1,47.90497737556501,0,0.0024448012733213,LOW
FIL,1785851100000,-1,13.7567872028842,0,0.001914095445979,MID
PYTH,1785851100000,-1,24.893639207508585,0,0.0023340406897386,MID
JUP,1785851100000,-1,29.154340836012835,0,0.0021213296305215,HIGH
SEI,1785851100000,-1,27.606296152349923,0,0.0019427442346368,MID
KAITO,1785851100000,-1,132.18276391336428,0,0.0074281751167426,HIGH
RENDER,1785851100000,-1,17.817843866172016,0,0.0020268193091372,MID
CRV,1785851100000,-1,29.565253860957306,0,0.002274565307245,HIGH
SEI,1785852000000,-1,21.587370368566365,0,0.0019290517695591,MID
JUP,1785852000000,-1,115.86993603411564,0,0.0023942832856999,HIGH
RENDER,1785852000000,-1,31.295086856036377,0,0.0020438843205979,MID
YGG,1785852000000,-1,37.01333777925928,0,0.0022852500864597,LOW
VIRTUAL,1785852000000,-1,5.984403076258623,0,0.0024490114571486,HIGH
STX,1785852000000,-1,-97.08305769937546,0,0.0021557634403799,LOW
kBONK,1785852000000,-1,65.46846846846817,0,0.0027101272920241,HIGH
ORDI,1785852900000,-1,50.14123760037729,0,0.0029557378700971,LOW
LDO,1785852900000,-1,-209.3508661856454,0,0.0071317287711931,HIGH
BIGTIME,1785852900000,-1,43.048996131884046,0,0.0021138720789282,LOW
AIXBT,1785852900000,-1,33.73683596711211,0,0.0023745379477144,MID
XMR,1785852900000,-1,94.61811792268644,0,0.0018377659138705,HIGH
BIO,1785852900000,-1,18.478841056577053,0,0.0024294146519369,MID
kLUNC,1785852900000,-1,25.01233348783786,0,0.002710121634398,LOW
ETHFI,1785852900000,-1,-221.1294651346002,0,0.0040099062665159,MID
BNB,1785853800000,1,2.5519103618843006,0,0.0013561912691486,HIGH
LDO,1785853800000,-1,-48.68312203413886,0,0.0072657828062993,HIGH
MORPHO,1785853800000,-1,13.484100818886954,0,0.002571621077951,HIGH
MORPHO,1785854700000,-1,71.75529740776608,0,0.0028096247578974,HIGH
ETHFI,1785855600000,-1,72.102852251705,0,0.0041367232159199,MID
AAVE,1785856500000,-1,80.86608157173725,0,0.0026512592269409,HIGH
ICP,1785856500000,-1,43.677253260189794,0,0.0022443750576765,HIGH
GRASS,1785856500000,-1,32.636709204452735,0,0.0038612910370314,HIGH
PENDLE,1785856500000,-1,84.0609426598623,0,0.0029911372069883,MID
RENDER,1785856500000,-1,11.967819188744212,0,0.0019638837588706,MID
PROVE,1785856500000,-1,31.855769230769063,0,0.0016126127370912,LOW
ZEC,1785858300000,1,90.48044132397244,0,0.0027834597796272,HIGH
TRX,1785858300000,-1,33.239607759540284,0,0.0006877858510455,HIGH
BRETT,1785860100000,1,78.38101109740859,0,0.003644370741566,LOW
TURBO,1785860100000,1,-99.61835748792376,0,0.0037096847501796,LOW
INIT,1785860100000,-1,4.686861535350118,0,0.002313517096441,LOW
INIT,1785861000000,-1,25.17529492844696,0,0.0023194138230074,LOW
INIT,1785861900000,-1,49.076976280564566,0,0.0023373265342143,LOW
ANIME,1785861900000,-1,9.568077084207786,0,0.0020729605467292,LOW
WLD,1785861900000,-1,89.84028324154237,0,0.0044959858149587,HIGH
LTC,1785862800000,1,16.473978735309725,0,0.0015927100194122,HIGH
PAXG,1785862800000,1,25.590279305036955,0,0.0010169089622944,HIGH
TAO,1785863700000,1,22.26554604516908,0,0.0025872048606397,HIGH
ZORA,1785864600000,1,88.40446475654767,0,0.0027180928547537,LOW
TAO,1785866400000,1,-188.53636410230004,0,0.0026950706693507,HIGH
TAO,1785867300000,1,-152.5943204868163,0,0.0028535030193844,HIGH
PUMP,1785867300000,1,-516.816925734025,1,0.0058454865162368,HIGH
ZEC,1785867300000,1,11.885382554331644,0,0.0030074334161076,HIGH
ZEC,1785868200000,1,58.43695304320256,0,0.0030366851792282,HIGH
BIO,1785869100000,1,-748.5216016859844,0,0.0031850981404475,MID
BIO,1785870000000,1,-602.9480564453287,1,0.0034753875117729,MID
CHIP,1785870000000,1,88.9719407638348,1,0.0034997088551699,MID
TAO,1785870000000,1,90.60764879611575,0,0.0032402310504268,HIGH
PUMP,1785871800000,1,-187.0234211626943,1,0.0058863373600323,HIGH
BRETT,1785871800000,1,94.99235181644416,0,0.0043880874962239,LOW
XPL,1785871800000,1,74.55874027342317,0,0.0033080015448066,HIGH
FARTCOIN,1785871800000,1,167.7779886148014,1,0.0047135533776669,HIGH
XMR,1785872700000,-1,9.667848999239608,0,0.0020875164542575,HIGH
BIO,1785872700000,1,136.86313088109534,1,0.0036369920106647,MID
XMR,1785873600000,-1,37.91999435586253,0,0.0020880781935848,HIGH
PUMP,1785873600000,1,198.20724346076327,1,0.0067278090622177,HIGH
NOT,1785874500000,1,54.14285714285699,0,0.003136492259034,LOW
VVV,1785874500000,-1,-143.1553529213092,0,0.004016453743768,HIGH
BANANA,1785874500000,-1,45.30635008929278,0,0.0044151727475391,MID
ONDO,1785875400000,1,76.0336223303022,1,0.0039013586635066,HIGH
APE,1785875400000,-1,59.11180124223642,0,0.0024959902080719,LOW
MOODENG,1785875400000,1,60.20109439124544,0,0.0023020333788615,MID
SOL,1785875400000,1,17.02822770347482,0,0.0020318746029487,HIGH
BIO,1785875400000,1,123.24250304072442,0,0.0041352183355105,MID
STRK,1785875400000,1,35.71467286101409,1,0.0039468613368925,MID
PUMP,1785875400000,1,152.3784860557768,1,0.0068907173395642,HIGH
LTC,1785875400000,1,5.247882300490199,0,0.0016509259515203,HIGH
PUMP,1785876300000,1,84.09422011084673,1,0.0069076638080194,HIGH
NOT,1785876300000,1,53.65722379603383,0,0.0031854822720101,LOW
STRK,1785876300000,1,77.98727342846196,1,0.003961209812131,MID
DOT,1785877200000,1,39.25934014047001,0,0.0029009234176862,HIGH
VINE,1785877200000,-1,188.96988707653747,0,0.0048340747709864,HIGH
NOT,1785878100000,1,109.35955056179743,0,0.0033965193053964,LOW
NOT,1785879000000,1,135.88888888888926,0,0.0035311609848777,LOW
TURBO,1785879900000,1,149.58215962441304,0,0.0041297166778118,LOW
DOT,1785879900000,1,90.09960719938964,0,0.0031125544247018,HIGH
XMR,1785880800000,-1,34.63866877971429,0,0.0021192196585987,HIGH
XAI,1785881700000,1,61.82982171799044,0,0.0023881920976011,LOW
DOT,1785881700000,1,30.411835678735848,0,0.0031930474623892,HIGH
DOT,1785882600000,1,17.225835904904237,0,0.0032052613684022,HIGH
ZEC,1785883500000,1,37.24500373002496,0,0.0031656289502539,HIGH
CASHCAT,1785884400000,1,-1326.0972385847251,1,0.0238648799477526,HIGH
LTC,1785884400000,1,24.98072438986425,0,0.0016192393089625,HIGH
VVV,1785885300000,-1,80.98320335932725,0,0.0039787734955588,HIGH
CASHCAT,1785885300000,1,108.70259184920248,1,0.024129951496859,HIGH
MEME,1785887100000,-1,37.56795131845941,0,0.0022830156896026,LOW
BABY,1785888000000,-1,55.37143691020458,0,0.0037205756073723,LOW
PENGU,1785888000000,-1,36.90024937655813,0,0.0030240068145404,HIGH
ETHFI,1785888000000,-1,110.2525332803495,1,0.0041074442587314,MID
STBL,1785888000000,-1,280.1435759669103,0,0.0049203760064552,MID
ORDI,1785888000000,-1,25.57823291259773,0,0.0032640590338732,LOW
VVV,1785888000000,-1,21.075666380050468,0,0.0038438075702618,HIGH
XLM,1785888000000,-1,-101.73899595526971,0,0.002002357218692,MID
WLFI,1785888000000,1,93.69794427333264,0,0.0025461048487699,MID
INJ,1785888000000,-1,73.37527092579198,0,0.0023781338109873,HIGH
S,1785888900000,-1,37.95593861109898,0,0.0031085570383225,LOW
CASHCAT,1785888900000,1,242.7331357269209,1,0.0248271228786509,HIGH
RSR,1785888900000,-1,29.520325203252824,0,0.0024137163877847,LOW
VIRTUAL,1785888900000,-1,10.397787554540995,0,0.0026625843794898,HIGH
CASHCAT,1785889800000,1,490.6517181129868,1,0.0249324705579293,HIGH
HYPER,1785889800000,-1,133.7905623224774,1,0.0072796894510248,MID
SKR,1785889800000,1,-56.98575694923061,1,0.0249718646254954,MID
VIRTUAL,1785889800000,-1,13.701764577736402,0,0.0026615646600711,HIGH
XLM,1785889800000,-1,60.5339247182933,0,0.0020809045613915,MID
ZK,1785890700000,-1,119.9137016431616,0,0.0031050903222341,LOW
PROVE,1785890700000,-1,15.698353338561116,0,0.0017633224342828,LOW
STX,1785890700000,-1,70.27102803738174,0,0.0024327586969965,LOW
RENDER,1785891600000,-1,19.510692578975867,0,0.0020999541690228,MID
MOODENG,1785891600000,1,-26.58810292004548,0,0.0030553033487746,MID
BIO,1785892500000,1,64.39785666443318,1,0.0048896069451569,MID
ZORA,1785893400000,1,100.7591427113445,0,0.0047740565271147,LOW
IOTA,1785893400000,1,61.02655916528364,0,0.0024937881710822,LOW
MOODENG,1785893400000,1,66.01922870340539,0,0.0030491366548137,MID
SKR,1785893400000,1,114.96127309147391,0,0.0253766877102155,MID
BNB,1785894300000,1,9.598634042835204,0,0.0014701107614454,HIGH
AXS,1785894300000,1,-73.18967925226501,0,0.001928259729048,LOW
ZORA,1785894300000,1,114.20740614914152,0,0.0047702957727638,LOW
ZEC,1785895200000,1,81.72270801756662,0,0.0032307542363041,HIGH
PENDLE,1785895200000,1,-28.36415682295861,1,0.0037357794218422,MID
HYPER,1785895200000,-1,-152.06788726960303,1,0.007316395464043,MID
MORPHO,1785896100000,-1,66.9376524803465,0,0.0031625586055471,HIGH
AXS,1785896100000,1,15.144300555002506,0,0.0020492980679586,LOW
ONDO,1785897000000,1,11.5122562600595,1,0.00388748189259,HIGH
PAXG,1785897000000,1,-68.03118099536354,0,0.0012049279282158,HIGH
TIA,1785897900000,1,15.150414239292996,0,0.0024019548040738,MID
BIO,1785897900000,1,20.69861894255088,1,0.0051015090941022,MID
PAXG,1785897900000,1,5.489582070002669,0,0.0012015884998669,HIGH
RESOLV,1785897900000,1,-713.171568627451,0,0.003688931827316,LOW
PAXG,1785898800000,1,8.872455902305768,0,0.0012046456303181,HIGH
AXS,1785899700000,1,29.835679863931468,0,0.00212792953313,LOW
NEAR,1785899700000,-1,166.8213338050589,0,0.0027893988455914,HIGH
ENA,1785899700000,-1,20.3167525315318,0,0.0039293684046268,HIGH
BIO,1785900600000,1,112.6843643448614,1,0.0051500583128595,MID
BCH,1785901500000,-1,8.369558008432854,0,0.0019856089616149,MID
MEME,1785901500000,-1,58.22448979591764,0,0.0022121693560065,LOW
RESOLV,1785901500000,1,-727.3315023842599,0,0.0037392818155963,LOW
INIT,1785901500000,1,110.7371626815953,0,0.0031113843412845,LOW
SKR,1785901500000,1,109.77403035413096,0,0.025576860819378,MID
ZORA,1785902400000,1,237.040006667778,0,0.005337711975815,LOW
ZETA,1785902400000,1,34.28813559322,0,0.0030773439062415,MID
DYM,1785902400000,1,40.92386530014716,0,0.0030952589847691,MID
RESOLV,1785902400000,1,-350.8930836247264,0,0.0041509117523867,LOW
GMT,1785902400000,1,82.72273130357654,0,0.0023332487493328,LOW
INIT,1785903300000,1,155.04821150855392,0,0.0032265196897752,LOW
BRETT,1785903300000,1,101.77299185098929,0,0.0053720493866181,LOW
RESOLV,1785903300000,1,-61.88182825161599,0,0.0044523016847278,LOW
TNSR,1785903300000,1,19.712524334847703,0,0.0028263881803139,LOW
BIO,1785903300000,1,311.9982102374409,1,0.005406323814218,MID
USUAL,1785903300000,1,58.65228113440161,0,0.0032002838224276,MID
BIO,1785904200000,1,72.9692973824059,1,0.0054843879537798,MID
CFX,1785905100000,-1,19.985537190084127,0,0.0029282851153243,LOW
HEMI,1785905100000,1,-99.2947456562697,0,0.0031107299345782,MID
MOODENG,1785906000000,1,100.84462940943256,1,0.00353681328928,MID
AERO,1785907800000,1,-46.65249749534846,1,0.0035678769842273,HIGH
PURR,1785907800000,1,2.506288761376318,1,0.0077822749751692,MID
XPL,1785907800000,1,84.35977940715539,1,0.003799360624841,HIGH
ONDO,1785907800000,1,66.69459671104165,1,0.003959974513637,HIGH
BIO,1785907800000,1,122.52951692510992,0,0.0056305385893342,MID
AVNT,1785908700000,1,63.41332102569008,1,0.0034788111932294,MID
APEX,1785909600000,1,119.0598717034934,0,0.0032987200111673,MID
PENDLE,1785910500000,1,138.899600684541,1,0.0040454268725953,MID
VVV,1785910500000,-1,69.70209451272254,0,0.0035872557589697,HIGH
SKR,1785911400000,1,441.26162073220905,0,0.0257413210412147,MID
SKY,1785911400000,1,37.87241464360012,0,0.0029353711393841,MID
AERO,1785911400000,1,61.62416566428371,1,0.0036809416090006,HIGH
0G,1785914100000,-1,46.65457685664912,0,0.0039610160099346,MID
ETC,1785915000000,-1,28.328610892479222,0,0.0016908064405931,LOW
AVNT,1785916800000,1,74.45758275230217,1,0.0036289747796887,MID
PROVE,1785916800000,-1,-76.63861386138593,0,0.003396259463726,LOW
WLFI,1785916800000,-1,21.10755679184018,0,0.0026656462566222,MID
TIA,1785917700000,1,20.31138178215419,0,0.0023137690306464,MID
PURR,1785917700000,1,140.9527012553011,1,0.0077045948820162,MID
ASTER,1785920400000,-1,17.376383274800617,0,0.001049403378347,HIGH
CAKE,1785923100000,-1,68.26060001425219,0,0.0019474989754527,MID
ADA,1785923100000,1,85.41912698815953,0,0.0035124360345437,HIGH
BABY,1785925800000,1,152.13779886840666,0,0.0048640977518808,LOW
CASHCAT,1785927600000,1,235.57142857142924,1,0.0253016580335579,HIGH
VVV,1785928500000,-1,10.29080276448748,0,0.0043783362853216,HIGH
AZTEC,1785928500000,1,20.430843510366405,0,0.0023633278621396,LOW
VVV,1785929400000,-1,103.2405142397998,0,0.0044242898068693,HIGH
KAS,1785930300000,-1,18.17420596727603,0,0.0022869638571854,LOW
PAXG,1785931200000,1,28.50508377488142,0,0.0013865831211845,HIGH
APT,1785931200000,1,34.38953093133888,0,0.0024519767197289,MID
GRASS,1785932100000,1,126.4405750087448,1,0.0042843703151159,HIGH
ETH,1785932100000,1,13.469213196620672,0,0.0018911621187832,HIGH
PAXG,1785932100000,1,23.203577979465926,0,0.0013936873815764,HIGH
ONDO,1785932100000,1,58.72680079547518,1,0.0038888672865512,HIGH
AZTEC,1785932100000,1,63.2905500705221,0,0.0024102022295994,LOW
WLFI,1785933900000,-1,-24.67576052021789,0,0.0027538114496674,MID
WLFI,1785934800000,-1,112.77042009201362,0,0.0028918869668648,MID
APE,1785934800000,1,36.51390442108423,0,0.0023553656739877,LOW
HMSTR,1785934800000,1,-963.4519774011304,0,0.004818158373539,LOW
WLFI,1785935700000,-1,25.53525332123861,0,0.002898733096134,MID
WLD,1785936600000,-1,42.31482713819396,0,0.004477757858308,HIGH
AVAX,1785936600000,-1,45.75825928457476,0,0.0023573734090591,HIGH
SUI,1785936600000,-1,33.03472171566084,0,0.0019755839321819,HIGH
MERL,1785936600000,-1,22.37172527731762,0,0.0021770117076758,MID
ALGO,1785936600000,-1,34.742671819558495,0,0.0031774777597184,HIGH
STX,1785936600000,-1,12.011634016363113,0,0.0027346201959679,LOW
POPCAT,1785936600000,-1,64.6674882366114,0,0.0033488686419306,MID
OP,1785936600000,-1,66.1085003455429,0,0.0025699475748196,MID
XRP,1785936600000,-1,23.45752622129749,0,0.0016806912096539,HIGH
PAXG,1785938400000,1,-52.05097035615227,0,0.0014671106190035,HIGH
INJ,1785938400000,1,136.72216629756377,0,0.0027904692776103,HIGH
CC,1785939300000,-1,-248.5943007124108,0,0.0033358530056551,HIGH
HMSTR,1785940200000,1,108.1111111111123,0,0.0050689273299922,LOW
ETHFI,1785941100000,1,64.6969549855709,1,0.005364286065894,MID
AXS,1785941100000,1,-22.36770811588093,0,0.0028033906473751,LOW
UNI,1785942000000,1,45.67482781279774,1,0.0044032403536008,HIGH
MORPHO,1785942900000,1,43.70690107583263,0,0.0028378895255968,HIGH
ATOM,1785943800000,-1,43.223812719003824,0,0.0023293916029306,MID
CC,1785943800000,-1,-98.40164090822373,1,0.0036272875976343,HIGH
HMSTR,1785943800000,1,215.57923497267845,0,0.0055792854120287,LOW
PURR,1785943800000,1,65.3977020647283,1,0.0045873330633186,MID
ADA,1785944700000,-1,55.74880914576055,0,0.0035722086070913,HIGH
HBAR,1785944700000,-1,54.36332532576334,0,0.0017367851561268,MID
SYRUP,1785945600000,1,75.40474132609094,0,0.0032779802256968,LOW
ETH,1785946500000,1,-87.41044579266685,0,0.0019938173379869,HIGH
HMSTR,1785946500000,1,104.5268817204298,0,0.0057781216578665,LOW
VINE,1785947400000,1,106.0604026845647,1,0.0049978847693474,HIGH
VINE,1785948300000,1,114.3402868318124,1,0.0051191575763617,HIGH
HMSTR,1785948300000,1,209.7659574468079,0,0.0060183342890437,LOW
ZORA,1785948300000,-1,47.17921146953449,0,0.0072816044817985,LOW
SYRUP,1785948300000,1,85.00342235531363,0,0.0033791179297331,LOW
GRAM,1785950100000,1,0.558972168837248,0,0.0019432428510693,HIGH
YGG,1785951000000,1,29.610467960213903,0,0.0025393528758554,LOW
FIL,1785951000000,1,25.087180405061773,0,0.0026412171266836,MID
LTC,1785951000000,1,10.669334391603856,0,0.0017171988444729,HIGH
GRAM,1785951000000,1,4.1058054430461866,0,0.0019502598331284,HIGH
AZTEC,1785952800000,1,34.479178234314425,0,0.0025739315344932,LOW
CC,1785953700000,-1,75.97524800154109,0,0.0033520012998857,HIGH
BCH,1785955500000,1,22.544563652408684,0,0.0022394745508796,MID
FET,1785955500000,-1,-391.56907894736713,0,0.003183312178286,MID
BCH,1785956400000,1,30.413773900129897,0,0.0022309347462777,MID
PENDLE,1785958200000,1,221.1463584945187,1,0.004264787462615,MID
kNEIRO,1785958200000,1,-61.34121728161389,0,0.002452733420602,MID
XPL,1785959100000,-1,-332.64281006985675,1,0.0038855743998245,HIGH
CFX,1785960000000,-1,37.63868278230655,0,0.002354687219886,LOW
BCH,1785960000000,1,0.705247556851655,0,0.0022021795758288,MID
GAS,1785960000000,1,26.864805557636497,0,0.0017590604329191,LOW
GRAM,1785960000000,1,17.52225603283649,0,0.0019205592681906,HIGH
GRAM,1785960900000,1,19.640441488609675,0,0.0019041380562719,HIGH
CC,1785960900000,-1,232.9649985252188,0,0.0039957327753722,HIGH
HMSTR,1785960900000,1,199.02020202020148,0,0.0082103477343378,LOW
HEMI,1785961800000,1,104.5697211155383,1,0.004700208694123,MID
VIRTUAL,1785961800000,1,61.691151919865504,0,0.0028547026719293,HIGH
XPL,1785963600000,-1,120.16910785619112,0,0.0038431874333377,HIGH
FET,1785963600000,-1,-110.39191073919008,0,0.0033463120142745,MID
RENDER,1785964500000,-1,23.39517345399575,0,0.0023076249042908,MID
XPL,1785965400000,-1,14.627028109769263,0,0.0038383864514574,HIGH
XMR,1785966300000,1,62.74998635892467,0,0.0026894752260533,HIGH
APEX,1785966300000,-1,153.5879808144456,0,0.0038547053495981,MID
RENDER,1785966300000,-1,19.66717038156489,0,0.0023050479809669,MID
NXPC,1785969900000,-1,36.86598244200333,0,0.0018297310080977,LOW
CASHCAT,1785969900000,1,1005.9667986105502,1,0.0408923400202476,HIGH
BNB,1785969900000,-1,8.820929800564796,0,0.0018295215532221,HIGH
XLM,1785970800000,-1,-163.24279210925664,0,0.0022084688165128,MID
PENGU,1785971700000,1,92.77015163607368,0,0.0028912084596102,HIGH
S,1785971700000,-1,38.99187548495975,0,0.0025412284816401,LOW
kNEIRO,1785971700000,1,126.68967114404715,0,0.0027658416522681,MID
ALT,1785972600000,1,23.12785229054065,0,0.0019139912974244,MID
MANTA,1785974400000,1,31.51846738004812,0,0.0019893929471672,LOW
JTO,1785974400000,1,58.2595419847337,1,0.0037372110276965,HIGH
AXS,1785974400000,1,364.8644593322632,0,0.0048271392891134,LOW
BOME,1785974400000,1,30.670033670034485,1,0.0045757167601067,HIGH
XLM,1785974400000,-1,62.93004090104374,0,0.0022240372079372,MID
PENGU,1785975300000,1,45.89589905362741,0,0.0030299555505967,HIGH
BOME,1785975300000,1,80.47245409015048,1,0.0046442946927756,HIGH
LIT,1785975300000,1,65.85305308932624,1,0.0052817957539105,HIGH
SPX,1785975300000,1,112.46051662690286,1,0.0041016786794911,HIGH
YGG,1785975300000,1,18.66729862954436,0,0.0025102797150264,LOW
BOME,1785976200000,1,112.7024793388422,1,0.0047209748391807,HIGH
POPCAT,1785976200000,1,71.34944237918216,1,0.0036101968492181,MID
SUPER,1785978000000,1,122.17790895727904,0,0.0028053849370224,LOW
GRIFFAIN,1785978900000,1,-399.2472406181015,1,0.0040219333832854,MID
FET,1785978900000,-1,97.39159843360788,0,0.0038327165468527,MID
IO,1785978900000,-1,117.72762868096868,0,0.002904413672608,MID
ONDO,1785978900000,-1,24.48363107266902,0,0.003522418294721,HIGH
INJ,1785979800000,-1,-250.9338842975208,0,0.0029620536173716,HIGH
kSHIB,1785979800000,-1,-251.395777271787,0,0.0024423334133814,MID
GRIFFAIN,1785979800000,1,-316.7297770004381,1,0.0041323278403548,MID
CFX,1785979800000,-1,43.24953484663243,0,0.002413826220549,LOW
FET,1785979800000,-1,44.15296134886003,0,0.0038408509667506,MID
ARB,1785980700000,-1,76.1357869614377,0,0.0020659885805126,HIGH
MEGA,1785980700000,-1,159.02647193062705,0,0.0033500075265366,MID
XLM,1785980700000,-1,-129.96456086286634,0,0.0024407066534365,MID
GRIFFAIN,1785981600000,1,-136.41872131497504,1,0.0046022864736571,MID
APT,1785981600000,1,43.87761593838983,0,0.0027015871587137,MID
XLM,1785981600000,-1,62.72828176350254,0,0.0024799765890691,MID
kLUNC,1785981600000,-1,14.98088773056929,0,0.0017689947046482,LOW
IO,1785981600000,-1,98.0598964752276,0,0.0029752203568128,MID
SEI,1785981600000,-1,48.75781249999925,0,0.0020401314027574,MID
XRP,1785981600000,-1,42.70993238739087,0,0.0016147849408597,HIGH
CHIP,1785982500000,-1,62.73843452696967,0,0.002615128651226,MID
PROVE,1785982500000,-1,-35.02049311559401,0,0.0040089696391929,LOW
ZETA,1785982500000,-1,35.367631670735605,0,0.0030599987391205,MID
TIA,1785982500000,-1,12.390186492848404,0,0.0025845026689289,MID
PUMP,1785982500000,-1,-101.08102345415786,0,0.0070841374466026,HIGH
HBAR,1785982500000,-1,13.905924360563288,0,0.0020012638842469,MID
SEI,1785982500000,-1,16.065776930408628,0,0.0020396460254242,MID
XRP,1785982500000,-1,32.437218657217095,0,0.0017086776505355,HIGH
CHIP,1785983400000,-1,72.20026156612724,0,0.0026151268039432,MID
MELANIA,1785983400000,-1,31.833869239013445,0,0.0021776344122337,LOW
HMSTR,1785983400000,1,237.3846153846148,0,0.010550400901031,LOW
WLD,1785985200000,-1,14.330466317919075,0,0.0044904896415969,HIGH
INJ,1785985200000,-1,-168.5055942579697,0,0.0030455685025985,HIGH
XPL,1785985200000,-1,-108.8308603330764,0,0.0044878369767965,HIGH
PUMP,1785985200000,-1,31.33476394849683,0,0.0071477998027183,HIGH
GRIFFAIN,1785986100000,1,50.72945638432438,1,0.0049579398040644,MID
ADA,1785987000000,-1,83.62175168431239,1,0.0039234822340325,HIGH
MANTA,1785987000000,1,180.50168350168363,0,0.0021466928119299,LOW
TRUMP,1785987900000,-1,38.45364101146888,0,0.001870441554964,MID
INJ,1785987900000,-1,29.04244031830121,0,0.0029262371438433,HIGH
NOT,1785987900000,1,53.980056980056816,0,0.0022301688639416,LOW
ORDI,1785988800000,-1,49.19582433405285,0,0.0032971252793936,LOW
kPEPE,1785988800000,-1,71.41530829199215,0,0.0027256565794355,HIGH
TURBO,1785989700000,1,32.75685339690065,0,0.0023749939874127,LOW
GRIFFAIN,1785989700000,1,78.4026299311208,1,0.0051204873496319,MID
NOT,1785990600000,1,81.98583569405152,0,0.0023211026231497,LOW
TNSR,1785992400000,1,71.38551099611935,0,0.0021523298737018,LOW
YGG,1785992400000,1,37.11767852366873,0,0.0026167118394155,LOW
CRV,1785992400000,1,13.883743367101635,0,0.0020728557464286,HIGH
BLUR,1785993300000,1,35.98635477582862,0,0.0028004793341413,LOW
RUNE,1785993300000,1,26.633920812816065,0,0.0019282995791349,LOW
FOGO,1785994200000,1,80.44260340922709,0,0.002621934977155,MID
GMX,1785994200000,1,1.7047015650975652,0,0.0022793864932987,LOW
SUSHI,1785995100000,1,-252.050494987859,0,0.003214263394685,HIGH
NOT,1785996000000,1,165.53932584269617,0,0.0023838228016867,LOW
POLYX,1785996000000,1,102.57841239109452,0,0.0019982964198506,LOW
CELO,1785996000000,1,67.50778693888248,0,0.0019457902287898,LOW
DOT,1785996000000,-1,16.276589121298837,0,0.0020063677667542,HIGH
GOAT,1785996000000,1,30.755907283775883,0,0.0029333098216414,LOW
STBL,1785996000000,1,78.07565723459794,0,0.0029213854021459,MID
SUSHI,1785996000000,1,27.35822707953858,0,0.0040984646634353,HIGH
STBL,1785996900000,1,52.7635624950216,0,0.0029943393232763,MID
ME,1785996900000,1,40.27563249001386,0,0.0019423911119601,MID
DYDX,1785996900000,1,22.20862308762157,0,0.0024248375313764,MID
TRB,1785996900000,1,103.7051189617878,0,0.0023626215662673,LOW
FOGO,1785996900000,1,191.56596822472832,0,0.0033986369987384,MID
POLYX,1785996900000,1,33.07937462417171,0,0.0020869322911029,LOW
TRB,1785997800000,1,18.43929107410929,0,0.0025182839251064,LOW
ME,1785997800000,1,88.10485340400894,0,0.0020012720891209,MID
TRB,1785998700000,1,86.43147136063682,0,0.0026000175977478,LOW
CRV,1785998700000,1,35.48346636260002,0,0.0022446773243547,HIGH
ZETA,1785998700000,1,96.76720984369744,0,0.0029509811177916,MID
JTO,1785999600000,-1,-179.3183760255143,0,0.0035088534271168,HIGH
TRB,1785999600000,1,107.4894114314049,0,0.0026036156491727,LOW
TNSR,1786000500000,1,61.39150032195823,0,0.0025710524051851,LOW
SUSHI,1786000500000,1,142.39007092198523,1,0.0045640701365683,HIGH
XAI,1786003200000,1,-649.6876971608829,0,0.002623073016252,LOW
JUP,1786003200000,-1,-183.99547511312227,0,0.0024698889114136,HIGH
BLUR,1786003200000,1,83.72354226891338,0,0.0033308964907928,LOW
ZK,1786004100000,1,25.46886990964069,0,0.0032809602768346,LOW
BLUR,1786004100000,1,309.133948873424,0,0.0040418025610099,LOW
JTO,1786005000000,-1,148.04252175340736,0,0.0036737448360077,HIGH
PYTH,1786005000000,1,26.78276103714112,0,0.0029095638760539,MID
ETHFI,1786005000000,-1,52.01717541262958,0,0.0049076262943091,MID
VIRTUAL,1786005000000,1,121.68568455735766,0,0.0028664590628986,HIGH
CC,1786005000000,-1,67.88658146964879,0,0.0044897725700877,HIGH
VIRTUAL,1786005900000,1,161.9367023022065,0,0.0028898531291662,HIGH
NEAR,1786006800000,-1,9.499999999999948,0,0.0030480088476943,HIGH
MOVE,1786006800000,1,130.4205362982337,0,0.0030922518907963,MID
FARTCOIN,1786006800000,-1,62.11414125938544,0,0.0037352964707385,HIGH
POPCAT,1786006800000,-1,34.62055678424006,0,0.0041088270210497,MID
INJ,1786006800000,-1,-71.18766618063215,0,0.0031592368004267,HIGH
kSHIB,1786006800000,-1,-163.03369130343162,0,0.0025301339062718,MID
XLM,1786006800000,-1,30.743673061300065,0,0.0028845528389527,MID
DASH,1786006800000,-1,21.60549194580207,0,0.0022876312458523,MID
ONDO,1786006800000,-1,2.1455653351379267,0,0.0034112218406435,HIGH
FIL,1786006800000,-1,62.32041156128567,0,0.0028903337668795,MID
EIGEN,1786006800000,-1,-107.56796917996768,0,0.0030606417948823,MID
JUP,1786006800000,-1,65.09071440338361,0,0.0028405146410195,HIGH
ARB,1786006800000,-1,122.62491988206752,0,0.0033191580134177,HIGH
FARTCOIN,1786007700000,-1,13.115417082341182,0,0.0037376584296758,HIGH
kSHIB,1786007700000,-1,-134.07822410147898,0,0.0025546499019388,MID
EIGEN,1786007700000,-1,57.87437742113945,0,0.0030820527483436,MID
INJ,1786007700000,-1,104.3403447901967,0,0.0033399668773108,HIGH
PROVE,1786007700000,-1,3.435834727765269,0,0.0028365055783111,LOW
WLD,1786007700000,-1,-143.84964138512998,0,0.0040593002218881,HIGH
WLD,1786008600000,-1,-68.18392348259006,0,0.0041558892246173,HIGH
DOGE,1786008600000,-1,40.029758627684735,0,0.0017595010720282,HIGH
TAO,1786008600000,-1,34.68909081521967,0,0.0024570458835583,HIGH
SUI,1786008600000,-1,32.547129569288295,0,0.0020720853422586,HIGH
GRAM,1786008600000,-1,80.66070129492265,0,0.0021163678675532,HIGH
kBONK,1786008600000,-1,33.19254433586691,0,0.0027388419591993,HIGH
VINE,1786008600000,-1,75.1831720029791,0,0.0034007285817424,HIGH
CAKE,1786009500000,-1,7.741138560686249,0,0.0015110845176969,MID
WLD,1786009500000,-1,32.75411664370465,0,0.0041564402355117,HIGH
TIA,1786009500000,-1,21.25197805196056,0,0.0024391534258374,MID
AVAX,1786009500000,-1,-101.42398969767656,0,0.0024938389269938,HIGH
MERL,1786010400000,-1,62.41439116605533,0,0.0023258649612551,MID
TIA,1786010400000,-1,47.340177563534944,0,0.0024465899849722,MID
SUI,1786010400000,-1,78.68812162121763,0,0.0023993765630175,HIGH
FIL,1786010400000,-1,255.90953396283936,1,0.0034651940641959,MID
AVAX,1786010400000,-1,147.8738500944907,0,0.0031111842264461,HIGH
kLUNC,1786010400000,-1,-5.659356844775207,0,0.0021010221768328,LOW
ETC,1786010400000,-1,96.60222250284046,0,0.0025505978758288,LOW
AR,1786010400000,-1,24.285889297248605,0,0.002053525056179,LOW
CAKE,1786010400000,-1,21.37975046608237,0,0.0015028436899885,MID
ONDO,1786010400000,-1,83.49766075508542,0,0.0034248493492057,HIGH
FET,1786012200000,-1,212.08501671268849,0,0.0039247730276407,MID
WIF,1786013100000,-1,18.74228149007064,0,0.0026864710308819,MID
ZRO,1786013100000,1,-180.08916682222593,1,0.0040680869999484,HIGH
ZEC,1786013100000,-1,4.878628714571148,0,0.003367281142139,HIGH
ASTER,1786013100000,-1,17.41866564850121,0,0.0010496161731012,HIGH
ZEN,1786014000000,-1,75.52365618033153,0,0.0025062261013284,MID
ASTER,1786014000000,-1,47.1157156890506,0,0.0010905740196431,HIGH
ZEC,1786014000000,-1,44.299080408436375,0,0.0033953236086083,HIGH
SUPER,1786014000000,1,44.45179223558484,0,0.0037414501716536,LOW
RESOLV,1786014900000,1,502.0604788941001,0,0.0107136401646166,LOW
ASTER,1786014900000,-1,8.156254162782394,0,0.0010903268781861,HIGH
XAI,1786015800000,1,59.69592476489044,0,0.0025689488759683,LOW
SYRUP,1786015800000,-1,6.677419354839435,0,0.003606131376835,LOW
ASTER,1786015800000,-1,19.337428528563706,0,0.0010936805927675,HIGH
MELANIA,1786015800000,1,47.91383812010463,0,0.0025810796313311,LOW
BSV,1786016700000,1,-257.6173139773511,0,0.0015917744500107,LOW
FET,1786017600000,-1,8.701894244132323,0,0.0039100373983009,MID
KAS,1786017600000,-1,-99.98192256963311,0,0.0020717294103571,LOW
XAI,1786017600000,1,106.2043681747266,0,0.0026465748472908,LOW
VINE,1786017600000,-1,41.96065942300434,0,0.0033762052709841,HIGH
NIL,1786017600000,1,181.886360528402,1,0.0054037910977396,HIGH
ZRO,1786017600000,1,69.33119691774634,1,0.0040729728311384,HIGH
SYRUP,1786017600000,-1,69.05920540119449,0,0.003658208711702,LOW
BSV,1786018500000,1,-316.94555243800824,0,0.0016020056735461,LOW
XAI,1786018500000,1,59.11180124223618,0,0.0026799261921875,LOW
STRK,1786019400000,1,73.65772326561856,0,0.0029390302654098,MID
EIGEN,1786020300000,-1,19.246941045606867,0,0.0030748341879303,MID
KAS,1786020300000,-1,90.35854407941429,0,0.0023425883378726,LOW
kBONK,1786021200000,-1,48.02040816326576,0,0.0028178348152656,HIGH
TAO,1786021200000,-1,56.52070171774585,0,0.0026374085727542,HIGH
OP,1786021200000,-1,123.59711639901508,0,0.0033557873117491,MID
DOGE,1786021200000,-1,29.38181367329375,0,0.0017656676454034,HIGH
PURR,1786021200000,-1,141.12617839013726,0,0.0049059556134764,MID
kLUNC,1786021200000,-1,60.753596489412914,0,0.0022378284607469,LOW
FET,1786021200000,-1,28.70857606371108,1,0.0039513430652942,MID
ZRO,1786022100000,1,98.922938076099,1,0.0041884937772433,HIGH
KAS,1786022100000,-1,51.09490473728201,0,0.0024711374460989,LOW
TAO,1786022100000,-1,20.54048964218545,0,0.002630297934084,HIGH
BRETT,1786023000000,1,145.79546528105735,0,0.0048492223037502,LOW
APEX,1786023000000,1,38.930591488981904,1,0.0039842656377944,MID
NIL,1786023000000,1,124.90297381034276,1,0.0070336568960347,HIGH
ACE,1786023000000,1,-3457.545454545454,1,0.0081928162164184,HIGH
LTC,1786023000000,1,5.363044148070735,0,0.0014804555581694,HIGH
ACE,1786023900000,1,-2172.709989258861,1,0.0146820879233082,HIGH
STRK,1786023900000,1,80.93742846241948,0,0.0033502610977047,MID
ADA,1786023900000,1,-552.2521918514709,1,0.003710274360579,HIGH
DYDX,1786023900000,1,47.80513217945349,0,0.0027411328104165,MID
HYPER,1786024800000,1,33.82769442620867,0,0.005513731178552,MID
ACE,1786025700000,1,-1577.4680851063822,0,0.015338437771851,HIGH
ADA,1786025700000,1,-365.77602523659294,1,0.0038777852326354,HIGH
DYDX,1786026600000,1,20.18790793541793,0,0.0027630012468433,MID
CRV,1786026600000,1,24.62042975516161,0,0.0027203728012557,HIGH
XAI,1786026600000,1,89.30769230769123,0,0.0034728792118572,LOW
ADA,1786026600000,1,-26.76590582759719,1,0.0047460913794696,HIGH
AERO,1786026600000,1,-73.18191892141442,1,0.0038226474175439,HIGH
ZRO,1786026600000,1,87.17728571091311,1,0.0042892587367076,HIGH
ACE,1786027500000,1,-1042.7553516819555,0,0.0156681557466481,HIGH
BABY,1786027500000,1,-118.03549923609206,0,0.0035002036227124,LOW
AERO,1786027500000,1,-20.22633102117756,1,0.0038545947493072,HIGH
XAI,1786028400000,1,73.56967840735155,0,0.0034043076537147,LOW
ACE,1786028400000,1,364.86060019361065,0,0.0164210445720462,HIGH
LTC,1786028400000,1,6.866906395948364,0,0.0014486535284777,HIGH
BABY,1786028400000,1,-57.386590584879,0,0.0035541996767984,LOW
AERO,1786028400000,1,9.588116817723954,1,0.0038666125617494,HIGH
XAI,1786029300000,1,133.98630136986404,0,0.0034060578342605,LOW
ADA,1786029300000,1,20.10490610559425,1,0.0049528231751413,HIGH
ACE,1786029300000,1,1199.475685234306,0,0.0186417956932786,HIGH
XAI,1786030200000,1,87.90909090909115,0,0.0034287451501873,LOW
ADA,1786030200000,1,216.7484458580313,1,0.0053185947896595,HIGH
ATOM,1786030200000,1,80.61204013377974,0,0.0025781507670197,MID
AERO,1786030200000,1,78.39013452914847,1,0.0042073390553036,HIGH
ACE,1786030200000,1,736.8171238570245,0,0.0195181642182195,HIGH
ACE,1786031100000,1,260.80873866446893,0,0.0194764878559368,HIGH
AERO,1786031100000,1,154.30687077251736,1,0.0041669310822476,HIGH
XAI,1786031100000,1,102.90015128593134,0,0.0034290435719656,LOW
FET,1786031100000,-1,58.52705707931782,0,0.0043263925732778,MID
ATOM,1786031100000,1,100.86612810155776,0,0.0026898093985525,MID
NEAR,1786032000000,-1,6.588302271228045,0,0.0032550444477263,HIGH
HEMI,1786032000000,1,107.47619047619192,1,0.0064449608608775,MID
ACE,1786032000000,1,1036.453717754173,0,0.0210237526169716,HIGH
JTO,1786032000000,-1,27.512654391940504,0,0.0038914779794967,HIGH
XAI,1786032000000,1,219.22222222222217,0,0.0040031159097172,LOW
BABY,1786032900000,1,58.35507055833168,0,0.0035322804010724,LOW
DYM,1786032900000,1,69.09805335256029,0,0.0028828553287887,MID
YGG,1786032900000,1,124.75353556595353,0,0.0030409393485708,LOW
JTO,1786032900000,-1,63.06543624161044,0,0.00388846556635,HIGH
MEME,1786033800000,1,75.8954635108479,0,0.0022493602612242,LOW
kFLOKI,1786033800000,1,-163.6311187149501,0,0.0023469096136393,LOW
FIL,1786033800000,1,28.46805308523696,1,0.0048505858917946,MID
CRV,1786033800000,1,208.4376851218959,0,0.00331618620672,HIGH
CRV,1786034700000,1,39.17687074829996,0,0.0033419712239181,HIGH
kFLOKI,1786034700000,1,83.54528257271181,0,0.0023862816613736,LOW
TNSR,1786034700000,1,13.082341588934693,0,0.0028131345232967,LOW
TRUMP,1786034700000,1,27.45273059484299,0,0.002071228860253,MID
AIXBT,1786035600000,1,62.47652358833682,0,0.0026523508779836,MID
BSV,1786035600000,1,125.54609929077978,0,0.0023132330630633,LOW
SAGA,1786037400000,1,47.215208034432486,0,0.0036907396882946,LOW
ALT,1786037400000,1,34.56189175345794,0,0.002325081820104,MID
LDO,1786037400000,-1,128.15780684664804,0,0.0046583937943851,HIGH
CC,1786039200000,-1,-571.968532367737,0,0.0046719656710668,HIGH
STX,1786039200000,-1,17.615408108726612,0,0.0025494775675012,LOW
WLFI,1786041000000,-1,143.78758069474347,0,0.0026925133410477,MID
CC,1786041000000,-1,-466.3103477185563,0,0.0048130704903233,HIGH
XRP,1786041000000,-1,4.722753161501225,0,0.0018978802946669,HIGH
S,1786041000000,-1,20.85321100917429,0,0.0023982240474182,LOW
STX,1786041000000,-1,63.1996766992533,0,0.0026790435700083,LOW
WLD,1786041000000,-1,30.288948069241044,0,0.0034492784979396,HIGH
CAKE,1786041000000,-1,0.5896331394927485,0,0.0014274276065879,MID
SYRUP,1786041900000,-1,147.916040595755,0,0.003375814344486,LOW
CAKE,1786041900000,-1,22.903007626997034,0,0.0014349256406985,MID
SKY,1786041900000,-1,21.512435140454148,0,0.0017503032889768,MID
JTO,1786041900000,-1,12.413851351350356,0,0.0039104874817646,HIGH
EIGEN,1786042800000,-1,64.6818950930614,0,0.0029736022544464,MID
CHIP,1786043700000,1,36.701257861635376,0,0.0032369904143251,MID
PEOPLE,1786043700000,1,111.18351905351577,1,0.0041093367736379,HIGH
BNB,1786043700000,-1,10.391646324926723,0,0.0011783790993417,HIGH
ETHFI,1786044600000,-1,101.6567998403059,0,0.0038404923032695,MID
CC,1786044600000,-1,-429.8434519655733,1,0.0048472284796488,HIGH
MON,1786044600000,-1,12.610517586224098,0,0.0024527657516174,HIGH
JTO,1786045500000,-1,77.25203823147487,0,0.0038533551773785,HIGH
ETHFI,1786045500000,-1,111.17480162128228,0,0.0038288477159809,MID
CC,1786046400000,-1,-361.0074589430992,0,0.0057079151372781,HIGH
kFLOKI,1786046400000,1,77.73548627963392,0,0.003164716142258,LOW
PEOPLE,1786046400000,1,147.06640106241733,1,0.0046009825890989,HIGH
kFLOKI,1786047300000,1,66.90725637321192,0,0.003165790301663,LOW
AVNT,1786048200000,1,149.28426395939036,1,0.0048767481119638,MID
SKY,1786048200000,-1,-77.20481971110598,0,0.0021522151728295,MID
XMR,1786048200000,1,-53.01359064963392,0,0.0020683799736525,HIGH
PEOPLE,1786049100000,1,90.23703217334192,1,0.0047629973341603,HIGH
ONDO,1786049100000,-1,-290.0627429206001,0,0.0034671629560542,HIGH
CC,1786050900000,-1,69.5440916623676,0,0.0053053562015046,HIGH
APE,1786051800000,1,62.101309340940816,0,0.0026887516253381,LOW
TIA,1786051800000,1,10.305736250739384,0,0.0030802725489783,MID
DASH,1786051800000,1,73.3602671011856,0,0.0026884078589832,MID
XMR,1786051800000,1,22.98246183826016,0,0.002055256127849,HIGH
TIA,1786052700000,1,61.42313349414677,0,0.003119963701512,MID
GALA,1786052700000,1,117.81274025260782,0,0.0028106271016969,LOW
ONDO,1786055400000,-1,41.08482142857215,1,0.0035443007851548,HIGH
MET,1786057200000,-1,89.17707701637487,0,0.0023886258757307,MID
LIT,1786057200000,1,118.20694806026196,0,0.0052794972286844,HIGH
SKY,1786057200000,-1,0.9780124403300277,0,0.0020874269647585,MID
SOL,1786058100000,-1,44.96594003566263,0,0.0016942186378625,HIGH
RUNE,1786058100000,-1,31.5415293716628,0,0.0020203469193401,LOW
MET,1786058100000,-1,113.107629929967,0,0.0027153995915347,MID
CHIP,1786059000000,1,154.91900407285084,1,0.0044596164246118,MID
LIT,1786059900000,1,88.68138615527067,0,0.0057600274875442,HIGH
SKY,1786060800000,-1,42.594085484368,0,0.0021347909245121,MID
ONDO,1786060800000,-1,23.920164886010387,1,0.0035830105896907,HIGH
MET,1786060800000,-1,10.603759584466856,0,0.0026958264417063,MID
LIT,1786060800000,1,40.37490094673956,0,0.0058099686006964,HIGH
HYPER,1786060800000,1,198.63646990064387,1,0.0072168701426442,MID
INJ,1786060800000,-1,-88.92084734216793,0,0.0032480558662261,HIGH
GRAM,1786061700000,-1,8.713888278790877,0,0.0018417227809365,HIGH
SKY,1786061700000,-1,13.016599020802978,0,0.0021325635132676,MID
ONDO,1786061700000,-1,32.74645350146345,1,0.0035893624434732,HIGH
AAVE,1786064400000,1,76.98769420089155,0,0.0027805864484406,HIGH
INJ,1786067100000,-1,53.18603821542416,0,0.003140564774282,HIGH
BABY,1786067100000,1,115.7812015837487,0,0.0046395883247872,LOW
XAI,1786067100000,1,127.246020260493,0,0.0052188434744754,LOW
MINA,1786068000000,1,28.404000386512006,0,0.0018047601228772,LOW
SOPH,1786068000000,1,183.6801210898079,0,0.0035617120669451,LOW
MET,1786068900000,-1,94.002860340754,0,0.0027439583380113,MID
kBONK,1786069800000,1,147.61295971979007,0,0.0033685461748627,HIGH
XRP,1786069800000,-1,2.82920431361055,0,0.0018228591920897,HIGH
kBONK,1786070700000,1,38.82642035552408,0,0.0034003950876649,HIGH
PROVE,1786072500000,-1,-40.08764395861717,0,0.0029858256527633,LOW
GRAM,1786072500000,-1,16.42472917444853,0,0.0021612358345347,HIGH
NOT,1786072500000,-1,83.95652173913098,0,0.0035781827060839,LOW
ZORA,1786072500000,-1,160.5514018691586,0,0.0048861818785425,LOW
XRP,1786073400000,-1,17.48580626280354,0,0.0018179884207962,HIGH
NOT,1786073400000,-1,113.27906976744153,0,0.0035894044615125,LOW
GRAM,1786073400000,-1,104.38052026618264,0,0.0024677281712343,HIGH
ONDO,1786073400000,-1,42.85196366018285,0,0.0035876217603144,HIGH
MOVE,1786074300000,-1,-191.0318418885533,0,0.0034591223478339,MID
XRP,1786074300000,-1,37.17244757985492,0,0.001868274185876,HIGH
BIGTIME,1786074300000,-1,59.346495371245126,0,0.0032947207166934,LOW
BLUR,1786074300000,-1,55.38445052102649,0,0.0051472523152421,LOW
ZORA,1786075200000,-1,4.800312012481535,0,0.0049289440290542,LOW
MOVE,1786075200000,-1,-153.49012839983513,1,0.0035088995560974,MID
INJ,1786075200000,-1,35.244766505636335,0,0.0031660282647108,HIGH
ICP,1786075200000,-1,17.808129687878985,0,0.0017767622211825,HIGH
NEAR,1786075200000,-1,30.559094514613825,0,0.0032234244354107,HIGH
kSHIB,1786075200000,-1,33.677454153181564,0,0.0025785143663459,MID
CC,1786075200000,-1,190.9628360420281,0,0.0064893861468557,HIGH
NEO,1786075200000,-1,6.827473247434067,0,0.001717755354944,LOW
GMX,1786075200000,1,33.721413077161195,0,0.0022125911652489,LOW
INJ,1786076100000,-1,58.87369695339212,0,0.0031461645803741,HIGH
POPCAT,1786077000000,-1,67.47364847463245,0,0.0026817161285762,MID
TNSR,1786077000000,1,80.27994875080071,0,0.0030740964054656,LOW
NEAR,1786077000000,-1,63.85065930696051,0,0.0031498838144342,HIGH
NOT,1786077900000,-1,142.772594752187,0,0.0034968263745277,LOW
BNB,1786077900000,-1,15.044396023422738,0,0.0011244448152125,HIGH
MOODENG,1786077900000,-1,77.66975300085926,0,0.0027374996808079,MID
ONDO,1786079700000,-1,158.5845712796448,1,0.0039377476691533,HIGH
YGG,1786079700000,1,-351.079829086552,0,0.0034501385421022,LOW
BNB,1786079700000,-1,14.910142257700585,0,0.0011042863462992,HIGH
XAI,1786079700000,1,-143.44943820224756,0,0.0068463234247264,LOW
XRP,1786079700000,-1,40.28578455484466,0,0.001859385111994,HIGH
XPL,1786080600000,1,106.98092816274516,1,0.0052471880771119,HIGH
WLD,1786080600000,-1,59.37922500593309,0,0.0033811029498453,HIGH
VIRTUAL,1786080600000,-1,127.49042048915726,1,0.0035661480353765,HIGH
ONDO,1786080600000,-1,84.39837398374021,1,0.0039405027674396,HIGH
EIGEN,1786080600000,-1,104.89324247586514,0,0.0031524569205141,MID
XAI,1786081500000,1,1329.533013205283,0,0.0176927447988536,LOW
TNSR,1786081500000,1,66.95230524642226,0,0.0034341064458284,LOW
USUAL,1786081500000,1,108.85682326621856,1,0.0068379658109103,MID
DYM,1786082400000,1,75.1250000000005,1,0.0037340359646271,MID
TNSR,1786082400000,1,187.9233176838809,0,0.0037822882434409,LOW
SAND,1786082400000,1,43.8764947861862,0,0.0026286066615355,LOW
SAGA,1786082400000,1,10.840830449826424,0,0.0050835798465696,LOW
OP,1786084200000,1,23.969322395775265,0,0.0034129138400813,MID
MET,1786084200000,1,31.882345985574503,1,0.0037750416843208,MID
kBONK,1786086000000,-1,-824.5085884988788,0,0.0064479802653493,HIGH
STBL,1786086900000,1,45.67899344403844,1,0.0038300978539329,MID
USUAL,1786086900000,1,74.51937984496192,1,0.0069992184214896,MID
MORPHO,1786087800000,-1,63.97026520224996,0,0.0025263604452817,HIGH
POL,1786089600000,1,158.91200377576172,0,0.0026366945005629,HIGH
ENA,1786091400000,1,-23.68306613331682,1,0.0050261967431276,HIGH
PAXG,1786091400000,1,-64.8130272116735,0,0.0015017454157691,HIGH
PURR,1786091400000,1,24.78626398405516,1,0.0039583883996019,MID
STABLE,1786091400000,-1,79.82853257510119,0,0.0021779288393715,LOW
BCH,1786091400000,1,35.41703309419174,0,0.0022493362186127,MID
ENA,1786092300000,1,88.12824456036105,1,0.0051272459780903,HIGH
STBL,1786093200000,1,47.25712949976649,1,0.0039690990939756,MID
PUMP,1786093200000,-1,156.36254980079684,0,0.0062630963422241,HIGH
MOVE,1786093200000,-1,107.73731426969452,0,0.0032025168480825,MID
FOGO,1786094100000,1,33.270036270038034,0,0.0033007676444284,MID
kPEPE,1786095000000,1,28.84713375796141,0,0.0025157841493233,HIGH
SUSHI,1786095000000,-1,64.675649070999,0,0.0048262648759751,HIGH
MNT,1786096800000,1,-89.57799274486162,0,0.001207393440865,MID
MNT,1786097700000,1,-75.6965342349961,0,0.0012095569906888,MID
REZ,1786097700000,1,53.34861006761767,0,0.0031098240128235,LOW
BOME,1786097700000,1,78.69934640522897,1,0.0048598498522381,HIGH
ENA,1786098600000,1,75.79179089949751,1,0.0051653040800187,HIGH
INIT,1786098600000,1,78.95465686274468,0,0.0026485363048776,LOW
kBONK,1786098600000,-1,-175.00000000000028,0,0.0073809232802989,HIGH
SAGA,1786098600000,1,165.69095816464252,0,0.0065710388588895,LOW
SKY,1786099500000,-1,195.2378854625556,0,0.0025054842717193,MID
ETHFI,1786099500000,1,-376.5383282806419,1,0.0036135176550524,MID
SAGA,1786099500000,1,244.6572958500673,0,0.0065935742343242,LOW
kBONK,1786099500000,-1,93.50180940892702,0,0.0073927094568632,HIGH
ETHFI,1786100400000,1,-228.3097017882152,1,0.0043585739762911,MID
BTC,1786101300000,1,34.82171519940962,0,0.001162215717139,HIGH
DOGE,1786101300000,1,5.906254489038501,0,0.0014121863625756,HIGH
RUNE,1786101300000,1,-42.46697412474233,0,0.0018279013326475,LOW
SAGA,1786101300000,1,103.52463382157153,0,0.0065876763697299,LOW
HEMI,1786102200000,1,295.9855846235981,1,0.0087347098545359,MID
SOL,1786104000000,1,29.87826922296462,0,0.0015826246404177,HIGH
AZTEC,1786104000000,1,83.06815478273028,0,0.002154880555591,LOW
PENDLE,1786104000000,1,47.77614971710516,0,0.0028419980922768,MID
ETHFI,1786104000000,1,48.2767120435194,1,0.0044887831465417,MID
BCH,1786104000000,1,67.22214062786861,0,0.0018045544292177,MID
ETH,1786104000000,1,101.55486542443089,0,0.0015442244457839,HIGH
RUNE,1786104000000,1,40.39398211374888,0,0.0019777319894053,LOW
DYDX,1786104000000,-1,-99.80542110358093,0,0.003031338981467,MID
kPEPE,1786104000000,1,63.83081252198353,0,0.0024489062792163,HIGH
SPX,1786104900000,1,10.244253465579831,1,0.0036966679309425,HIGH
GMX,1786104900000,1,46.14799864419218,0,0.002574457839781,LOW
MOVE,1786105800000,-1,76.34258996882916,0,0.0032674700685725,MID
STRK,1786105800000,-1,64.54072308303536,1,0.0035181048765127,MID
WCT,1786105800000,-1,21.20701168614461,0,0.0027019312076759,LOW
CAKE,1786105800000,1,19.76607854297005,0,0.0018504772176671,MID
PROVE,1786105800000,-1,32.05291005291023,0,0.0029948813698788,LOW
PAXG,1786105800000,1,49.33679184647708,0,0.0019843874552785,HIGH
RUNE,1786105800000,1,45.1075500296559,0,0.0019861001037722,LOW
kBONK,1786107600000,-1,82.40056933712967,1,0.0076508322990536,HIGH
IO,1786107600000,-1,21.078379275987924,0,0.0038752759606502,MID
FOGO,1786108500000,1,142.44615029435658,0,0.0032191990165518,MID
ORDI,1786111200000,-1,24.7811329870767,0,0.0031537212934841,LOW
WLFI,1786111200000,-1,34.277210422086306,0,0.0033667683459737,MID
DOT,1786111200000,-1,29.41811950160317,0,0.0022499170646065,HIGH
GALA,1786113900000,-1,47.99150141642999,0,0.002422149734808,LOW
ATOM,1786113900000,-1,57.62874251497003,0,0.0029272001579168,MID
RENDER,1786113900000,-1,42.787545787545824,0,0.0022546550094152,MID
FARTCOIN,1786113900000,-1,71.2730720606824,0,0.0031577774921557,HIGH
SUI,1786113900000,-1,63.07335490830508,0,0.0021870069288338,HIGH
TRB,1786113900000,-1,42.74632922600117,0,0.0022622436066678,LOW
SEI,1786113900000,-1,40.371722617006505,0,0.0021174272035392,MID
PYTH,1786113900000,-1,31.422510235481305,0,0.0028710086849968,MID
MEME,1786113900000,-1,-84.30081300813096,0,0.002354219638047,LOW
WIF,1786113900000,-1,44.98255179934525,0,0.00247939399643,MID
MORPHO,1786114800000,-1,24.52442117761404,0,0.0024700518691428,HIGH
NEAR,1786115700000,-1,44.669163622856686,0,0.0033743326760168,HIGH
NIL,1786116600000,1,114.45226884669194,1,0.0067614664212344,HIGH
ICP,1786116600000,1,42.71863987046516,0,0.0018457531956572,HIGH
LTC,1786116600000,1,9.826086956521197,0,0.001324886365637,HIGH
COMP,1786117500000,1,-69.22117873698117,0,0.001942938298265,LOW
WCT,1786119300000,-1,-91.09463881197972,0,0.0021575406809777,LOW
FOGO,1786120200000,1,131.46327683615937,1,0.004137505216483,MID
KAS,1786120200000,1,58.74710205318583,0,0.0026979655161987,LOW
EIGEN,1786121100000,-1,37.09163802978272,0,0.0032168187533915,MID
FOGO,1786121100000,1,153.3372417643769,1,0.0042877842630553,MID
KAS,1786121100000,1,76.38598141389795,0,0.0027629934698919,LOW
KAITO,1786121100000,-1,82.29496402877729,0,0.008799750395167,HIGH
STRK,1786122000000,-1,41.17670682731023,0,0.0031518040724783,MID
FIL,1786122000000,-1,183.8853917918757,0,0.0035956878446126,MID
APT,1786122000000,-1,14.137960582690674,0,0.0022508030696383,MID
PYTH,1786122000000,-1,24.04831932773081,0,0.0028832850827789,MID
HBAR,1786122000000,-1,19.81887150308017,0,0.0014698940284114,MID
IOTA,1786122000000,-1,46.39300166626978,0,0.0021935364297631,LOW
SYRUP,1786122000000,-1,22.150572506452544,0,0.003373241850929,LOW
MORPHO,1786122000000,-1,18.642679363705245,0,0.0024948662871486,HIGH
MEGA,1786122000000,-1,54.06584078917119,0,0.00348823207096,MID
SNX,1786122000000,-1,-3.475239996197236,0,0.0027588660259372,MID
PURR,1786122000000,-1,-132.96237135992018,0,0.0041891600788446,MID
HYPE,1786122000000,-1,-83.47072625288705,0,0.0031078912195071,HIGH
MEME,1786122900000,-1,37.81632653061324,0,0.0022030102647106,LOW
PURR,1786122900000,-1,31.96342641578753,0,0.0044378684519642,MID
2Z,1786122900000,1,93.51455643811973,0,0.0023132976169409,MID
ETHFI,1786122900000,1,31.465020576130463,1,0.0050839069534247,MID
HYPE,1786122900000,-1,78.09309042435059,0,0.003255943157684,HIGH
KAITO,1786122900000,-1,-554.0279681422495,0,0.008959534735211,HIGH
KAITO,1786123800000,-1,-438.2780845414604,0,0.00906619074747,HIGH
HBAR,1786123800000,-1,8.882658744895746,0,0.0014629945295613,MID
COMP,1786124700000,1,54.4813772068737,0,0.0028784573060591,LOW
HBAR,1786124700000,-1,20.96617940397072,0,0.001476067184453,MID
NIL,1786127400000,1,686.6468719158462,1,0.0068118088940432,HIGH
NEAR,1786127400000,-1,30.962264150942445,0,0.0032814311230711,HIGH
NIL,1786128300000,1,273.33972296068407,1,0.0074513499855125,HIGH
CRV,1786128300000,-1,42.58404558404504,0,0.0027916932883538,HIGH
BIO,1786130100000,1,80.85241974125613,1,0.0049379563536061,MID
2Z,1786131000000,-1,32.23247959984642,0,0.002734136470454,MID
BIO,1786131000000,1,173.26182965299662,1,0.0050675399452596,MID
PENDLE,1786131900000,1,38.08996539792415,0,0.0031193238833554,MID
HMSTR,1786133700000,1,297.0000000000005,0,0.0070929524173275,LOW
TAO,1786135500000,1,62.078145016654375,0,0.0024450233343958,HIGH
EIGEN,1786135500000,-1,77.73817762399148,0,0.0033234512192796,MID
XMR,1786135500000,1,-69.64727195789537,0,0.0019659248705955,HIGH
STX,1786136400000,1,22.802534719587687,0,0.0029418439409031,LOW
VINE,1786137300000,-1,-295.902741269245,0,0.0027126165192894,HIGH
KAITO,1786137300000,-1,-419.93150149122346,0,0.0086825948816779,HIGH
IO,1786138200000,-1,48.41604855023596,0,0.0034133301411137,MID
PURR,1786138200000,-1,147.8211024897941,0,0.0048679641423615,MID
HMSTR,1786138200000,1,96.00990099009871,0,0.0076674071610163,LOW
FARTCOIN,1786139100000,-1,72.98784194528926,0,0.0033506067884311,HIGH
VINE,1786139100000,-1,-99.74922600619249,0,0.0038989847144331,HIGH
W,1786139100000,-1,-39.45200486026583,0,0.0030960998431665,MID
KAITO,1786139100000,-1,33.02367269920163,0,0.0086790390426567,HIGH
VINE,1786140000000,-1,284.87476784292824,0,0.0048008971560783,HIGH
ARB,1786140000000,1,47.44136191677145,0,0.0027294317192935,HIGH
VINE,1786140900000,-1,232.72198275862044,0,0.0050214495605468,HIGH
AVNT,1786140900000,1,39.529125664517736,0,0.0056713294590893,MID
SYRUP,1786140900000,-1,16.934879393979312,0,0.0024379528531965,LOW
STRK,1786141800000,-1,29.40178209801548,0,0.0028252211199861,MID
VVV,1786141800000,-1,12.00176491351876,0,0.0039624499258376,HIGH
GAS,1786141800000,-1,6.249997311048185,0,0.0017372868243989,LOW
HMSTR,1786142700000,1,186.57345971564047,0,0.0080165136368749,LOW
GRIFFAIN,1786143600000,1,63.09252954135799,1,0.0037683955846479,MID
DYDX,1786143600000,-1,39.85331666815536,0,0.0024252093836936,MID
W,1786147200000,-1,33.71970624235069,0,0.0030173811389011,MID
APT,1786147200000,-1,73.56168435705516,0,0.0023153798515015,MID
BSV,1786147200000,1,-302.1761815291238,0,0.0023271001446804,LOW
SYRUP,1786147200000,-1,37.66666666666663,0,0.0022533120384928,LOW
AIXBT,1786147200000,-1,24.86809103576372,0,0.0022752489785849,MID
SOPH,1786147200000,-1,49.59006047856968,0,0.0038630172559588,LOW
MANTA,1786147200000,-1,37.00695773177962,0,0.0021200433236924,LOW
ANIME,1786147200000,-1,17.738282870179304,0,0.002002036125841,LOW
BSV,1786148100000,1,-275.0057720057725,0,0.0023266877238541,LOW
SYRUP,1786148100000,-1,2.335823384245764,0,0.002240829447514,LOW
YGG,1786148100000,-1,44.97585035847059,0,0.0047431306698115,LOW
XMR,1786148100000,1,-27.72252906212187,0,0.0020353780604393,HIGH
MOODENG,1786149000000,-1,44.87114214913171,0,0.0024037579336004,MID
BSV,1786149000000,1,-177.5564255441422,0,0.0023552062054733,LOW
0G,1786149900000,1,-435.0323014804833,0,0.0034364074258647,MID
BSV,1786149900000,1,-114.72384158132247,0,0.0023690546002853,LOW
GRIFFAIN,1786149900000,1,169.11030706043496,1,0.004244109985278,MID
GRIFFAIN,1786150800000,1,12.599103051574916,1,0.0042366875105248,MID
GRIFFAIN,1786151700000,1,269.108843537415,1,0.0052549773740231,MID
SUI,1786152600000,1,26.85733196058209,0,0.0023698674507481,HIGH
PENGU,1786152600000,1,72.24946834614761,0,0.0028540714056398,HIGH
ATOM,1786152600000,1,43.62683957452981,0,0.0020854731402985,MID
AVAX,1786152600000,1,82.40112650327266,0,0.0026245354940106,HIGH
FET,1786153500000,1,42.44143104443302,1,0.0035725333520235,MID
BSV,1786154400000,1,-13.63377286261206,0,0.0024748606810481,LOW
GRIFFAIN,1786154400000,1,59.77116218960615,1,0.0054032318268708,MID
GRIFFAIN,1786155300000,1,99.39531907112747,1,0.0054522900288839,MID
DASH,1786156200000,-1,25.80806625855271,0,0.0023619408726631,MID
0G,1786156200000,1,74.79255319148965,1,0.0035209759250782,MID
ZRO,1786156200000,1,123.58978739559556,1,0.0039464123581582,HIGH
ALGO,1786157100000,-1,40.23280173850909,0,0.003047163276429,HIGH
XAI,1786158000000,-1,26.76190476190484,0,0.0215132707520594,LOW
TAO,1786158900000,1,29.68140734310446,0,0.0027962031807624,HIGH
KAITO,1786159800000,-1,-1029.419294052181,0,0.0085880114394474,HIGH
XLM,1786159800000,1,0.6708473539311401,0,0.002627129714085,MID
ENS,1786160700000,1,-34.90349774113932,0,0.0023294880608478,MID
SOL,1786160700000,1,-103.2392376471846,0,0.0019049738570987,HIGH
ENS,1786161600000,1,37.39653611310895,0,0.0023468151781295,MID
0G,1786161600000,1,104.40643120716872,0,0.0034617089093852,MID
WIF,1786161600000,1,31.127266263775915,0,0.0025424163149588,MID
SUI,1786161600000,1,-114.76789826481011,0,0.0023888614403275,HIGH
KAITO,1786162500000,-1,17.14894919404236,0,0.0084450555120907,HIGH
GMX,1786163400000,1,77.57650206762334,0,0.0026166305480965,LOW
ENS,1786163400000,1,32.666311547548574,0,0.0023207053779396,MID
AVNT,1786163400000,1,28.057278495053293,0,0.0060187093792775,MID
ENS,1786164300000,1,57.527653282817134,0,0.0023304490262762,MID
CRV,1786164300000,1,-336.5926417425521,0,0.0028802424933885,HIGH
WIF,1786165200000,1,-29.855123674913024,0,0.0026204888287984,MID
VVV,1786166100000,-1,-21.714909544604577,0,0.0039603136578273,HIGH
APE,1786166100000,-1,55.72483221476668,0,0.0021051706600361,LOW
CRV,1786166100000,1,-362.5617982635575,0,0.0029460655050701,HIGH
ATOM,1786166100000,1,47.746701464404055,0,0.0021783998155314,MID
WIF,1786167000000,1,51.01234567901185,0,0.0026638994474908,MID
BOME,1786167000000,1,-3.0,1,0.0051072366107166,HIGH
PENGU,1786167000000,1,51.54837157067252,0,0.0030165618462095,HIGH
BOME,1786167900000,1,121.61059190031118,1,0.0051779682134169,HIGH
PENGU,1786168800000,1,76.57981855801458,0,0.0029992024717005,HIGH
MOODENG,1786169700000,1,-140.82583096932896,0,0.0031683421362086,MID
0G,1786170600000,1,219.29381443299025,1,0.0041526279962911,MID
AIXBT,1786171500000,1,-359.5961789217082,0,0.0021991710361553,MID
kSHIB,1786172400000,1,16.193857965449904,0,0.0019217465128431,MID
CELO,1786172400000,1,119.77018255252928,0,0.0032935416215907,LOW
ALT,1786172400000,1,25.89191026512665,0,0.0017483454022833,MID
KAITO,1786173300000,-1,-772.3022514868303,1,0.0087023927195509,HIGH
KAITO,1786174200000,-1,-661.7277052727786,1,0.0087621080282782,HIGH
AIXBT,1786174200000,1,112.89403973510036,0,0.0027395262363461,MID
TURBO,1786175100000,1,33.188178528346974,0,0.0032461590799731,LOW
ONDO,1786175100000,1,29.41719520789244,0,0.0033690943092283,HIGH
MERL,1786175100000,1,-1233.407073548833,0,0.0023175071200385,MID
ORDI,1786176000000,1,80.01973514119142,0,0.0031552028227381,LOW
IOTA,1786176000000,-1,17.639526188268256,0,0.0019605305155033,LOW
BOME,1786176000000,1,58.1620795107032,1,0.0051414509804518,HIGH
NOT,1786176000000,1,-288.71428571428646,0,0.0024419473282691,LOW
CAKE,1786176900000,1,-104.1306973804338,0,0.001832732897271,MID
APT,1786177800000,1,-185.2133065864263,0,0.0024417710556231,MID
VIRTUAL,1786177800000,1,39.68887649846585,0,0.0027417835807803,HIGH
ETC,1786177800000,1,20.840452357301228,0,0.0016004812088913,LOW
KAS,1786177800000,1,3.716919173071568,0,0.003057916951611,LOW
MOODENG,1786177800000,1,66.1875781686589,0,0.0032115008776545,MID
SUI,1786177800000,1,-127.54329293046436,0,0.0024406053142042,HIGH
MNT,1786178700000,1,0.930454083048263,0,0.0016635571452426,MID
APT,1786178700000,1,-210.18462823725923,0,0.0024261416008585,MID
AIXBT,1786178700000,1,183.77847963406643,0,0.0033526466033505,MID
MERL,1786178700000,1,87.55185375021519,0,0.0022075593118953,MID
DOGE,1786178700000,1,5.382944260525354,0,0.0016020039982437,HIGH
VIRTUAL,1786178700000,1,13.726195661642318,0,0.0027279177830281,HIGH
SUI,1786178700000,1,23.696297151433207,0,0.0024759613217635,HIGH
APEX,1786178700000,-1,65.82120437107692,0,0.0022259576076076,MID
VINE,1786179600000,-1,404.1706503613116,0,0.0072586083900785,HIGH
STX,1786179600000,1,-11.983380745621275,0,0.0024738107129675,LOW
APT,1786180500000,1,43.51935537464736,0,0.0024662705998174,MID
SEI,1786180500000,1,9.553109308614191,0,0.0019448277442539,MID
ORDI,1786180500000,1,83.60949307973219,0,0.0035391109380682,LOW
MORPHO,1786182300000,1,-188.3905878624619,0,0.0019756155410319,HIGH
FIL,1786182300000,1,-63.44372142596591,0,0.0033300392843443,MID
ICP,1786183200000,1,37.82213889020715,0,0.0018790743993872,HIGH
TRX,1786183200000,1,-2.087563490372882,0,0.0007136803803941,HIGH
0G,1786183200000,1,72.38491024084932,0,0.0056530781361294,MID
ATOM,1786183200000,1,15.696965338703851,0,0.0022567753935157,MID
KAS,1786183200000,1,96.31217125832175,0,0.0033417695677977,LOW
TRX,1786184100000,1,2.4729544832622903,0,0.0007139933111308,HIGH
BNB,1786184100000,1,10.932018464121542,0,0.0010081498217442,HIGH
ICP,1786184100000,1,27.761949834358497,0,0.0019002532674889,HIGH
BABY,1786184100000,1,173.27005903383943,0,0.0055010548240138,LOW
MERL,1786184100000,1,-834.1308553112524,0,0.0028835531990869,MID
ATOM,1786184100000,1,9.932892656991118,0,0.0022513148240019,MID
STBL,1786185000000,-1,50.055852595212905,0,0.0028895455263365,MID
FIL,1786185000000,1,88.23001315152067,0,0.0033972369088145,MID
SPX,1786185900000,-1,39.74029887460803,0,0.0042728921136203,HIGH
KAITO,1786185900000,-1,289.5058515185925,0,0.0091741596923738,HIGH
ARB,1786185900000,1,35.98880643944043,0,0.0025616282368108,HIGH
INJ,1786186800000,-1,92.140548537611,0,0.0027828796975226,HIGH
MOODENG,1786186800000,1,65.5871056241417,0,0.0033383776981878,MID
RUNE,1786186800000,-1,-26.80631541122053,0,0.0019099560225672,LOW
SOL,1786186800000,1,-88.93024797772317,0,0.0018695287585697,HIGH
0G,1786187700000,1,85.23716117564923,0,0.0056943026891101,MID
ZEC,1786187700000,-1,64.80406824409437,0,0.0029112179919655,HIGH
SKR,1786189500000,1,25.47159311505153,1,0.004758533489855,MID
DYM,1786189500000,1,-315.27821149751554,0,0.0030170908296456,MID
BNB,1786189500000,1,7.228034875922429,0,0.0010196255138578,HIGH
BABY,1786190400000,1,-467.53753629199485,0,0.005922438531278,LOW
GOAT,1786190400000,1,25.269602737689016,0,0.0022601716945431,LOW
KAITO,1786190400000,-1,115.89736676036976,1,0.0091371238112559,HIGH
RSR,1786190400000,1,-50.28132387706971,0,0.0023609193188743,LOW
KAITO,1786191300000,-1,9.136623706872552,1,0.0091428914646503,HIGH
ZEN,1786191300000,1,33.39828024232928,0,0.0023440315719301,MID
S,1786191300000,1,81.53484380363855,0,0.0028288361418473,LOW
W,1786191300000,1,-50.05882352941188,0,0.0028605844024004,MID
MERL,1786191300000,1,-777.9931148443947,0,0.0033279581685485,MID
NOT,1786191300000,1,-342.94334277620305,0,0.002431617112203,LOW
W,1786192200000,1,32.211267605634404,0,0.0028567361718052,MID
NOT,1786192200000,1,-228.98870056497265,0,0.0024310514510304,LOW
ZK,1786192200000,1,18.470068199039726,0,0.0022199518671235,LOW
KAITO,1786192200000,-1,49.222351166299866,1,0.009142743646592,HIGH
BABY,1786192200000,1,-251.5129960074973,0,0.0060761577951342,LOW
KAITO,1786193100000,-1,114.53369055788356,1,0.0091507091039927,HIGH
XLM,1786193100000,1,-41.901045465596994,0,0.0021532960263671,MID
MERL,1786193100000,1,-409.2145978313644,1,0.0036957217629592,MID
S,1786194000000,1,137.26958719460822,0,0.0034863253760912,LOW
BABY,1786194000000,1,-112.46555054732832,0,0.006258754307615,LOW
MERL,1786194000000,1,-301.32360344919846,1,0.0037481238862364,MID
W,1786194000000,1,20.39181286549816,0,0.0028926226204932,MID
RSR,1786194000000,1,74.33952049497313,0,0.0026647718372985,LOW
PYTH,1786194900000,1,18.20159395115964,0,0.0026465753161739,MID
MERL,1786194900000,1,-210.6898498242632,1,0.0037794543969961,MID
HBAR,1786195800000,1,-30.28710974352929,0,0.00149222425173,MID
BABY,1786195800000,1,116.92475309609684,0,0.0064422940125905,LOW
MERL,1786195800000,1,124.85054532171304,1,0.0042583443767464,MID
MORPHO,1786196700000,1,4.86905886055941,0,0.0018641165714383,HIGH
BNB,1786196700000,1,-58.15535424779911,0,0.0009753835391081,HIGH
XMR,1786197600000,1,52.331861280685686,0,0.0023860166097958,HIGH
MERL,1786197600000,1,227.3243131584376,1,0.0043079290825868,MID
XLM,1786197600000,1,16.356399709653218,0,0.0020414162427591,MID
XPL,1786197600000,1,13.022509672124492,0,0.0027877730221622,HIGH
MERL,1786198500000,1,315.3213920163754,1,0.0043783553955564,MID
MEME,1786198500000,1,-82.52286282306142,0,0.0020539998068033,LOW
kNEIRO,1786198500000,1,-114.71450737005622,0,0.0034287258065308,MID
PNUT,1786198500000,1,149.57628814407187,0,0.0030157092011674,MID
GOAT,1786198500000,1,24.332496121740835,0,0.0023150072468514,LOW
kFLOKI,1786198500000,1,39.81144147534851,0,0.0018526685144017,LOW
AAVE,1786198500000,1,-52.36863007536976,0,0.0021427096480189,HIGH
PENDLE,1786198500000,1,10.525056947608292,0,0.0029616930972588,MID
XLM,1786198500000,1,39.161055230982726,0,0.0020288303698438,MID
ASTER,1786198500000,1,75.25112846364259,0,0.0008735594347224,HIGH
BNB,1786198500000,1,116.25154829358296,0,0.0015645717455645,HIGH
UMA,1786198500000,1,-67.3757899997068,0,0.0013385506506687,LOW
TNSR,1786198500000,1,56.72964476579558,0,0.0022156589771346,LOW
BLUR,1786198500000,1,19.56022123571777,0,0.0016598728167281,LOW
IMX,1786199400000,1,31.69442220443034,0,0.0019185239606552,MID
INIT,1786199400000,1,-74.55939051790824,0,0.0027752255448325,LOW
DOGE,1786199400000,1,42.46478238837763,0,0.0014385441945462,HIGH
ASTER,1786199400000,1,12.78765602644368,0,0.0008746878132937,HIGH
SOL,1786199400000,1,-27.892986499836308,0,0.0016642048715761,HIGH
JTO,1786199400000,1,-224.6545648369779,1,0.0036312754722258,HIGH
AAVE,1786199400000,1,-19.44412287048516,0,0.0020498871463974,HIGH
MEME,1786199400000,1,-22.801980198020285,0,0.002076963451554,LOW
TURBO,1786199400000,1,80.03677342823194,0,0.0034559327709645,LOW
SUI,1786199400000,1,41.47113665937479,0,0.0021582913548235,HIGH
BNB,1786199400000,1,94.98129000492229,0,0.0015703327918451,HIGH
kFLOKI,1786199400000,1,51.69078670593141,0,0.0019601178588943,LOW
XPL,1786200300000,1,17.23320060699645,0,0.002650324458614,HIGH
ICP,1786200300000,1,-342.5729470416708,0,0.002056886458383,HIGH
SUI,1786200300000,1,38.02038200230731,0,0.0021676829301728,HIGH
TNSR,1786200300000,1,62.97549481620953,0,0.0022685371864615,LOW
SOL,1786200300000,1,51.14029397918103,0,0.0017641979582378,HIGH
DOGE,1786200300000,1,17.487777497124306,0,0.0014391224580139,HIGH
PYTH,1786200300000,1,3.082879229501013,0,0.0025483619998816,MID
HBAR,1786200300000,1,13.043012617612623,0,0.0013682112683816,MID
PENDLE,1786200300000,1,10.48474095102919,0,0.0029008921631869,MID
JUP,1786200300000,1,47.85479333477583,0,0.0022514798293883,HIGH
JTO,1786201200000,1,-94.44337085367032,1,0.0036010699445316,HIGH
JUP,1786201200000,1,32.61215129768488,0,0.0022635732921155,HIGH
MEME,1786201200000,1,16.76284584980285,0,0.00206332596838,LOW
MET,1786201200000,1,210.67271878101445,1,0.0046832507694332,MID
SOL,1786201200000,1,15.658420427708496,0,0.0017684419221954,HIGH
ONDO,1786201200000,1,27.459689814167387,0,0.0028981096410477,HIGH
ICP,1786201200000,1,-324.95901485241484,0,0.0019853851375939,HIGH
POPCAT,1786201200000,1,120.76685672911552,0,0.0024646386337976,MID
kNEIRO,1786201200000,1,-148.1737451737446,0,0.0034243215690206,MID
ICP,1786202100000,1,-308.7731088495987,0,0.0019878680836129,HIGH
JUP,1786202100000,1,61.02668675347017,0,0.0022626937038338,HIGH
MORPHO,1786202100000,1,-66.68096878588574,0,0.0018074160750564,HIGH
PUMP,1786203000000,1,-256.48542458808504,1,0.0045589190102118,HIGH
ICP,1786203000000,1,-294.78338001867417,0,0.0020219049452215,HIGH
MERL,1786203000000,1,79.64462809917352,1,0.0066534004211812,MID
MORPHO,1786203000000,1,14.67243619730676,0,0.0018248039313277,HIGH
MEME,1786203000000,1,36.447731755422886,0,0.0020704224453859,LOW
ALT,1786203900000,1,8.810359372363864,0,0.0019858255023578,MID
MET,1786203900000,1,94.35583846995776,1,0.0047834245208783,MID
NOT,1786203900000,1,-142.66480446927412,0,0.0026642696062126,LOW
GOAT,1786203900000,1,-246.59729172799635,0,0.0023682751938581,LOW
POPCAT,1786203900000,1,29.745421286781983,0,0.0025535458377775,MID
MORPHO,1786203900000,1,26.07429520793223,0,0.0018070515948397,HIGH
IOTA,1786204800000,1,-148.17751904556516,0,0.0026401928121411,LOW
MEME,1786204800000,1,94.84735812132888,0,0.0022094563921405,LOW
BERA,1786204800000,1,77.5897419878794,0,0.0027722943247349,LOW
SAND,1786204800000,1,9.22142343637729,0,0.0019655684480911,LOW
XRP,1786204800000,1,17.04390569819596,0,0.001755689610031,HIGH
LAYER,1786204800000,1,107.81046256925562,0,0.0020650045672101,LOW
MOVE,1786205700000,1,92.48851370052536,0,0.0029932746217284,MID
ZORA,1786205700000,1,21.22209800633499,0,0.0020510810550147,LOW
HBAR,1786205700000,1,47.02078227343769,0,0.0014342430160656,MID
GOAT,1786205700000,1,-76.92911502500519,0,0.0026824514301423,LOW
IOTA,1786205700000,1,83.79672038450713,0,0.0031240027038572,LOW
ACE,1786205700000,1,103.10079575596754,0,0.0260054676800902,HIGH
MEME,1786205700000,1,94.08737864077696,0,0.0023353140129798,LOW
PYTH,1786206600000,1,6.088384539648407,0,0.0024878021013944,MID
ACE,1786206600000,1,677.8244846970639,0,0.0266104651314821,HIGH
GOAT,1786206600000,1,82.05117485944811,0,0.0027286411490312,LOW
REZ,1786206600000,1,66.36838262139437,0,0.0026389457019059,LOW
STBL,1786207500000,1,22.2727856225919,0,0.0028407544096337,MID
ICP,1786207500000,1,-233.60893725399328,0,0.0021683697720119,HIGH
IOTA,1786208400000,1,5.640151620726121,0,0.0032307547819434,LOW
MEGA,1786208400000,1,38.33836422150603,0,0.002696109700889,MID
ICP,1786208400000,1,43.59661946094202,0,0.0025062309512427,HIGH
DYM,1786209300000,1,179.5557809330625,1,0.0038899393201901,MID
ICP,1786209300000,1,45.36814031281248,0,0.0026914777577424,HIGH
PUMP,1786209300000,1,59.57822277847235,1,0.0046272818211282,HIGH
TAO,1786209300000,1,9.588750692381288,0,0.0025186279443246,HIGH
AXS,1786209300000,1,-68.93382361048309,0,0.0020298223195212,LOW
CASHCAT,1786209300000,1,-809.8759866690054,1,0.0152576085275531,HIGH
ICP,1786210200000,1,94.81589173254736,0,0.0029220818086587,HIGH
PEOPLE,1786211100000,1,-153.57811239580548,1,0.0042491752711947,HIGH
IOTA,1786211100000,1,141.45746681566754,0,0.0038268888840377,LOW
TNSR,1786212000000,1,15.714909544603106,0,0.0024394666861341,LOW
PEOPLE,1786212900000,1,115.98466419883748,1,0.0043207036301669,HIGH
POL,1786213800000,1,-116.01672806009896,0,0.0009868641158523,HIGH
PENGU,1786213800000,1,90.79396592152597,0,0.0033192418984308,HIGH
MEGA,1786214700000,1,45.02914872474344,0,0.0027303197485413,MID
CC,1786215600000,1,94.13508992053526,0,0.0063830980848662,HIGH
NOT,1786215600000,1,51.0540540540539,0,0.0033473250671334,LOW
PYTH,1786217400000,1,-548.4545454545455,0,0.0023426498902949,MID
CFX,1786219200000,1,29.154340836013617,0,0.002246692594477,LOW
PYTH,1786219200000,1,-380.50196232339056,0,0.0031501476690136,MID
PYTH,1786220100000,1,136.04134650567,0,0.0031715683723498,MID
LTC,1786221000000,1,13.073678265780025,0,0.0008658865746343,HIGH
DASH,1786221000000,1,70.67799297416664,0,0.0027377002396479,MID
POL,1786221900000,1,-73.23854849085505,0,0.0009788898067644,HIGH
JUP,1786222800000,1,14.7476605356565,0,0.0022764493877488,HIGH
PEOPLE,1786222800000,1,37.67173970086676,1,0.0046191118362292,HIGH
XAI,1786222800000,1,340.0079155672821,0,0.0074888218498319,LOW
PEOPLE,1786223700000,1,43.9851213782308,1,0.0046219515739424,HIGH
BSV,1786223700000,1,177.20496595364224,0,0.0034658856295228,LOW
USUAL,1786225500000,1,82.65310492505377,1,0.0051230362853538,MID
SAGA,1786225500000,1,-477.4744744744739,0,0.0120944310660008,LOW
TNSR,1786225500000,1,-141.97467572575636,0,0.0024694850267885,LOW
ARB,1786230000000,-1,18.811649987170064,0,0.0016616603955122,HIGH
RUNE,1786230900000,-1,-152.2878535012925,0,0.0016271387570703,LOW
PUMP,1786230900000,1,103.68855149774303,1,0.0039874931228801,HIGH
TAO,1786231800000,1,-220.48845523611024,0,0.0023452839908013,HIGH
TAO,1786232700000,1,-116.74221699269468,0,0.0026571043432687,HIGH
RUNE,1786233600000,-1,8.354157011771028,0,0.0018783414843451,LOW
SKR,1786233600000,1,180.4978486459116,1,0.0046077394595708,MID
TAO,1786233600000,1,61.7969052224373,0,0.0029700068972616,HIGH
ANIME,1786235400000,1,29.076984763433018,0,0.0015260668950813,LOW
TAO,1786235400000,1,105.48786082966976,0,0.0032167145426434,HIGH
MELANIA,1786236300000,-1,22.198938992043715,0,0.0017149858708652,LOW
IO,1786237200000,-1,86.42002339963241,0,0.002551991859992,MID
ZEN,1786237200000,1,112.23226503420968,0,0.0020967831728648,MID
CHIP,1786238100000,-1,-557.8933371696331,0,0.0022329683913305,MID
TNSR,1786238100000,1,9.210012210011714,0,0.0030420650055167,LOW
WLD,1786238100000,-1,41.185049625746295,0,0.0022797194707672,HIGH
GOAT,1786238100000,1,108.3238318088344,0,0.0031772055951357,LOW
CHIP,1786239000000,-1,24.46534135495708,0,0.0063739519719838,MID
ONDO,1786239000000,-1,31.889420720278792,0,0.0022945838700165,HIGH
DYM,1786239000000,1,186.5424836601298,1,0.0056011290188866,MID
TNSR,1786239000000,1,51.911531421598426,0,0.0030420466918608,LOW
ZEC,1786239900000,1,23.891149304336466,0,0.0022727597864855,HIGH
DYM,1786239900000,1,94.2762645914391,1,0.0056408503156326,MID
WLFI,1786239900000,-1,52.293191656828704,0,0.0015868957233132,MID
YGG,1786239900000,1,-329.5892985519141,0,0.0028365162479478,LOW
DYM,1786240800000,1,183.37532133676004,1,0.005696822574016,MID
TURBO,1786241700000,1,90.34889148191338,0,0.0036549492499613,LOW
RENDER,1786241700000,1,40.426175501645744,0,0.0014670915110417,MID
ANIME,1786241700000,1,-74.25890736341958,0,0.0018481784428856,LOW
YGG,1786243500000,1,-107.01487362444216,0,0.0032921423886611,LOW
SAGA,1786243500000,1,25.835063437140388,0,0.0124304567033866,LOW
BCH,1786244400000,-1,31.471514417478417,0,0.0012438874892625,MID
SAGA,1786244400000,1,100.03377218088129,0,0.0124078440579759,LOW
CELO,1786244400000,1,88.78067095921038,0,0.0038356265348802,LOW
UNI,1786244400000,-1,53.498606536610055,0,0.0019594817760107,HIGH
APT,1786245300000,1,68.77814029363718,0,0.0027462674965772,MID
MERL,1786245300000,1,20.699072206534105,1,0.0089662488656026,MID
GRIFFAIN,1786248000000,1,-64.9815878224413,1,0.0068872837222776,MID
ALGO,1786248000000,-1,30.140877598153523,0,0.0015348240459242,HIGH
DYM,1786248000000,1,271.0599107711917,1,0.0062009059193018,MID
SAGA,1786248000000,1,320.4501347708893,0,0.0128725005722294,LOW
YGG,1786248000000,1,126.37183334153148,0,0.0036479183171052,LOW
kLUNC,1786248000000,1,65.904558147009,0,0.0016215928677355,LOW
CELO,1786248000000,1,27.294512633124043,0,0.0038958532330001,LOW
kLUNC,1786248900000,1,95.02751928736188,0,0.0019033910853106,LOW
DYM,1786248900000,1,258.35656502800265,1,0.0066150130173205,MID
SAGA,1786248900000,1,894.5659229208928,0,0.0141560764493906,LOW
RENDER,1786248900000,1,43.22725917089162,0,0.0017807964140726,MID
APE,1786248900000,1,24.55026061057403,0,0.0018428591772109,LOW
GRIFFAIN,1786248900000,1,53.99294373077512,1,0.006808105210534,MID
SAGA,1786249800000,1,794.8463044542337,0,0.014513164797218,LOW
DYM,1786249800000,1,263.08910891089096,1,0.0066263396640212,MID
DYM,1786250700000,1,411.3814747105424,1,0.0067684297332738,MID
TNSR,1786250700000,1,171.48856799037222,0,0.0036833518505992,LOW
SAGA,1786250700000,1,1317.4062788550314,0,0.0155210906205455,LOW
YGG,1786251600000,1,134.28428481655124,0,0.0037384390675875,LOW
ARB,1786253400000,-1,38.25306175067692,0,0.0017099824448811,HIGH
XLM,1786253400000,-1,11.770139700905778,0,0.0012954868041108,MID
BANANA,1786254300000,1,95.77834030376354,0,0.0024321681141068,MID
GRIFFAIN,1786254300000,1,310.74588316865965,1,0.0069631712578236,MID
POL,1786254300000,1,-11.919914679078728,0,0.0012725877557303,HIGH
MEGA,1786254300000,1,41.70652770158982,0,0.0029538567350476,MID
PEOPLE,1786255200000,1,-519.6475315729035,1,0.0048316158562012,HIGH
PROVE,1786255200000,1,95.96121457987586,0,0.0030379211791853,LOW
POL,1786255200000,1,83.31746357479902,0,0.0014872662127741,HIGH
IO,1786255200000,1,-349.0038986354776,0,0.003057425059725,MID
PEOPLE,1786256100000,1,114.07813693051676,1,0.0048058082442725,HIGH
SNX,1786257000000,1,81.1501756981685,0,0.0021461711456829,MID
YGG,1786257000000,1,80.94493212452704,0,0.0044389268507594,LOW
IO,1786257000000,1,-295.6280247608332,0,0.0032643294841003,MID
kLUNC,1786257000000,1,99.89604155189969,0,0.0027446857471351,LOW
TRB,1786257000000,1,46.58677685950346,0,0.0015859304591096,LOW
BIO,1786257000000,1,84.8995433789962,1,0.0036848506743785,MID
PUMP,1786257900000,1,83.41005498821636,1,0.0051277207341565,HIGH
IO,1786257900000,1,-176.6775015933728,0,0.0033539824322043,MID
PROVE,1786259700000,1,182.1070244196557,0,0.003200236847074,LOW
IO,1786259700000,1,73.08781802330319,0,0.0033866711934774,MID
PYTH,1786259700000,1,96.3377483443708,1,0.0043611344140825,MID
WLFI,1786260600000,1,20.480503483582336,0,0.0019531402890024,MID
PAXG,1786260600000,1,8.257639112255996,0,0.0002768460677073,HIGH
GRAM,1786261500000,-1,11.15375446960677,0,0.0014667395146953,HIGH
LTC,1786263300000,1,32.236386432911175,0,0.0009852987288837,HIGH
CC,1786263300000,1,135.88888888888837,0,0.0077779927223106,HIGH
ENA,1786264200000,-1,38.10137958669623,0,0.0022531451479395,HIGH
PEOPLE,1786264200000,1,36.15624605279749,1,0.0050749235394755,HIGH
ME,1786265100000,1,-248.9016393442629,0,0.0020515548497867,MID
ZEC,1786266000000,1,0.6634980622012008,0,0.0026560348031061,HIGH
AERO,1786266000000,-1,-45.530194088068846,0,0.0017008037541535,HIGH
AVNT,1786266000000,1,137.47850156264985,1,0.0046052845855272,MID
GOAT,1786266000000,1,-500.6336302895313,0,0.0037011175679772,LOW
ZEN,1786266000000,1,-10.264376435299903,0,0.0030651496031154,MID
ME,1786266900000,1,-99.85614480787544,0,0.0023146003333349,MID
AERO,1786266900000,-1,71.7469013151669,0,0.0018205660733714,HIGH
2Z,1786266900000,1,12.102519455598902,0,0.0023420779577721,MID
BOME,1786266900000,1,-1507.5592705167176,1,0.0049153527507002,HIGH
BIGTIME,1786266900000,1,158.31955773065167,0,0.0041987234859189,LOW
GOAT,1786266900000,1,94.93778881302144,0,0.0037946881209573,LOW
SOPH,1786268700000,1,41.54342984409961,0,0.0029724064682475,LOW
DYM,1786268700000,1,315.50961538461496,1,0.0100331732136331,MID
AERO,1786268700000,-1,52.078106452686114,0,0.0018453651979313,HIGH
IO,1786268700000,1,48.59878039246298,1,0.0041325480253462,MID
ZEC,1786269600000,1,90.10986964618206,0,0.0029309981682865,HIGH
SYRUP,1786269600000,-1,8.437798560181372,0,0.0015524996803489,LOW
BOME,1786269600000,1,-1340.2956909361071,1,0.0051623000819906,HIGH
CRV,1786270500000,1,-281.0284474238324,1,0.0035770256269748,HIGH
VIRTUAL,1786270500000,-1,12.813226253510136,0,0.0015896276963186,HIGH
VVV,1786271400000,1,-383.3969359331487,1,0.0036602901052039,HIGH
ALGO,1786271400000,-1,7.233867122539481,0,0.0016743197690904,HIGH
STABLE,1786271400000,-1,-32.484029484029136,0,0.0020008396012229,LOW
PEOPLE,1786271400000,1,61.78136290021175,1,0.0050575920048483,HIGH
VVV,1786272300000,1,51.55490128160773,1,0.0036926674701404,HIGH
CRV,1786273200000,1,-241.00351012370967,1,0.0036105385653759,HIGH
TNSR,1786273200000,1,103.95187165775376,0,0.0052510038297224,LOW
ME,1786273200000,1,183.8148834336868,0,0.0032338117200858,MID
NOT,1786274100000,1,156.57446808510596,0,0.0053064753250268,LOW
ATOM,1786275000000,-1,10.858497447118983,0,0.0016926981339732,MID
BOME,1786275000000,1,-1370.5213675213668,1,0.0057185640602463,HIGH
CRV,1786275000000,1,-116.80042462845078,1,0.0036031318839487,HIGH
HYPE,1786275000000,-1,19.49221068933093,0,0.0018582771031981,HIGH
CRV,1786275900000,1,59.71043771043852,1,0.0037026432063607,HIGH
KAS,1786275900000,-1,15.870060761596193,0,0.0017591991732431,LOW
BOME,1786276800000,1,-1223.196353436186,1,0.0060356644921953,HIGH
PENDLE,1786276800000,-1,29.203761984922487,0,0.0025320342444114,MID
2Z,1786276800000,1,9.047765848127035,0,0.002466393191068,MID
PEOPLE,1786276800000,1,-1261.9395807644898,1,0.0051452835645425,HIGH
VIRTUAL,1786276800000,-1,18.01214430713469,0,0.0015825198690102,HIGH
PUMP,1786278600000,1,-410.6923076923084,1,0.0059272974938988,HIGH
PEOPLE,1786278600000,1,124.36535662299757,1,0.0052334980916336,HIGH
PUMP,1786280400000,1,79.05893323386753,1,0.0065861356992144,HIGH
BOME,1786280400000,1,93.81881051175742,1,0.0058148403376487,HIGH
PUMP,1786281300000,1,82.0906400295968,1,0.0066199458399594,HIGH
WLD,1786281300000,1,-311.72096743233703,0,0.0030125443469473,HIGH
BOME,1786281300000,1,202.19835841313323,1,0.0058636369524167,HIGH
XPL,1786281300000,1,28.957115612598844,0,0.0022898959007436,HIGH
ETHFI,1786282200000,1,2.3499095610523515,0,0.0023709260788027,MID
BTC,1786282200000,1,2.3686745509487217,0,0.0005446859291689,HIGH
ANIME,1786282200000,1,35.446751249519515,0,0.0036571178510576,LOW
XMR,1786283100000,1,-91.56372737774323,0,0.0028873268224696,HIGH
BANANA,1786284000000,1,-59.21755386394852,0,0.0028260845919617,MID
XMR,1786284000000,1,101.23730942154516,1,0.0036062479874289,HIGH
BSV,1786284000000,1,39.76645506181092,0,0.0034442030655827,LOW
LTC,1786284000000,1,17.46840324908945,0,0.0011477942569108,HIGH
PUMP,1786284000000,1,81.34176751008441,1,0.0067148212170528,HIGH
XMR,1786284900000,1,192.996149194046,1,0.0039980492215687,HIGH
BANANA,1786284900000,1,2.629121320967112,0,0.0028394184848112,MID
WLD,1786285800000,1,-14.68224299065362,0,0.003036758105373,HIGH
XMR,1786285800000,1,148.01405573658954,1,0.0042568018380539,HIGH
VINE,1786286700000,1,172.4615686788,1,0.0036936324940603,HIGH
XMR,1786286700000,1,68.07337780473031,1,0.0042599960223515,HIGH
WLD,1786286700000,1,117.26795451004922,0,0.0032750068069328,HIGH
BOME,1786286700000,1,-1640.3477672530448,1,0.0064710345718046,HIGH
WLD,1786287600000,1,70.996098950432,0,0.0033274489091237,HIGH
MON,1786287600000,1,40.6373873873887,0,0.0024914334855179,HIGH
FARTCOIN,1786287600000,1,98.45468108914584,0,0.0027836581353418,HIGH
LIT,1786287600000,1,59.23539373412335,1,0.0035643695898131,HIGH
CRV,1786288500000,1,173.70452215981226,1,0.0041948956897898,HIGH
FARTCOIN,1786288500000,1,74.19714964370642,0,0.0028256745944872,HIGH
BCH,1786288500000,1,9.842269412466226,0,0.0012607035369907,MID
IO,1786288500000,1,50.33539460462424,1,0.0049526930984078,MID
WLD,1786288500000,1,69.47047213741693,0,0.0033208998070522,HIGH
JUP,1786289400000,1,32.33001445318741,0,0.0023024137271512,HIGH
PEOPLE,1786289400000,1,-611.3517506106771,1,0.0065704007189943,HIGH
WLFI,1786289400000,1,-51.40966680534005,0,0.0025228603397794,MID
TRB,1786289400000,1,92.50962223806027,0,0.0019406488946518,LOW
SYRUP,1786289400000,1,69.83131746651125,0,0.002207301594737,LOW
TRUMP,1786290300000,1,47.25125628140737,0,0.0020432889068155,MID
TURBO,1786290300000,1,19.909507445589234,0,0.0042421172005467,LOW
kFLOKI,1786290300000,1,13.30409465691541,0,0.0014920060791833,LOW
FARTCOIN,1786290300000,1,33.808009422850446,0,0.0028973562591051,HIGH
VVV,1786290300000,1,74.23646240027101,1,0.0044205964381018,HIGH
MEME,1786290300000,1,-406.84615384615535,0,0.00360879372986,LOW
JUP,1786290300000,1,86.97018739352625,0,0.0023302459451422,HIGH
PEOPLE,1786290300000,1,53.34126710359944,1,0.0066322451563756,HIGH
MEME,1786291200000,1,-461.0152671755712,0,0.003604510805323,LOW
kPEPE,1786291200000,1,55.600482592209886,0,0.0016925754936474,HIGH
SUSHI,1786291200000,1,-233.8153477218221,0,0.0019586648272547,HIGH
GOAT,1786291200000,1,238.0998937300747,0,0.0051207565393825,LOW
MOODENG,1786291200000,1,8.249156313275614,1,0.0048432507815501,MID
PENGU,1786291200000,1,54.87389582698727,1,0.0037605996965942,HIGH
WIF,1786291200000,1,83.67538006466336,0,0.0023999130875996,MID
VVV,1786291200000,1,113.2986684645204,1,0.0044689273063527,HIGH
TRUMP,1786291200000,1,56.04736911166446,0,0.0021851067506309,MID
BOME,1786292100000,1,180.0065359477112,1,0.0068253300202224,HIGH
PENGU,1786292100000,1,142.40548643381783,1,0.0040618301460753,HIGH
MOODENG,1786292100000,1,57.92211716541578,1,0.0054170176509124,MID
AVNT,1786292100000,1,52.28636444855516,1,0.0047079456635687,MID
SUSHI,1786292100000,1,-114.41563393708358,0,0.0020219285592247,HIGH
TURBO,1786292100000,1,31.168564920272942,0,0.0045391502121736,LOW
